job_id,team_id,job_type,region,energy_kwh,runtime_minutes,selected_start,selected_end,carbon_intensity,carbon_emission_kg,baseline_carbon_emission_kg,carbon_avoided_kg,carbon_reduction_pct,electricity_cost_usd,baseline_cost_usd,cost_difference_usd,cost_reduction_pct,currency,native_cost,baseline_native_cost,cost_saved_native,scheduling_delay_hours,sla_met,tariff_plan,scheduling_method,slot_utilization_pct,demand_predicted,spilled_from_preferred,ml_advisor_used
GS-JOB-000001,operations,DATA_PROCESSING,IN-TG,2.34,47,2026-09-15T17:00:00,2026-09-15T17:47:00,610.0,1.4274,1.42506,0.0,0.0,0.200772,0.2457,0.044928,18.29,INR,16.73,20.48,3.74,2.9,True,ToD,single_greedy,0.0,0.0,False,False
GS-JOB-000002,ml-platform,ETL,IN-GJ,6.016,77,2026-09-15T17:00:00,2026-09-15T18:17:00,686.0,4.126976,4.108928,0.0,0.0,0.288768,0.321254,0.032486,10.11,INR,24.06,26.77,2.71,2.9,True,ToD,single_greedy,0.0,0.0,False,False
GS-JOB-000003,data-engineering,ETL,IN-WB,11.591,104,2026-09-15T14:06:03.520922,2026-09-15T15:50:03.520922,738.0,8.554158,8.554158,0.0,0.0,1.523057,1.523057,0.0,0.0,INR,126.92,126.92,0.0,0.0,True,ToD,single_greedy,0.0,0.0,False,False
GS-JOB-000004,data-engineering,ETL,IN-PB,5.01,100,2026-09-15T17:00:00,2026-09-15T18:40:00,520.0,2.6052,2.51001,0.0,0.0,0.36072,0.54108,0.18036,33.33,INR,30.06,45.09,15.03,2.9,True,ToD,single_greedy,0.0,0.0,False,False
GS-JOB-000005,finance,ETL,US-CA,11.371,82,2026-09-15T16:00:00,2026-09-15T17:22:00,139.0,1.580569,2.854121,1.273552,44.62,1.305618,1.305618,0.0,0.0,USD,1.31,1.31,0.0,1.9,True,ToD,single_greedy,0.0,0.0,False,False
GS-JOB-000006,analytics,REPORT_GENERATION,US-NY,2.91,58,2026-09-15T14:06:03.602436,2026-09-15T15:04:03.602436,321.0,0.93411,0.93411,0.0,0.0,0.60528,0.60528,0.0,0.0,USD,0.61,0.61,0.0,0.0,True,Demand,single_greedy,0.0,0.0,False,False
GS-JOB-000007,finance,BACKUP,US-TX,6.85,82,2026-09-15T15:00:00,2026-09-15T16:22:00,245.0,1.67825,1.71935,0.0411,2.39,0.419193,0.419193,0.0,0.0,USD,0.42,0.42,0.0,0.9,True,Flat,single_greedy,0.0,0.0,False,False
GS-JOB-000008,analytics,REPORT_GENERATION,SE,8.76,175,2026-09-15T14:06:03.686082,2026-09-15T17:01:03.686082,17.0,0.14892,0.14892,0.0,0.0,0.028295,0.028295,0.0,0.0,SEK,0.3,0.3,0.0,0.0,True,Demand,single_greedy,0.0,0.0,False,False
GS-JOB-000009,data-engineering,ETL,AU-SA-Large,11.766,133,2026-09-15T14:06:03.741440,2026-09-15T16:19:03.741440,42.0,0.494172,0.494172,0.0,0.0,0.0,0.0,0.0,0.0,AUD,0.0,0.0,0.0,0.0,True,Demand,single_greedy,0.0,0.0,False,False
GS-JOB-000010,data-engineering,ETL,AU-SA-Small,15.416,113,2026-09-15T14:06:03.766924,2026-09-15T15:59:03.766924,42.0,0.647472,0.647472,0.0,0.0,0.901836,0.901836,0.0,0.0,AUD,1.39,1.39,0.0,0.0,True,ToD,single_greedy,0.0,0.0,False,False
GS-JOB-000011,operations,REPORT_GENERATION,IN-TG,4.59,102,2026-09-15T14:06:03.786575,2026-09-15T15:48:03.786575,609.0,2.79531,2.79531,0.0,0.0,0.48195,0.48195,0.0,0.0,INR,40.16,40.16,0.0,0.0,True,ToD,single_greedy,0.0,0.0,False,False
GS-JOB-000012,data-engineering,ETL,IN-GJ,9.62,156,2026-09-15T20:00:00,2026-09-15T22:36:00,684.0,6.58008,6.57046,0.0,0.0,0.46176,0.513708,0.051948,10.11,INR,38.48,42.81,4.33,5.9,True,ToD,single_greedy,0.0,0.0,False,False
GS-JOB-000013,ml-platform,ETL,IN-WB,15.844,140,2026-09-15T18:00:00,2026-09-15T20:20:00,744.0,11.787936,11.692872,0.0,0.0,0.84607,2.081902,1.235832,59.36,INR,70.51,173.49,102.99,3.9,True,ToD,single_greedy,0.0,0.0,False,False
GS-JOB-000014,analytics,IMAGE_PROCESSING,IN-PB,69.29,246,2026-09-15T17:00:00,2026-09-15T21:06:00,520.0,36.0308,34.71429,0.0,0.0,4.98888,7.48332,2.49444,33.33,INR,415.74,623.61,207.87,2.9,True,ToD,single_greedy,0.0,0.0,False,False
GS-JOB-000015,data-engineering,ETL,US-CA,11.2,105,2026-09-15T19:00:00,2026-09-15T20:45:00,129.0,1.4448,2.8112,1.3664,48.61,1.285984,1.285984,0.0,0.0,USD,1.29,1.29,0.0,4.9,True,ToD,single_greedy,0.0,0.0,False,False
GS-JOB-000016,ml-platform,ANALYTICS,US-NY,1.6,24,2026-09-15T14:06:03.957249,2026-09-15T14:30:03.957249,321.0,0.5136,0.5136,0.0,0.0,0.3328,0.3328,0.0,0.0,USD,0.33,0.33,0.0,0.0,True,Demand,single_greedy,0.0,0.0,False,False
GS-JOB-000017,finance,DATA_PROCESSING,US-TX,2.716,58,2026-09-15T15:00:00,2026-09-15T15:58:00,245.0,0.66542,0.681716,0.016296,2.39,0.166208,0.166208,0.0,0.0,USD,0.17,0.17,0.0,0.9,True,Flat,single_greedy,0.0,0.0,False,False
GS-JOB-000018,operations,DATA_PROCESSING,SE,1.679,44,2026-09-15T14:06:04.035119,2026-09-15T14:50:04.035119,17.0,0.028543,0.028543,0.0,0.0,0.005423,0.005423,0.0,0.0,SEK,0.06,0.06,0.0,0.0,True,Demand,single_greedy,0.0,0.0,False,False
GS-JOB-000019,operations,BACKUP,AU-SA-Large,9.24,126,2026-09-15T14:06:04.102124,2026-09-15T16:12:04.102124,42.0,0.38808,0.38808,0.0,0.0,0.0,0.0,0.0,0.0,AUD,0.0,0.0,0.0,0.0,True,Demand,single_greedy,0.0,0.0,False,False
GS-JOB-000020,operations,REPORT_GENERATION,AU-SA-Small,7.141,116,2026-09-15T14:06:04.125109,2026-09-15T16:02:04.125109,42.0,0.299922,0.299922,0.0,0.0,0.417749,0.417749,0.0,0.0,AUD,0.64,0.64,0.0,0.0,True,ToD,single_greedy,0.0,0.0,False,False
GS-JOB-000022,data-engineering,ETL,IN-GJ,8.8,211,2026-09-15T14:06:04.163379,2026-09-15T17:37:04.163379,683.0,6.0104,6.0104,0.0,0.0,0.46992,0.46992,0.0,0.0,INR,39.16,39.16,0.0,0.0,True,ToD,single_greedy,0.0,0.0,False,False
GS-JOB-000023,ml-platform,ETL,IN-WB,7.134,52,2026-09-15T18:00:00,2026-09-15T18:52:00,744.0,5.307696,5.264892,0.0,0.0,0.380956,0.937408,0.556452,59.36,INR,31.75,78.12,46.37,3.9,True,ToD,single_greedy,0.0,0.0,False,False
GS-JOB-000024,data-engineering,ETL,IN-PB,31.32,216,2026-09-15T14:06:04.246150,2026-09-15T17:42:04.246150,501.0,15.69132,15.69132,0.0,0.0,3.38256,3.38256,0.0,0.0,INR,281.88,281.88,0.0,0.0,True,ToD,single_greedy,0.0,0.0,False,False
GS-JOB-000025,operations,DATA_PROCESSING,US-CA,2.754,61,2026-09-15T19:00:00,2026-09-15T20:01:00,129.0,0.355266,0.691254,0.335988,48.61,0.316214,0.316214,0.0,0.0,USD,0.32,0.32,0.0,4.9,True,ToD,single_greedy,0.0,0.0,False,False
GS-JOB-000026,operations,ETL,US-NY,7.821,142,2026-09-15T14:06:04.335581,2026-09-15T16:28:04.335581,321.0,2.510541,2.510541,0.0,0.0,1.626768,1.626768,0.0,0.0,USD,1.63,1.63,0.0,0.0,True,Demand,single_greedy,0.0,0.0,False,False
GS-JOB-000027,analytics,ETL,US-TX,6.741,64,2026-09-15T15:00:00,2026-09-15T16:04:00,245.0,1.651545,1.691991,0.040446,2.39,0.412522,0.412522,0.0,0.0,USD,0.41,0.41,0.0,0.9,True,Flat,single_greedy,0.0,0.0,False,False
GS-JOB-000028,operations,DATA_PROCESSING,SE,1.798,37,2026-09-15T14:06:04.372682,2026-09-15T14:43:04.372682,17.0,0.030566,0.030566,0.0,0.0,0.005808,0.005808,0.0,0.0,SEK,0.06,0.06,0.0,0.0,True,Demand,single_greedy,0.0,0.0,False,False
GS-JOB-000029,data-engineering,ETL,AU-SA-Large,6.882,133,2026-09-15T14:06:04.418786,2026-09-15T16:19:04.418786,42.0,0.289044,0.289044,0.0,0.0,0.0,0.0,0.0,0.0,AUD,0.0,0.0,0.0,0.0,True,Demand,single_greedy,0.0,0.0,False,False
GS-JOB-000030,ml-platform,ANALYTICS,AU-SA-Small,2.387,46,2026-09-15T14:06:04.436833,2026-09-15T14:52:04.436833,42.0,0.100254,0.100254,0.0,0.0,0.139639,0.139639,0.0,0.0,AUD,0.21,0.21,0.0,0.0,True,ToD,single_greedy,0.0,0.0,False,False
GS-JOB-000031,operations,BACKUP,IN-TG,3.534,56,2026-09-15T14:06:04.456141,2026-09-15T15:02:04.456141,609.0,2.152206,2.152206,0.0,0.0,0.37107,0.37107,0.0,0.0,INR,30.92,30.92,0.0,0.0,True,ToD,single_greedy,0.0,0.0,False,False
GS-JOB-000032,ml-platform,ANALYTICS,IN-GJ,2.728,53,2026-09-15T14:06:04.473169,2026-09-15T14:59:04.473169,683.0,1.863224,1.863224,0.0,0.0,0.145675,0.145675,0.0,0.0,INR,12.14,12.14,0.0,0.0,True,ToD,single_greedy,0.0,0.0,False,False
GS-JOB-000033,data-engineering,ETL,IN-WB,4.75,114,2026-09-15T18:00:00,2026-09-15T19:54:00,744.0,3.534,3.5055,0.0,0.0,0.25365,0.62415,0.3705,59.36,INR,21.14,52.01,30.88,3.9,True,ToD,single_greedy,0.0,0.0,False,False
GS-JOB-000034,finance,DATA_PROCESSING,IN-PB,2.356,37,2026-09-15T17:00:00,2026-09-15T17:37:00,520.0,1.22512,1.180356,0.0,0.0,0.169632,0.254448,0.084816,33.33,INR,14.14,21.2,7.07,2.9,True,ToD,single_greedy,0.0,0.0,False,False
GS-JOB-000035,finance,ETL,US-CA,18.473,226,2026-09-15T19:00:00,2026-09-15T22:46:00,129.0,2.383017,4.636723,2.253706,48.61,2.12107,2.12107,0.0,0.0,USD,2.12,2.12,0.0,4.9,True,ToD,single_greedy,0.0,0.0,False,False
GS-JOB-000037,finance,DATA_PROCESSING,US-TX,1.462,26,2026-09-15T15:00:00,2026-09-15T15:26:00,245.0,0.35819,0.366962,0.008772,2.39,0.089469,0.089469,0.0,0.0,USD,0.09,0.09,0.0,0.9,True,Flat,single_greedy,0.0,0.0,False,False
GS-JOB-000038,ml-platform,ML_TRAINING,SE,133.56,445,2026-09-15T14:06:04.633966,2026-09-15T21:31:04.633966,17.0,2.27052,2.27052,0.0,0.0,0.431399,0.431399,0.0,0.0,SEK,4.54,4.54,0.0,0.0,True,Demand,single_greedy,0.0,0.0,False,False
GS-JOB-000039,operations,DATA_PROCESSING,AU-SA-Large,1.292,41,2026-09-15T14:06:04.654922,2026-09-15T14:47:04.654922,42.0,0.054264,0.054264,0.0,0.0,0.0,0.0,0.0,0.0,AUD,0.0,0.0,0.0,0.0,True,Demand,single_greedy,0.0,0.0,False,False
GS-JOB-000040,ml-platform,ML_TRAINING,AU-SA-Small,114.68,282,2026-09-15T14:06:04.700696,2026-09-15T18:48:04.700696,42.0,4.81656,4.81656,0.0,0.0,6.70878,6.70878,0.0,0.0,AUD,10.32,10.32,0.0,0.0,True,ToD,single_greedy,0.0,0.0,False,False
GS-JOB-000042,operations,REPORT_GENERATION,IN-GJ,1.68,36,2026-09-15T17:00:00,2026-09-15T17:36:00,686.0,1.15248,1.14744,0.0,0.0,0.08064,0.089712,0.009072,10.11,INR,6.72,7.48,0.76,2.9,True,ToD,single_greedy,0.0,0.0,False,False
GS-JOB-000043,finance,REPORT_GENERATION,IN-WB,2.914,37,2026-09-15T14:06:04.762820,2026-09-15T14:43:04.762820,738.0,2.150532,2.150532,0.0,0.0,0.3829,0.3829,0.0,0.0,INR,31.91,31.91,0.0,0.0,True,ToD,single_greedy,0.0,0.0,False,False
GS-JOB-000044,analytics,DATA_PROCESSING,IN-PB,4.352,77,2026-09-15T17:00:00,2026-09-15T18:17:00,520.0,2.26304,2.180352,0.0,0.0,0.313344,0.470016,0.156672,33.33,INR,26.11,39.17,13.06,2.9,True,ToD,single_greedy,0.0,0.0,False,False
GS-JOB-000045,finance,ETL,US-CA,14.0,150,2026-09-15T17:00:00,2026-09-15T19:30:00,134.0,1.876,3.514,1.638,46.61,1.60748,1.60748,0.0,0.0,USD,1.61,1.61,0.0,2.9,True,ToD,single_greedy,0.0,0.0,False,False
GS-JOB-000046,finance,REPORT_GENERATION,US-NY,6.148,127,2026-09-15T14:06:04.837665,2026-09-15T16:13:04.837665,321.0,1.973508,1.973508,0.0,0.0,1.278784,1.278784,0.0,0.0,USD,1.28,1.28,0.0,0.0,True,Demand,single_greedy,0.0,0.0,False,False
GS-JOB-000047,operations,ANALYTICS,US-TX,3.096,43,2026-09-15T14:06:04.854186,2026-09-15T14:49:04.854186,251.0,0.777096,0.777096,0.0,0.0,0.189463,0.189463,0.0,0.0,USD,0.19,0.19,0.0,0.0,True,Flat,single_greedy,0.0,0.0,False,False
GS-JOB-000048,operations,DATA_PROCESSING,SE,1.995,57,2026-09-15T14:06:04.883155,2026-09-15T15:03:04.883155,17.0,0.033915,0.033915,0.0,0.0,0.006444,0.006444,0.0,0.0,SEK,0.07,0.07,0.0,0.0,True,Demand,single_greedy,0.0,0.0,False,False
GS-JOB-000049,analytics,IMAGE_PROCESSING,AU-SA-Large,28.696,253,2026-09-15T14:06:04.932801,2026-09-15T18:19:04.932801,42.0,1.205232,1.205232,0.0,0.0,0.0,0.0,0.0,0.0,AUD,0.0,0.0,0.0,0.0,True,Demand,single_greedy,0.0,0.0,False,False
GS-JOB-000050,data-engineering,ETL,AU-SA-Small,18.05,114,2026-09-15T14:06:04.958572,2026-09-15T16:00:04.958572,42.0,0.7581,0.7581,0.0,0.0,1.055925,1.055925,0.0,0.0,AUD,1.62,1.62,0.0,0.0,True,ToD,single_greedy,0.0,0.0,False,False
GS-JOB-000051,operations,BACKUP,IN-TG,3.04,57,2026-09-15T17:00:00,2026-09-15T17:57:00,610.0,1.8544,1.85136,0.0,0.0,0.260832,0.3192,0.058368,18.29,INR,21.74,26.6,4.86,2.9,True,ToD,single_greedy,0.0,0.0,False,False
GS-JOB-000052,ml-platform,ANALYTICS,IN-GJ,3.885,63,2026-09-15T14:06:04.995357,2026-09-15T15:09:04.995357,683.0,2.653455,2.653455,0.0,0.0,0.207459,0.207459,0.0,0.0,INR,17.29,17.29,0.0,0.0,True,ToD,single_greedy,0.0,0.0,False,False
GS-JOB-000053,data-engineering,ETL,IN-WB,5.159,46,2026-09-15T14:06:05.011798,2026-09-15T14:52:05.011798,738.0,3.807342,3.807342,0.0,0.0,0.677893,0.677893,0.0,0.0,INR,56.49,56.49,0.0,0.0,True,ToD,single_greedy,0.0,0.0,False,False
GS-JOB-000054,operations,BACKUP,IN-PB,7.452,65,2026-09-15T17:00:00,2026-09-15T18:05:00,520.0,3.87504,3.733452,0.0,0.0,0.536544,0.804816,0.268272,33.33,INR,44.71,67.07,22.36,2.9,True,ToD,single_greedy,0.0,0.0,False,False
GS-JOB-000055,finance,REPORT_GENERATION,US-CA,4.408,139,2026-09-15T14:06:05.049793,2026-09-15T16:25:05.049793,251.0,1.106408,1.106408,0.0,0.0,0.506127,0.506127,0.0,0.0,USD,0.51,0.51,0.0,0.0,True,ToD,single_greedy,0.0,0.0,False,False
GS-JOB-000056,finance,ETL,US-NY,30.4,228,2026-09-15T14:06:05.084185,2026-09-15T17:54:05.084185,321.0,9.7584,9.7584,0.0,0.0,6.3232,6.3232,0.0,0.0,USD,6.32,6.32,0.0,0.0,True,Demand,single_greedy,0.0,0.0,False,False
GS-JOB-000057,operations,BACKUP,US-TX,4.515,63,2026-09-15T15:00:00,2026-09-15T16:03:00,245.0,1.106175,1.133265,0.02709,2.39,0.2763,0.2763,0.0,0.0,USD,0.28,0.28,0.0,0.9,True,Flat,single_greedy,0.0,0.0,False,False
GS-JOB-000058,data-engineering,ETL,SE,13.871,86,2026-09-15T14:06:05.150921,2026-09-15T15:32:05.150921,17.0,0.235807,0.235807,0.0,0.0,0.044803,0.044803,0.0,0.0,SEK,0.47,0.47,0.0,0.0,True,Demand,single_greedy,0.0,0.0,False,False
GS-JOB-000059,operations,DATA_PROCESSING,AU-SA-Large,1.989,70,2026-09-15T14:06:05.173694,2026-09-15T15:16:05.173694,42.0,0.083538,0.083538,0.0,0.0,0.0,0.0,0.0,0.0,AUD,0.0,0.0,0.0,0.0,True,Demand,single_greedy,0.0,0.0,False,False
GS-JOB-000060,finance,ETL,AU-SA-Small,10.738,109,2026-09-15T14:06:05.241578,2026-09-15T15:55:05.241578,42.0,0.450996,0.450996,0.0,0.0,0.628173,0.628173,0.0,0.0,AUD,0.97,0.97,0.0,0.0,True,ToD,single_greedy,0.0,0.0,False,False
GS-JOB-000061,data-engineering,ETL,IN-TG,26.66,186,2026-09-15T17:00:00,2026-09-15T20:06:00,610.0,16.2626,16.23594,0.0,0.0,2.287428,2.7993,0.511872,18.29,INR,190.62,233.28,42.66,2.9,True,ToD,single_greedy,0.0,0.0,False,False
GS-JOB-000062,finance,REPORT_GENERATION,IN-GJ,4.342,100,2026-09-15T20:00:00,2026-09-15T21:40:00,684.0,2.969928,2.965586,0.0,0.0,0.208416,0.231863,0.023447,10.11,INR,17.37,19.32,1.95,5.9,True,ToD,single_greedy,0.0,0.0,False,False
GS-JOB-000063,analytics,ETL,IN-WB,1.219,32,2026-09-15T18:00:00,2026-09-15T18:32:00,744.0,0.906936,0.899622,0.0,0.0,0.065095,0.160177,0.095082,59.36,INR,5.42,13.35,7.92,3.9,True,ToD,single_greedy,0.0,0.0,False,False
GS-JOB-000065,finance,REPORT_GENERATION,US-CA,3.132,52,2026-09-15T19:00:00,2026-09-15T19:52:00,129.0,0.404028,0.786132,0.382104,48.61,0.359616,0.359616,0.0,0.0,USD,0.36,0.36,0.0,4.9,True,ToD,single_greedy,0.0,0.0,False,False
GS-JOB-000066,ml-platform,REPORT_GENERATION,US-NY,9.695,166,2026-09-15T14:06:05.466598,2026-09-15T16:52:05.466598,321.0,3.112095,3.112095,0.0,0.0,2.01656,2.01656,0.0,0.0,USD,2.02,2.02,0.0,0.0,True,Demand,single_greedy,0.0,0.0,False,False
GS-JOB-000067,finance,BACKUP,US-TX,4.334,118,2026-09-15T15:00:00,2026-09-15T16:58:00,245.0,1.06183,1.087834,0.026004,2.39,0.265223,0.265223,0.0,0.0,USD,0.27,0.27,0.0,0.9,True,Flat,single_greedy,0.0,0.0,False,False
GS-JOB-000068,finance,REPORT_GENERATION,SE,2.726,35,2026-09-15T14:06:05.525093,2026-09-15T14:41:05.525093,17.0,0.046342,0.046342,0.0,0.0,0.008805,0.008805,0.0,0.0,SEK,0.09,0.09,0.0,0.0,True,Demand,single_greedy,0.0,0.0,False,False
GS-JOB-000069,analytics,IMAGE_PROCESSING,AU-SA-Large,22.506,218,2026-09-15T14:06:05.569170,2026-09-15T17:44:05.569170,42.0,0.945252,0.945252,0.0,0.0,0.0,0.0,0.0,0.0,AUD,0.0,0.0,0.0,0.0,True,Demand,single_greedy,0.0,0.0,False,False
GS-JOB-000070,data-engineering,ETL,AU-SA-Small,11.76,84,2026-09-15T14:06:05.625863,2026-09-15T15:30:05.625863,42.0,0.49392,0.49392,0.0,0.0,0.68796,0.68796,0.0,0.0,AUD,1.06,1.06,0.0,0.0,True,ToD,single_greedy,0.0,0.0,False,False
GS-JOB-000071,operations,BACKUP,IN-TG,11.583,178,2026-09-15T14:06:05.645214,2026-09-15T17:04:05.645214,609.0,7.054047,7.054047,0.0,0.0,1.216215,1.216215,0.0,0.0,INR,101.35,101.35,0.0,0.0,True,ToD,single_greedy,0.0,0.0,False,False
GS-JOB-000072,operations,ETL,IN-GJ,7.298,107,2026-09-15T17:00:00,2026-09-15T18:47:00,686.0,5.006428,4.984534,0.0,0.0,0.350304,0.389713,0.039409,10.11,INR,29.19,32.48,3.28,2.9,True,ToD,single_greedy,0.0,0.0,False,False
GS-JOB-000073,finance,ANALYTICS,IN-WB,4.462,58,2026-09-15T14:06:05.687610,2026-09-15T15:04:05.687610,738.0,3.292956,3.292956,0.0,0.0,0.586307,0.586307,0.0,0.0,INR,48.86,48.86,0.0,0.0,True,ToD,single_greedy,0.0,0.0,False,False
GS-JOB-000074,finance,DATA_PROCESSING,IN-PB,4.2,84,2026-09-15T17:00:00,2026-09-15T18:24:00,520.0,2.184,2.1042,0.0,0.0,0.3024,0.4536,0.1512,33.33,INR,25.2,37.8,12.6,2.9,True,ToD,single_greedy,0.0,0.0,False,False
GS-JOB-000075,analytics,DATA_PROCESSING,US-CA,1.995,34,2026-09-15T15:00:00,2026-09-15T15:34:00,164.0,0.32718,0.500745,0.173565,34.66,0.229066,0.229066,0.0,0.0,USD,0.23,0.23,0.0,0.9,True,ToD,single_greedy,0.0,0.0,False,False
GS-JOB-000076,analytics,DATA_PROCESSING,US-NY,2.266,62,2026-09-15T14:06:05.814207,2026-09-15T15:08:05.814207,321.0,0.727386,0.727386,0.0,0.0,0.471328,0.471328,0.0,0.0,USD,0.47,0.47,0.0,0.0,True,Demand,single_greedy,0.0,0.0,False,False
GS-JOB-000077,ml-platform,ML_TRAINING,US-TX,280.105,453,2026-09-15T15:00:00,2026-09-15T22:33:00,245.0,68.625725,70.306355,1.68063,2.39,17.141306,17.141306,0.0,0.0,USD,17.14,17.14,0.0,0.9,True,Flat,single_greedy,0.0,0.0,False,False
GS-JOB-000078,operations,BACKUP,SE,8.316,79,2026-09-15T14:06:05.880606,2026-09-15T15:25:05.880606,17.0,0.141372,0.141372,0.0,0.0,0.026861,0.026861,0.0,0.0,SEK,0.28,0.28,0.0,0.0,True,Demand,single_greedy,0.0,0.0,False,False
GS-JOB-000079,operations,DATA_PROCESSING,AU-SA-Large,1.87,51,2026-09-15T14:06:05.927158,2026-09-15T14:57:05.927158,42.0,0.07854,0.07854,0.0,0.0,0.0,0.0,0.0,0.0,AUD,0.0,0.0,0.0,0.0,True,Demand,single_greedy,0.0,0.0,False,False
GS-JOB-000080,analytics,IMAGE_PROCESSING,AU-SA-Small,12.573,76,2026-09-15T14:06:05.948135,2026-09-15T15:22:05.948135,42.0,0.528066,0.528066,0.0,0.0,0.735521,0.735521,0.0,0.0,AUD,1.13,1.13,0.0,0.0,True,ToD,single_greedy,0.0,0.0,False,False
GS-JOB-000081,analytics,ETL,IN-TG,19.278,214,2026-09-15T14:06:05.965757,2026-09-15T17:40:05.965757,609.0,11.740302,11.740302,0.0,0.0,2.02419,2.02419,0.0,0.0,INR,168.68,168.68,0.0,0.0,True,ToD,single_greedy,0.0,0.0,False,False
GS-JOB-000083,data-engineering,ETL,IN-WB,15.416,113,2026-09-15T14:06:06.002062,2026-09-15T15:59:06.002062,738.0,11.377008,11.377008,0.0,0.0,2.025662,2.025662,0.0,0.0,INR,168.81,168.81,0.0,0.0,True,ToD,single_greedy,0.0,0.0,False,False
GS-JOB-000084,ml-platform,REPORT_GENERATION,IN-PB,5.082,145,2026-09-15T14:06:06.019677,2026-09-15T16:31:06.019677,501.0,2.546082,2.546082,0.0,0.0,0.548856,0.548856,0.0,0.0,INR,45.74,45.74,0.0,0.0,True,ToD,single_greedy,0.0,0.0,False,False
GS-JOB-000085,data-engineering,DATA_PROCESSING,US-CA,1.8,36,2026-09-15T19:00:00,2026-09-15T19:36:00,129.0,0.2322,0.4518,0.2196,48.61,0.206676,0.206676,0.0,0.0,USD,0.21,0.21,0.0,4.9,True,ToD,single_greedy,0.0,0.0,False,False
GS-JOB-000086,analytics,BACKUP,US-NY,4.312,46,2026-09-15T14:06:06.093775,2026-09-15T14:52:06.093775,321.0,1.384152,1.384152,0.0,0.0,0.896896,0.896896,0.0,0.0,USD,0.9,0.9,0.0,0.0,True,Demand,single_greedy,0.0,0.0,False,False
GS-JOB-000087,data-engineering,ETL,US-TX,21.708,161,2026-09-15T15:00:00,2026-09-15T17:41:00,245.0,5.31846,5.448708,0.130248,2.39,1.328443,1.328443,0.0,0.0,USD,1.33,1.33,0.0,0.9,True,Flat,single_greedy,0.0,0.0,False,False
GS-JOB-000088,data-engineering,ETL,SE,22.032,163,2026-09-15T14:06:06.139613,2026-09-15T16:49:06.139613,17.0,0.374544,0.374544,0.0,0.0,0.071163,0.071163,0.0,0.0,SEK,0.75,0.75,0.0,0.0,True,Demand,single_greedy,0.0,0.0,False,False
GS-JOB-000089,finance,REPORT_GENERATION,AU-SA-Large,7.112,76,2026-09-15T14:06:06.156643,2026-09-15T15:22:06.156643,42.0,0.298704,0.298704,0.0,0.0,0.0,0.0,0.0,0.0,AUD,0.0,0.0,0.0,0.0,True,Demand,single_greedy,0.0,0.0,False,False
GS-JOB-000091,ml-platform,ML_TRAINING,IN-TG,252.0,504,2026-09-15T17:00:00,2026-09-16T01:24:00,610.0,153.72,153.468,0.0,0.0,21.6216,26.46,4.8384,18.29,INR,1801.8,2205.0,403.2,2.9,True,ToD,single_greedy,0.0,0.0,False,False
GS-JOB-000092,operations,BACKUP,IN-GJ,5.304,61,2026-09-15T20:00:00,2026-09-15T21:01:00,684.0,3.627936,3.622632,0.0,0.0,0.254592,0.283234,0.028642,10.11,INR,21.22,23.6,2.39,5.9,True,ToD,single_greedy,0.0,0.0,False,False
GS-JOB-000093,finance,BACKUP,IN-WB,7.296,115,2026-09-15T18:00:00,2026-09-15T19:55:00,744.0,5.428224,5.384448,0.0,0.0,0.389606,0.958694,0.569088,59.36,INR,32.47,79.89,47.42,3.9,True,ToD,single_greedy,0.0,0.0,False,False
GS-JOB-000094,analytics,IMAGE_PROCESSING,IN-PB,24.335,94,2026-09-15T17:00:00,2026-09-15T18:34:00,520.0,12.6542,12.191835,0.0,0.0,1.75212,2.62818,0.87606,33.33,INR,146.01,219.01,73.0,2.9,True,ToD,single_greedy,0.0,0.0,False,False
GS-JOB-000095,analytics,ETL,US-CA,25.198,176,2026-09-15T18:00:00,2026-09-15T20:56:00,130.0,3.27574,6.324698,3.048958,48.21,2.893234,2.893234,0.0,0.0,USD,2.89,2.89,0.0,3.9,True,ToD,single_greedy,0.0,0.0,False,False
GS-JOB-000096,operations,ML_TRAINING,US-NY,225.225,429,2026-09-15T14:06:06.425422,2026-09-15T21:15:06.425422,321.0,72.297225,72.297225,0.0,0.0,46.8468,46.8468,0.0,0.0,USD,46.85,46.85,0.0,0.0,True,Demand,single_greedy,0.0,0.0,False,False
GS-JOB-000097,ml-platform,ETL,US-TX,15.675,99,2026-09-15T15:00:00,2026-09-15T16:39:00,245.0,3.840375,3.934425,0.09405,2.39,0.959247,0.959247,0.0,0.0,USD,0.96,0.96,0.0,0.9,True,Flat,single_greedy,0.0,0.0,False,False
GS-JOB-000098,operations,DATA_PROCESSING,SE,1.4,24,2026-09-15T14:06:06.484972,2026-09-15T14:30:06.484972,17.0,0.0238,0.0238,0.0,0.0,0.004522,0.004522,0.0,0.0,SEK,0.05,0.05,0.0,0.0,True,Demand,single_greedy,0.0,0.0,False,False
GS-JOB-000099,data-engineering,ETL,AU-SA-Large,10.65,128,2026-09-15T14:06:06.504327,2026-09-15T16:14:06.504327,42.0,0.4473,0.4473,0.0,0.0,0.0,0.0,0.0,0.0,AUD,0.0,0.0,0.0,0.0,True,Demand,single_greedy,0.0,0.0,False,False
GS-JOB-000100,operations,DATA_PROCESSING,AU-SA-Small,2.318,73,2026-09-15T14:06:06.571946,2026-09-15T15:19:06.571946,42.0,0.097356,0.097356,0.0,0.0,0.135603,0.135603,0.0,0.0,AUD,0.21,0.21,0.0,0.0,True,ToD,single_greedy,0.0,0.0,False,False
GS-JOB-000101,operations,DATA_PROCESSING,IN-TG,3.045,63,2026-09-15T17:00:00,2026-09-15T18:03:00,610.0,1.85745,1.854405,0.0,0.0,0.261261,0.319725,0.058464,18.29,INR,21.77,26.64,4.87,2.9,True,ToD,single_greedy,0.0,0.0,False,False
GS-JOB-000102,ml-platform,ANALYTICS,IN-GJ,4.559,58,2026-09-15T14:06:06.638085,2026-09-15T15:04:06.638085,683.0,3.113797,3.113797,0.0,0.0,0.243451,0.243451,0.0,0.0,INR,20.29,20.29,0.0,0.0,True,ToD,single_greedy,0.0,0.0,False,False
GS-JOB-000103,data-engineering,ETL,IN-WB,7.75,93,2026-09-15T18:00:00,2026-09-15T19:33:00,744.0,5.766,5.7195,0.0,0.0,0.41385,1.01835,0.6045,59.36,INR,34.49,84.86,50.38,3.9,True,ToD,single_greedy,0.0,0.0,False,False
GS-JOB-000104,finance,DATA_PROCESSING,IN-PB,0.731,26,2026-09-15T14:06:06.695012,2026-09-15T14:32:06.695012,501.0,0.366231,0.366231,0.0,0.0,0.078948,0.078948,0.0,0.0,INR,6.58,6.58,0.0,0.0,True,ToD,single_greedy,0.0,0.0,False,False
GS-JOB-000105,ml-platform,ML_TRAINING,US-CA,204.876,325,2026-09-15T19:00:00,2026-09-16T00:25:00,129.0,26.429004,51.423876,24.994872,48.61,23.523862,23.523862,0.0,0.0,USD,23.52,23.52,0.0,4.9,True,ToD,single_greedy,0.0,0.0,False,False
GS-JOB-000106,operations,DATA_PROCESSING,US-NY,2.744,59,2026-09-15T14:06:06.775708,2026-09-15T15:05:06.775708,321.0,0.880824,0.880824,0.0,0.0,0.570752,0.570752,0.0,0.0,USD,0.57,0.57,0.0,0.0,True,Demand,single_greedy,0.0,0.0,False,False
GS-JOB-000107,operations,REPORT_GENERATION,US-TX,8.745,159,2026-09-15T15:00:00,2026-09-15T17:39:00,245.0,2.142525,2.194995,0.05247,2.39,0.535159,0.535159,0.0,0.0,USD,0.54,0.54,0.0,0.9,True,Flat,single_greedy,0.0,0.0,False,False
GS-JOB-000108,finance,BACKUP,SE,17.889,160,2026-09-15T14:06:06.875711,2026-09-15T16:46:06.875711,17.0,0.304113,0.304113,0.0,0.0,0.057781,0.057781,0.0,0.0,SEK,0.61,0.61,0.0,0.0,True,Demand,single_greedy,0.0,0.0,False,False
GS-JOB-000109,data-engineering,ETL,AU-SA-Large,21.85,138,2026-09-15T14:06:06.907804,2026-09-15T16:24:06.907804,42.0,0.9177,0.9177,0.0,0.0,0.0,0.0,0.0,0.0,AUD,0.0,0.0,0.0,0.0,True,Demand,single_greedy,0.0,0.0,False,False
GS-JOB-000110,finance,REPORT_GENERATION,AU-SA-Small,6.248,85,2026-09-15T14:06:06.956284,2026-09-15T15:31:06.956284,42.0,0.262416,0.262416,0.0,0.0,0.365508,0.365508,0.0,0.0,AUD,0.56,0.56,0.0,0.0,True,ToD,single_greedy,0.0,0.0,False,False
GS-JOB-000111,operations,ML_TRAINING,IN-TG,157.563,256,2026-09-15T14:06:06.980291,2026-09-15T18:22:06.980291,609.0,95.955867,95.955867,0.0,0.0,16.544115,16.544115,0.0,0.0,INR,1378.68,1378.68,0.0,0.0,True,ToD,single_greedy,0.0,0.0,False,False
GS-JOB-000112,operations,BACKUP,IN-GJ,9.758,172,2026-09-15T17:00:00,2026-09-15T19:52:00,686.0,6.693988,6.664714,0.0,0.0,0.468384,0.521077,0.052693,10.11,INR,39.03,43.42,4.39,2.9,True,ToD,single_greedy,0.0,0.0,False,False
GS-JOB-000113,ml-platform,ANALYTICS,IN-WB,1.824,23,2026-09-15T14:06:07.020546,2026-09-15T14:29:07.020546,738.0,1.346112,1.346112,0.0,0.0,0.239674,0.239674,0.0,0.0,INR,19.97,19.97,0.0,0.0,True,ToD,single_greedy,0.0,0.0,False,False
GS-JOB-000114,analytics,ETL,IN-PB,4.032,38,2026-09-15T17:00:00,2026-09-15T17:38:00,520.0,2.09664,2.020032,0.0,0.0,0.290304,0.435456,0.145152,33.33,INR,24.19,36.29,12.1,2.9,True,ToD,single_greedy,0.0,0.0,False,False
GS-JOB-000115,analytics,ML_TRAINING,US-CA,85.54,282,2026-09-15T19:00:00,2026-09-15T23:42:00,129.0,11.03466,21.47054,10.43588,48.61,9.821703,9.821703,0.0,0.0,USD,9.82,9.82,0.0,4.9,True,ToD,single_greedy,0.0,0.0,False,False
GS-JOB-000116,ml-platform,ANALYTICS,US-NY,2.418,56,2026-09-15T14:06:07.105624,2026-09-15T15:02:07.105624,321.0,0.776178,0.776178,0.0,0.0,0.502944,0.502944,0.0,0.0,USD,0.5,0.5,0.0,0.0,True,Demand,single_greedy,0.0,0.0,False,False
GS-JOB-000117,finance,REPORT_GENERATION,US-TX,15.675,171,2026-09-15T15:00:00,2026-09-15T17:51:00,245.0,3.840375,3.934425,0.09405,2.39,0.959247,0.959247,0.0,0.0,USD,0.96,0.96,0.0,0.9,True,Flat,single_greedy,0.0,0.0,False,False
GS-JOB-000118,analytics,DATA_PROCESSING,SE,0.903,26,2026-09-15T14:06:07.164655,2026-09-15T14:32:07.164655,17.0,0.015351,0.015351,0.0,0.0,0.002917,0.002917,0.0,0.0,SEK,0.03,0.03,0.0,0.0,True,Demand,single_greedy,0.0,0.0,False,False
GS-JOB-000119,operations,DATA_PROCESSING,AU-SA-Large,1.825,44,2026-09-15T14:06:07.225460,2026-09-15T14:50:07.225460,42.0,0.07665,0.07665,0.0,0.0,0.0,0.0,0.0,0.0,AUD,0.0,0.0,0.0,0.0,True,Demand,single_greedy,0.0,0.0,False,False
GS-JOB-000120,operations,REPORT_GENERATION,AU-SA-Small,7.014,100,2026-09-15T14:06:07.244576,2026-09-15T15:46:07.244576,42.0,0.294588,0.294588,0.0,0.0,0.410319,0.410319,0.0,0.0,AUD,0.63,0.63,0.0,0.0,True,ToD,single_greedy,0.0,0.0,False,False
GS-JOB-000121,ml-platform,ML_TRAINING,IN-TG,106.72,400,2026-09-15T17:00:00,2026-09-15T23:40:00,610.0,65.0992,64.99248,0.0,0.0,9.156576,11.2056,2.049024,18.29,INR,763.05,933.8,170.75,2.9,True,ToD,single_greedy,0.0,0.0,False,False
GS-JOB-000122,operations,DATA_PROCESSING,IN-GJ,1.302,25,2026-09-15T15:00:00,2026-09-15T15:25:00,682.0,0.887964,0.889266,0.001302,0.15,0.069527,0.069527,0.0,0.0,INR,5.79,5.79,0.0,0.9,True,ToD,single_greedy,0.0,0.0,False,False
GS-JOB-000123,data-engineering,ETL,IN-WB,8.19,109,2026-09-15T14:06:07.371651,2026-09-15T15:55:07.371651,738.0,6.04422,6.04422,0.0,0.0,1.076166,1.076166,0.0,0.0,INR,89.68,89.68,0.0,0.0,True,ToD,single_greedy,0.0,0.0,False,False
GS-JOB-000124,finance,REPORT_GENERATION,IN-PB,2.552,35,2026-09-15T17:00:00,2026-09-15T17:35:00,520.0,1.32704,1.278552,0.0,0.0,0.183744,0.275616,0.091872,33.33,INR,15.31,22.97,7.66,2.9,True,ToD,single_greedy,0.0,0.0,False,False
GS-JOB-000125,analytics,IMAGE_PROCESSING,US-CA,35.937,178,2026-09-15T19:00:00,2026-09-15T21:58:00,129.0,4.635873,9.020187,4.384314,48.61,4.126286,4.126286,0.0,0.0,USD,4.13,4.13,0.0,4.9,True,ToD,single_greedy,0.0,0.0,False,False
GS-JOB-000126,operations,DATA_PROCESSING,US-NY,1.922,37,2026-09-15T14:06:07.485886,2026-09-15T14:43:07.485886,321.0,0.616962,0.616962,0.0,0.0,0.399776,0.399776,0.0,0.0,USD,0.4,0.4,0.0,0.0,True,Demand,single_greedy,0.0,0.0,False,False
GS-JOB-000128,operations,DATA_PROCESSING,SE,4.375,75,2026-09-15T14:06:07.528549,2026-09-15T15:21:07.528549,17.0,0.074375,0.074375,0.0,0.0,0.014131,0.014131,0.0,0.0,SEK,0.15,0.15,0.0,0.0,True,Demand,single_greedy,0.0,0.0,False,False
GS-JOB-000129,analytics,IMAGE_PROCESSING,AU-SA-Large,53.669,172,2026-09-15T14:06:07.546002,2026-09-15T16:58:07.546002,42.0,2.254098,2.254098,0.0,0.0,0.0,0.0,0.0,0.0,AUD,0.0,0.0,0.0,0.0,True,Demand,single_greedy,0.0,0.0,False,False
GS-JOB-000130,analytics,IMAGE_PROCESSING,AU-SA-Small,29.799,232,2026-09-15T14:06:07.573105,2026-09-15T17:58:07.573105,42.0,1.251558,1.251558,0.0,0.0,1.743242,1.743242,0.0,0.0,AUD,2.68,2.68,0.0,0.0,True,ToD,single_greedy,0.0,0.0,False,False
GS-JOB-000131,finance,REPORT_GENERATION,IN-TG,4.32,65,2026-09-15T14:06:07.596923,2026-09-15T15:11:07.596923,609.0,2.63088,2.63088,0.0,0.0,0.4536,0.4536,0.0,0.0,INR,37.8,37.8,0.0,0.0,True,ToD,single_greedy,0.0,0.0,False,False
GS-JOB-000132,ml-platform,ETL,IN-GJ,6.072,152,2026-09-15T17:00:00,2026-09-15T19:32:00,686.0,4.165392,4.147176,0.0,0.0,0.291456,0.324245,0.032789,10.11,INR,24.29,27.02,2.73,2.9,True,ToD,single_greedy,0.0,0.0,False,False
GS-JOB-000133,data-engineering,ETL,IN-WB,18.291,164,2026-09-15T18:00:00,2026-09-15T20:44:00,744.0,13.608504,13.498758,0.0,0.0,0.976739,2.403437,1.426698,59.36,INR,81.39,200.29,118.89,3.9,True,ToD,single_greedy,0.0,0.0,False,False
GS-JOB-000134,operations,BACKUP,IN-PB,18.144,151,2026-09-15T17:00:00,2026-09-15T19:31:00,520.0,9.43488,9.090144,0.0,0.0,1.306368,1.959552,0.653184,33.33,INR,108.86,163.3,54.43,2.9,True,ToD,single_greedy,0.0,0.0,False,False
GS-JOB-000135,ml-platform,ETL,US-CA,2.94,88,2026-09-15T14:06:07.724986,2026-09-15T15:34:07.724986,251.0,0.73794,0.73794,0.0,0.0,0.337571,0.337571,0.0,0.0,USD,0.34,0.34,0.0,0.0,True,ToD,single_greedy,0.0,0.0,False,False
GS-JOB-000136,operations,DATA_PROCESSING,US-NY,5.22,87,2026-09-15T14:06:07.755756,2026-09-15T15:33:07.755756,321.0,1.67562,1.67562,0.0,0.0,1.08576,1.08576,0.0,0.0,USD,1.09,1.09,0.0,0.0,True,Demand,single_greedy,0.0,0.0,False,False
GS-JOB-000137,finance,REPORT_GENERATION,US-TX,2.304,77,2026-09-15T15:00:00,2026-09-15T16:17:00,245.0,0.56448,0.578304,0.013824,2.39,0.140996,0.140996,0.0,0.0,USD,0.14,0.14,0.0,0.9,True,Flat,single_greedy,0.0,0.0,False,False
GS-JOB-000138,data-engineering,ANALYTICS,SE,1.344,29,2026-09-15T14:06:07.816381,2026-09-15T14:35:07.816381,17.0,0.022848,0.022848,0.0,0.0,0.004341,0.004341,0.0,0.0,SEK,0.05,0.05,0.0,0.0,True,Demand,single_greedy,0.0,0.0,False,False
GS-JOB-000139,data-engineering,ETL,AU-SA-Large,8.827,58,2026-09-15T14:06:07.833908,2026-09-15T15:04:07.833908,42.0,0.370734,0.370734,0.0,0.0,0.0,0.0,0.0,0.0,AUD,0.0,0.0,0.0,0.0,True,Demand,single_greedy,0.0,0.0,False,False
GS-JOB-000140,operations,DATA_PROCESSING,AU-SA-Small,2.938,68,2026-09-15T14:06:07.873047,2026-09-15T15:14:07.873047,42.0,0.123396,0.123396,0.0,0.0,0.171873,0.171873,0.0,0.0,AUD,0.26,0.26,0.0,0.0,True,ToD,single_greedy,0.0,0.0,False,False
GS-JOB-000141,data-engineering,ETL,IN-TG,11.438,80,2026-09-15T17:00:00,2026-09-15T18:20:00,610.0,6.97718,6.965742,0.0,0.0,0.98138,1.20099,0.21961,18.29,INR,81.78,100.08,18.3,2.9,True,ToD,single_greedy,0.0,0.0,False,False
GS-JOB-000142,operations,DATA_PROCESSING,IN-GJ,0.6,18,2026-09-15T20:00:00,2026-09-15T20:18:00,684.0,0.4104,0.4098,0.0,0.0,0.0288,0.03204,0.00324,10.11,INR,2.4,2.67,0.27,5.9,True,ToD,single_greedy,0.0,0.0,False,False
GS-JOB-000143,finance,ANALYTICS,IN-WB,1.715,21,2026-09-15T14:06:07.974235,2026-09-15T14:27:07.974235,738.0,1.26567,1.26567,0.0,0.0,0.225351,0.225351,0.0,0.0,INR,18.78,18.78,0.0,0.0,True,ToD,single_greedy,0.0,0.0,False,False
GS-JOB-000144,operations,BACKUP,IN-PB,22.24,167,2026-09-15T17:00:00,2026-09-15T19:47:00,520.0,11.5648,11.14224,0.0,0.0,1.60128,2.40192,0.80064,33.33,INR,133.44,200.16,66.72,2.9,True,ToD,single_greedy,0.0,0.0,False,False
GS-JOB-000145,operations,BACKUP,US-CA,3.7,30,2026-09-15T19:00:00,2026-09-15T19:30:00,129.0,0.4773,0.9287,0.4514,48.61,0.424834,0.424834,0.0,0.0,USD,0.42,0.42,0.0,4.9,True,ToD,single_greedy,0.0,0.0,False,False
GS-JOB-000146,operations,DATA_PROCESSING,US-NY,3.08,84,2026-09-15T14:06:08.082295,2026-09-15T15:30:08.082295,321.0,0.98868,0.98868,0.0,0.0,0.64064,0.64064,0.0,0.0,USD,0.64,0.64,0.0,0.0,True,Demand,single_greedy,0.0,0.0,False,False
GS-JOB-000147,ml-platform,IMAGE_PROCESSING,US-TX,60.762,320,2026-09-15T15:00:00,2026-09-15T20:20:00,245.0,14.88669,15.251262,0.364572,2.39,3.718391,3.718391,0.0,0.0,USD,3.72,3.72,0.0,0.9,True,Flat,single_greedy,0.0,0.0,False,False
GS-JOB-000148,operations,DATA_PROCESSING,SE,0.903,26,2026-09-15T14:06:08.190566,2026-09-15T14:32:08.190566,17.0,0.015351,0.015351,0.0,0.0,0.002917,0.002917,0.0,0.0,SEK,0.03,0.03,0.0,0.0,True,Demand,single_greedy,0.0,0.0,False,False
GS-JOB-000149,finance,ETL,AU-SA-Large,5.082,46,2026-09-15T14:06:08.224072,2026-09-15T14:52:08.224072,42.0,0.213444,0.213444,0.0,0.0,0.0,0.0,0.0,0.0,AUD,0.0,0.0,0.0,0.0,True,Demand,single_greedy,0.0,0.0,False,False
GS-JOB-000150,data-engineering,ETL,AU-SA-Small,5.472,43,2026-09-15T14:06:08.240733,2026-09-15T14:49:08.240733,42.0,0.229824,0.229824,0.0,0.0,0.320112,0.320112,0.0,0.0,AUD,0.49,0.49,0.0,0.0,True,ToD,single_greedy,0.0,0.0,False,False
GS-JOB-000151,ml-platform,ML_TRAINING,IN-TG,168.923,404,2026-09-15T17:00:00,2026-09-15T23:44:00,610.0,103.04303,102.874107,0.0,0.0,14.493593,17.736915,3.243322,18.29,INR,1207.8,1478.08,270.28,2.9,True,ToD,single_greedy,0.0,0.0,False,False
GS-JOB-000152,ml-platform,BACKUP,IN-GJ,8.514,119,2026-09-15T20:00:00,2026-09-15T21:59:00,684.0,5.823576,5.815062,0.0,0.0,0.408672,0.454648,0.045976,10.11,INR,34.06,37.89,3.83,5.9,True,ToD,single_greedy,0.0,0.0,False,False
GS-JOB-000153,ml-platform,ML_TRAINING,IN-WB,81.774,277,2026-09-15T18:00:00,2026-09-15T22:37:00,744.0,60.839856,60.349212,0.0,0.0,4.366732,10.745104,6.378372,59.36,INR,363.89,895.43,531.53,3.9,True,ToD,single_greedy,0.0,0.0,False,False
GS-JOB-000154,operations,DATA_PROCESSING,IN-PB,4.116,88,2026-09-15T17:00:00,2026-09-15T18:28:00,520.0,2.14032,2.062116,0.0,0.0,0.296352,0.444528,0.148176,33.33,INR,24.7,37.04,12.35,2.9,True,ToD,single_greedy,0.0,0.0,False,False
GS-JOB-000155,data-engineering,ETL,US-CA,28.122,196,2026-09-15T14:06:08.408401,2026-09-15T17:22:08.408401,251.0,7.058622,7.058622,0.0,0.0,3.228968,3.228968,0.0,0.0,USD,3.23,3.23,0.0,0.0,True,ToD,single_greedy,0.0,0.0,False,False
GS-JOB-000156,finance,REPORT_GENERATION,US-NY,6.29,111,2026-09-15T14:06:08.425113,2026-09-15T15:57:08.425113,321.0,2.01909,2.01909,0.0,0.0,1.30832,1.30832,0.0,0.0,USD,1.31,1.31,0.0,0.0,True,Demand,single_greedy,0.0,0.0,False,False
GS-JOB-000157,operations,BACKUP,US-TX,3.55,30,2026-09-15T15:00:00,2026-09-15T15:30:00,245.0,0.86975,0.89105,0.0213,2.39,0.217246,0.217246,0.0,0.0,USD,0.22,0.22,0.0,0.9,True,Flat,single_greedy,0.0,0.0,False,False
GS-JOB-000158,data-engineering,ETL,SE,18.63,162,2026-09-15T14:06:08.466738,2026-09-15T16:48:08.466738,17.0,0.31671,0.31671,0.0,0.0,0.060175,0.060175,0.0,0.0,SEK,0.63,0.63,0.0,0.0,True,Demand,single_greedy,0.0,0.0,False,False
GS-JOB-000159,analytics,ML_TRAINING,AU-SA-Large,152.845,238,2026-09-15T14:06:08.494333,2026-09-15T18:04:08.494333,42.0,6.41949,6.41949,0.0,0.0,0.0,0.0,0.0,0.0,AUD,0.0,0.0,0.0,0.0,True,Demand,single_greedy,0.0,0.0,False,False
GS-JOB-000160,operations,BACKUP,AU-SA-Small,16.644,175,2026-09-15T14:06:08.515932,2026-09-15T17:01:08.515932,42.0,0.699048,0.699048,0.0,0.0,0.973674,0.973674,0.0,0.0,AUD,1.5,1.5,0.0,0.0,True,ToD,single_greedy,0.0,0.0,False,False
GS-JOB-000161,operations,BACKUP,IN-TG,16.359,172,2026-09-15T17:00:00,2026-09-15T19:52:00,610.0,9.97899,9.962631,0.0,0.0,1.403602,1.717695,0.314093,18.29,INR,116.97,143.14,26.17,2.9,True,ToD,single_greedy,0.0,0.0,False,False
GS-JOB-000162,operations,IMAGE_PROCESSING,IN-GJ,47.177,148,2026-09-15T15:00:00,2026-09-15T17:28:00,682.0,32.174714,32.221891,0.047177,0.15,2.519252,2.519252,0.0,0.0,INR,209.94,209.94,0.0,0.9,True,ToD,single_greedy,0.0,0.0,False,False
GS-JOB-000164,analytics,ETL,IN-PB,37.044,227,2026-09-15T17:00:00,2026-09-15T20:47:00,520.0,19.26288,18.559044,0.0,0.0,2.667168,4.000752,1.333584,33.33,INR,222.26,333.4,111.13,2.9,True,ToD,single_greedy,0.0,0.0,False,False
GS-JOB-000165,data-engineering,BACKUP,US-CA,8.4,90,2026-09-15T19:00:00,2026-09-15T20:30:00,129.0,1.0836,2.1084,1.0248,48.61,0.964488,0.964488,0.0,0.0,USD,0.96,0.96,0.0,4.9,True,ToD,single_greedy,0.0,0.0,False,False
GS-JOB-000166,data-engineering,ETL,US-NY,37.8,227,2026-09-15T14:06:08.660053,2026-09-15T17:53:08.660053,321.0,12.1338,12.1338,0.0,0.0,7.8624,7.8624,0.0,0.0,USD,7.86,7.86,0.0,0.0,True,Demand,single_greedy,0.0,0.0,False,False
GS-JOB-000167,analytics,ML_TRAINING,US-TX,31.779,178,2026-09-15T14:06:08.679073,2026-09-15T17:04:08.679073,251.0,7.976529,7.976529,0.0,0.0,1.944748,1.944748,0.0,0.0,USD,1.94,1.94,0.0,0.0,True,Flat,single_greedy,0.0,0.0,False,False
GS-JOB-000168,operations,BACKUP,SE,7.452,65,2026-09-15T14:06:08.701545,2026-09-15T15:11:08.701545,17.0,0.126684,0.126684,0.0,0.0,0.02407,0.02407,0.0,0.0,SEK,0.25,0.25,0.0,0.0,True,Demand,single_greedy,0.0,0.0,False,False
GS-JOB-000169,data-engineering,ETL,AU-SA-Large,19.107,116,2026-09-15T14:06:08.736572,2026-09-15T16:02:08.736572,42.0,0.802494,0.802494,0.0,0.0,0.0,0.0,0.0,0.0,AUD,0.0,0.0,0.0,0.0,True,Demand,single_greedy,0.0,0.0,False,False
GS-JOB-000170,data-engineering,ETL,AU-SA-Small,4.096,77,2026-09-15T14:06:08.755832,2026-09-15T15:23:08.755832,42.0,0.172032,0.172032,0.0,0.0,0.239616,0.239616,0.0,0.0,AUD,0.37,0.37,0.0,0.0,True,ToD,single_greedy,0.0,0.0,False,False
GS-JOB-000171,data-engineering,ETL,IN-TG,10.428,79,2026-09-15T17:00:00,2026-09-15T18:19:00,610.0,6.36108,6.350652,0.0,0.0,0.894722,1.09494,0.200218,18.29,INR,74.56,91.25,16.68,2.9,True,ToD,single_greedy,0.0,0.0,False,False
GS-JOB-000172,analytics,DATA_PROCESSING,IN-GJ,3.5,84,2026-09-15T17:00:00,2026-09-15T18:24:00,686.0,2.401,2.3905,0.0,0.0,0.168,0.1869,0.0189,10.11,INR,14.0,15.57,1.57,2.9,True,ToD,single_greedy,0.0,0.0,False,False
GS-JOB-000173,finance,REPORT_GENERATION,IN-WB,3.808,41,2026-09-15T18:00:00,2026-09-15T18:41:00,744.0,2.833152,2.810304,0.0,0.0,0.203347,0.500371,0.297024,59.36,INR,16.95,41.7,24.75,3.9,True,ToD,single_greedy,0.0,0.0,False,False
GS-JOB-000174,operations,ETL,IN-PB,7.497,88,2026-09-15T17:00:00,2026-09-15T18:28:00,520.0,3.89844,3.755997,0.0,0.0,0.539784,0.809676,0.269892,33.33,INR,44.98,67.47,22.49,2.9,True,ToD,single_greedy,0.0,0.0,False,False
GS-JOB-000175,data-engineering,ETL,US-CA,4.795,82,2026-09-15T18:00:00,2026-09-15T19:22:00,130.0,0.62335,1.203545,0.580195,48.21,0.550562,0.550562,0.0,0.0,USD,0.55,0.55,0.0,3.9,True,ToD,single_greedy,0.0,0.0,False,False
GS-JOB-000176,operations,DATA_PROCESSING,US-NY,4.255,69,2026-09-15T14:06:08.941952,2026-09-15T15:15:08.941952,321.0,1.365855,1.365855,0.0,0.0,0.88504,0.88504,0.0,0.0,USD,0.89,0.89,0.0,0.0,True,Demand,single_greedy,0.0,0.0,False,False
GS-JOB-000177,finance,REPORT_GENERATION,US-TX,2.982,85,2026-09-15T15:00:00,2026-09-15T16:25:00,245.0,0.73059,0.748482,0.017892,2.39,0.182486,0.182486,0.0,0.0,USD,0.18,0.18,0.0,0.9,True,Flat,single_greedy,0.0,0.0,False,False
GS-JOB-000178,data-engineering,ETL,SE,7.584,95,2026-09-15T14:06:08.985285,2026-09-15T15:41:08.985285,17.0,0.128928,0.128928,0.0,0.0,0.024496,0.024496,0.0,0.0,SEK,0.26,0.26,0.0,0.0,True,Demand,single_greedy,0.0,0.0,False,False
GS-JOB-000180,operations,DATA_PROCESSING,AU-SA-Small,4.29,78,2026-09-15T14:06:09.041471,2026-09-15T15:24:09.041471,42.0,0.18018,0.18018,0.0,0.0,0.250965,0.250965,0.0,0.0,AUD,0.39,0.39,0.0,0.0,True,ToD,single_greedy,0.0,0.0,False,False
GS-JOB-000181,data-engineering,DATA_PROCESSING,IN-TG,3.38,78,2026-09-15T17:00:00,2026-09-15T18:18:00,610.0,2.0618,2.05842,0.0,0.0,0.290004,0.3549,0.064896,18.29,INR,24.17,29.57,5.41,2.9,True,ToD,single_greedy,0.0,0.0,False,False
GS-JOB-000182,analytics,ETL,IN-GJ,5.564,64,2026-09-15T17:00:00,2026-09-15T18:04:00,686.0,3.816904,3.800212,0.0,0.0,0.267072,0.297118,0.030046,10.11,INR,22.26,24.76,2.5,2.9,True,ToD,single_greedy,0.0,0.0,False,False
GS-JOB-000183,operations,BACKUP,IN-WB,6.106,85,2026-09-15T18:00:00,2026-09-15T19:25:00,744.0,4.542864,4.506228,0.0,0.0,0.32606,0.802328,0.476268,59.36,INR,27.17,66.86,39.69,3.9,True,ToD,single_greedy,0.0,0.0,False,False
GS-JOB-000184,ml-platform,ML_TRAINING,IN-PB,102.66,531,2026-09-15T17:00:00,2026-09-16T01:51:00,520.0,53.3832,51.43266,0.0,0.0,7.39152,11.08728,3.69576,33.33,INR,615.96,923.94,307.98,2.9,True,ToD,single_greedy,0.0,0.0,False,False
GS-JOB-000185,operations,DATA_PROCESSING,US-CA,0.95,30,2026-09-15T14:06:09.177953,2026-09-15T14:36:09.177953,251.0,0.23845,0.23845,0.0,0.0,0.109079,0.109079,0.0,0.0,USD,0.11,0.11,0.0,0.0,True,ToD,single_greedy,0.0,0.0,False,False
GS-JOB-000186,ml-platform,ML_TRAINING,US-NY,368.6,582,2026-09-15T14:06:09.223205,2026-09-15T23:48:09.223205,321.0,118.3206,118.3206,0.0,0.0,76.6688,76.6688,0.0,0.0,USD,76.67,76.67,0.0,0.0,True,Demand,single_greedy,0.0,0.0,False,False
GS-JOB-000187,ml-platform,ETL,US-TX,7.96,239,2026-09-15T15:00:00,2026-09-15T18:59:00,245.0,1.9502,1.99796,0.04776,2.39,0.48712,0.48712,0.0,0.0,USD,0.49,0.49,0.0,0.9,True,Flat,single_greedy,0.0,0.0,False,False
GS-JOB-000188,finance,REPORT_GENERATION,SE,3.956,55,2026-09-15T14:06:09.284842,2026-09-15T15:01:09.284842,17.0,0.067252,0.067252,0.0,0.0,0.012778,0.012778,0.0,0.0,SEK,0.13,0.13,0.0,0.0,True,Demand,single_greedy,0.0,0.0,False,False
GS-JOB-000189,analytics,ANALYTICS,AU-SA-Large,2.73,63,2026-09-15T14:06:09.302299,2026-09-15T15:09:09.302299,42.0,0.11466,0.11466,0.0,0.0,0.0,0.0,0.0,0.0,AUD,0.0,0.0,0.0,0.0,True,Demand,single_greedy,0.0,0.0,False,False
GS-JOB-000190,finance,ETL,AU-SA-Small,26.04,168,2026-09-15T14:06:09.327738,2026-09-15T16:54:09.327738,42.0,1.09368,1.09368,0.0,0.0,1.52334,1.52334,0.0,0.0,AUD,2.34,2.34,0.0,0.0,True,ToD,single_greedy,0.0,0.0,False,False
GS-JOB-000191,data-engineering,ETL,IN-TG,8.646,157,2026-09-15T17:00:00,2026-09-15T19:37:00,610.0,5.27406,5.265414,0.0,0.0,0.741827,0.90783,0.166003,18.29,INR,61.82,75.65,13.83,2.9,True,ToD,single_greedy,0.0,0.0,False,False
GS-JOB-000192,analytics,DATA_PROCESSING,IN-GJ,2.6,78,2026-09-15T20:00:00,2026-09-15T21:18:00,684.0,1.7784,1.7758,0.0,0.0,0.1248,0.13884,0.01404,10.11,INR,10.4,11.57,1.17,5.9,True,ToD,single_greedy,0.0,0.0,False,False
GS-JOB-000193,operations,ETL,IN-WB,19.36,211,2026-09-15T18:00:00,2026-09-15T21:31:00,744.0,14.40384,14.28768,0.0,0.0,1.033824,2.543904,1.51008,59.36,INR,86.15,211.99,125.84,3.9,True,ToD,single_greedy,0.0,0.0,False,False
GS-JOB-000194,operations,BACKUP,IN-PB,10.15,122,2026-09-15T17:00:00,2026-09-15T19:02:00,520.0,5.278,5.08515,0.0,0.0,0.7308,1.0962,0.3654,33.33,INR,60.9,91.35,30.45,2.9,True,ToD,single_greedy,0.0,0.0,False,False
GS-JOB-000195,operations,REPORT_GENERATION,US-CA,3.556,76,2026-09-15T14:06:09.497996,2026-09-15T15:22:09.497996,251.0,0.892556,0.892556,0.0,0.0,0.4083,0.4083,0.0,0.0,USD,0.41,0.41,0.0,0.0,True,ToD,single_greedy,0.0,0.0,False,False
GS-JOB-000196,data-engineering,ETL,US-NY,27.755,183,2026-09-15T14:06:09.525333,2026-09-15T17:09:09.525333,321.0,8.909355,8.909355,0.0,0.0,5.77304,5.77304,0.0,0.0,USD,5.77,5.77,0.0,0.0,True,Demand,single_greedy,0.0,0.0,False,False
GS-JOB-000197,data-engineering,ETL,US-TX,19.295,136,2026-09-15T15:00:00,2026-09-15T17:16:00,245.0,4.727275,4.843045,0.11577,2.39,1.180777,1.180777,0.0,0.0,USD,1.18,1.18,0.0,0.9,True,Flat,single_greedy,0.0,0.0,False,False
GS-JOB-000198,operations,DATA_PROCESSING,SE,1.716,31,2026-09-15T14:06:09.646457,2026-09-15T14:37:09.646457,17.0,0.029172,0.029172,0.0,0.0,0.005543,0.005543,0.0,0.0,SEK,0.06,0.06,0.0,0.0,True,Demand,single_greedy,0.0,0.0,False,False
GS-JOB-000199,data-engineering,ETL,AU-SA-Large,18.98,219,2026-09-15T14:06:09.671284,2026-09-15T17:45:09.671284,42.0,0.79716,0.79716,0.0,0.0,0.0,0.0,0.0,0.0,AUD,0.0,0.0,0.0,0.0,True,Demand,single_greedy,0.0,0.0,False,False
GS-JOB-000200,data-engineering,ETL,AU-SA-Small,3.339,32,2026-09-15T14:06:09.697369,2026-09-15T14:38:09.697369,42.0,0.140238,0.140238,0.0,0.0,0.195332,0.195332,0.0,0.0,AUD,0.3,0.3,0.0,0.0,True,ToD,single_greedy,0.0,0.0,False,False
GS-JOB-000201,operations,BACKUP,IN-TG,8.136,68,2026-09-15T14:06:09.713877,2026-09-15T15:14:09.713877,609.0,4.954824,4.954824,0.0,0.0,0.85428,0.85428,0.0,0.0,INR,71.19,71.19,0.0,0.0,True,ToD,single_greedy,0.0,0.0,False,False
GS-JOB-000202,finance,ETL,IN-GJ,9.23,85,2026-09-15T14:06:09.732133,2026-09-15T15:31:09.732133,683.0,6.30409,6.30409,0.0,0.0,0.492882,0.492882,0.0,0.0,INR,41.07,41.07,0.0,0.0,True,ToD,single_greedy,0.0,0.0,False,False
GS-JOB-000203,data-engineering,ML_TRAINING,IN-WB,269.64,578,2026-09-15T18:00:00,2026-09-16T03:38:00,744.0,200.61216,198.99432,0.0,0.0,14.398776,35.430696,21.03192,59.36,INR,1199.9,2952.56,1752.66,3.9,True,ToD,single_greedy,0.0,0.0,False,False
GS-JOB-000204,operations,DATA_PROCESSING,IN-PB,5.254,85,2026-09-15T14:06:09.815332,2026-09-15T15:31:09.815332,501.0,2.632254,2.632254,0.0,0.0,0.567432,0.567432,0.0,0.0,INR,47.29,47.29,0.0,0.0,True,ToD,single_greedy,0.0,0.0,False,False
GS-JOB-000206,data-engineering,ETL,US-NY,4.806,107,2026-09-15T14:06:09.866035,2026-09-15T15:53:09.866035,321.0,1.542726,1.542726,0.0,0.0,0.999648,0.999648,0.0,0.0,USD,1.0,1.0,0.0,0.0,True,Demand,single_greedy,0.0,0.0,False,False
GS-JOB-000207,finance,DATA_PROCESSING,US-TX,0.768,29,2026-09-15T15:00:00,2026-09-15T15:29:00,245.0,0.18816,0.192768,0.004608,2.39,0.046999,0.046999,0.0,0.0,USD,0.05,0.05,0.0,0.9,True,Flat,single_greedy,0.0,0.0,False,False
GS-JOB-000208,operations,DATA_PROCESSING,SE,1.35,54,2026-09-15T14:06:09.915729,2026-09-15T15:00:09.915729,17.0,0.02295,0.02295,0.0,0.0,0.00436,0.00436,0.0,0.0,SEK,0.05,0.05,0.0,0.0,True,Demand,single_greedy,0.0,0.0,False,False
GS-JOB-000209,operations,ETL,AU-SA-Large,9.636,175,2026-09-15T14:06:09.946113,2026-09-15T17:01:09.946113,42.0,0.404712,0.404712,0.0,0.0,0.0,0.0,0.0,0.0,AUD,0.0,0.0,0.0,0.0,True,Demand,single_greedy,0.0,0.0,False,False
GS-JOB-000210,finance,REPORT_GENERATION,AU-SA-Small,12.408,169,2026-09-15T14:06:09.970177,2026-09-15T16:55:09.970177,42.0,0.521136,0.521136,0.0,0.0,0.725868,0.725868,0.0,0.0,AUD,1.12,1.12,0.0,0.0,True,ToD,single_greedy,0.0,0.0,False,False
GS-JOB-000211,operations,DATA_PROCESSING,IN-TG,1.05,30,2026-09-15T14:06:09.988204,2026-09-15T14:36:09.988204,609.0,0.63945,0.63945,0.0,0.0,0.11025,0.11025,0.0,0.0,INR,9.19,9.19,0.0,0.0,True,ToD,single_greedy,0.0,0.0,False,False
GS-JOB-000212,data-engineering,ETL,IN-GJ,1.606,44,2026-09-15T15:00:00,2026-09-15T15:44:00,682.0,1.095292,1.096898,0.001606,0.15,0.08576,0.08576,0.0,0.0,INR,7.15,7.15,0.0,0.9,True,ToD,single_greedy,0.0,0.0,False,False
GS-JOB-000213,ml-platform,ANALYTICS,IN-WB,2.223,34,2026-09-15T14:06:10.039390,2026-09-15T14:40:10.039390,738.0,1.640574,1.640574,0.0,0.0,0.292102,0.292102,0.0,0.0,INR,24.34,24.34,0.0,0.0,True,ToD,single_greedy,0.0,0.0,False,False
GS-JOB-000215,finance,REPORT_GENERATION,US-CA,4.374,97,2026-09-15T19:00:00,2026-09-15T20:37:00,129.0,0.564246,1.097874,0.533628,48.61,0.502223,0.502223,0.0,0.0,USD,0.5,0.5,0.0,4.9,True,ToD,single_greedy,0.0,0.0,False,False
GS-JOB-000216,operations,DATA_PROCESSING,US-NY,0.544,19,2026-09-15T14:06:10.113768,2026-09-15T14:25:10.113768,321.0,0.174624,0.174624,0.0,0.0,0.113152,0.113152,0.0,0.0,USD,0.11,0.11,0.0,0.0,True,Demand,single_greedy,0.0,0.0,False,False
GS-JOB-000217,ml-platform,ETL,US-TX,1.716,47,2026-09-15T15:00:00,2026-09-15T15:47:00,245.0,0.42042,0.430716,0.010296,2.39,0.105012,0.105012,0.0,0.0,USD,0.1,0.1,0.0,0.9,True,Flat,single_greedy,0.0,0.0,False,False
GS-JOB-000218,data-engineering,ETL,SE,10.557,124,2026-09-15T14:06:10.156316,2026-09-15T16:10:10.156316,17.0,0.179469,0.179469,0.0,0.0,0.034099,0.034099,0.0,0.0,SEK,0.36,0.36,0.0,0.0,True,Demand,single_greedy,0.0,0.0,False,False
GS-JOB-000219,finance,REPORT_GENERATION,AU-SA-Large,6.322,131,2026-09-15T14:06:10.173891,2026-09-15T16:17:10.173891,42.0,0.265524,0.265524,0.0,0.0,0.0,0.0,0.0,0.0,AUD,0.0,0.0,0.0,0.0,True,Demand,single_greedy,0.0,0.0,False,False
GS-JOB-000220,ml-platform,ML_TRAINING,AU-SA-Small,117.81,231,2026-09-15T14:06:10.201688,2026-09-15T17:57:10.201688,42.0,4.94802,4.94802,0.0,0.0,6.891885,6.891885,0.0,0.0,AUD,10.6,10.6,0.0,0.0,True,ToD,single_greedy,0.0,0.0,False,False
GS-JOB-000221,data-engineering,ETL,IN-TG,10.56,79,2026-09-15T14:06:10.219241,2026-09-15T15:25:10.219241,609.0,6.43104,6.43104,0.0,0.0,1.1088,1.1088,0.0,0.0,INR,92.4,92.4,0.0,0.0,True,ToD,single_greedy,0.0,0.0,False,False
GS-JOB-000222,ml-platform,DATA_PROCESSING,IN-GJ,2.806,73,2026-09-15T17:00:00,2026-09-15T18:13:00,686.0,1.924916,1.916498,0.0,0.0,0.134688,0.14984,0.015152,10.11,INR,11.22,12.49,1.26,2.9,True,ToD,single_greedy,0.0,0.0,False,False
GS-JOB-000223,ml-platform,ML_TRAINING,IN-WB,50.621,136,2026-09-15T18:00:00,2026-09-15T20:16:00,744.0,37.662024,37.358298,0.0,0.0,2.703161,6.651599,3.948438,59.36,INR,225.26,554.3,329.04,3.9,True,ToD,single_greedy,0.0,0.0,False,False
GS-JOB-000224,operations,DATA_PROCESSING,IN-PB,1.725,45,2026-09-15T17:00:00,2026-09-15T17:45:00,520.0,0.897,0.864225,0.0,0.0,0.1242,0.1863,0.0621,33.33,INR,10.35,15.53,5.18,2.9,True,ToD,single_greedy,0.0,0.0,False,False
GS-JOB-000225,data-engineering,ETL,US-CA,30.375,225,2026-09-15T16:00:00,2026-09-15T19:45:00,139.0,4.222125,7.624125,3.402,44.62,3.487658,3.487658,0.0,0.0,USD,3.49,3.49,0.0,1.9,True,ToD,single_greedy,0.0,0.0,False,False
GS-JOB-000226,data-engineering,ETL,US-NY,13.959,178,2026-09-15T14:06:10.374904,2026-09-15T17:04:10.374904,321.0,4.480839,4.480839,0.0,0.0,2.903472,2.903472,0.0,0.0,USD,2.9,2.9,0.0,0.0,True,Demand,single_greedy,0.0,0.0,False,False
GS-JOB-000227,data-engineering,DATA_PROCESSING,US-TX,1.392,35,2026-09-15T15:00:00,2026-09-15T15:35:00,245.0,0.34104,0.349392,0.008352,2.39,0.085185,0.085185,0.0,0.0,USD,0.09,0.09,0.0,0.9,True,Flat,single_greedy,0.0,0.0,False,False
GS-JOB-000228,operations,DATA_PROCESSING,SE,2.66,80,2026-09-15T14:06:10.449039,2026-09-15T15:26:10.449039,17.0,0.04522,0.04522,0.0,0.0,0.008592,0.008592,0.0,0.0,SEK,0.09,0.09,0.0,0.0,True,Demand,single_greedy,0.0,0.0,False,False
GS-JOB-000229,data-engineering,ETL,AU-SA-Large,7.524,119,2026-09-15T14:06:10.476702,2026-09-15T16:05:10.476702,42.0,0.316008,0.316008,0.0,0.0,0.0,0.0,0.0,0.0,AUD,0.0,0.0,0.0,0.0,True,Demand,single_greedy,0.0,0.0,False,False
GS-JOB-000230,analytics,REPORT_GENERATION,AU-SA-Small,5.22,108,2026-09-15T14:06:10.539000,2026-09-15T15:54:10.539000,42.0,0.21924,0.21924,0.0,0.0,0.30537,0.30537,0.0,0.0,AUD,0.47,0.47,0.0,0.0,True,ToD,single_greedy,0.0,0.0,False,False
GS-JOB-000231,data-engineering,ETL,IN-TG,7.888,139,2026-09-15T14:06:10.559232,2026-09-15T16:25:10.559232,609.0,4.803792,4.803792,0.0,0.0,0.82824,0.82824,0.0,0.0,INR,69.02,69.02,0.0,0.0,True,ToD,single_greedy,0.0,0.0,False,False
GS-JOB-000232,operations,DATA_PROCESSING,IN-GJ,2.73,78,2026-09-15T14:06:10.575065,2026-09-15T15:24:10.575065,683.0,1.86459,1.86459,0.0,0.0,0.145782,0.145782,0.0,0.0,INR,12.15,12.15,0.0,0.0,True,ToD,single_greedy,0.0,0.0,False,False
GS-JOB-000233,operations,IMAGE_PROCESSING,IN-WB,32.967,178,2026-09-15T18:00:00,2026-09-15T20:58:00,744.0,24.527448,24.329646,0.0,0.0,1.760438,4.331864,2.571426,59.36,INR,146.7,360.99,214.29,3.9,True,ToD,single_greedy,0.0,0.0,False,False
GS-JOB-000234,ml-platform,ANALYTICS,IN-PB,2.278,40,2026-09-15T14:06:10.642518,2026-09-15T14:46:10.642518,501.0,1.141278,1.141278,0.0,0.0,0.246024,0.246024,0.0,0.0,INR,20.5,20.5,0.0,0.0,True,ToD,single_greedy,0.0,0.0,False,False
GS-JOB-000235,analytics,DATA_PROCESSING,US-CA,1.952,73,2026-09-15T19:00:00,2026-09-15T20:13:00,129.0,0.251808,0.489952,0.238144,48.61,0.224129,0.224129,0.0,0.0,USD,0.22,0.22,0.0,4.9,True,ToD,single_greedy,0.0,0.0,False,False
GS-JOB-000236,data-engineering,ETL,US-NY,3.456,77,2026-09-15T14:06:10.696016,2026-09-15T15:23:10.696016,321.0,1.109376,1.109376,0.0,0.0,0.718848,0.718848,0.0,0.0,USD,0.72,0.72,0.0,0.0,True,Demand,single_greedy,0.0,0.0,False,False
GS-JOB-000237,operations,DATA_PROCESSING,US-TX,3.978,61,2026-09-15T15:00:00,2026-09-15T16:01:00,245.0,0.97461,0.998478,0.023868,2.39,0.243438,0.243438,0.0,0.0,USD,0.24,0.24,0.0,0.9,True,Flat,single_greedy,0.0,0.0,False,False
GS-JOB-000238,operations,BACKUP,SE,2.354,64,2026-09-15T14:06:10.730570,2026-09-15T15:10:10.730570,17.0,0.040018,0.040018,0.0,0.0,0.007603,0.007603,0.0,0.0,SEK,0.08,0.08,0.0,0.0,True,Demand,single_greedy,0.0,0.0,False,False
GS-JOB-000239,data-engineering,ETL,AU-SA-Large,11.123,136,2026-09-15T14:06:10.747532,2026-09-15T16:22:10.747532,42.0,0.467166,0.467166,0.0,0.0,0.0,0.0,0.0,0.0,AUD,0.0,0.0,0.0,0.0,True,Demand,single_greedy,0.0,0.0,False,False
GS-JOB-000242,finance,ETL,IN-GJ,2.604,56,2026-09-15T15:00:00,2026-09-15T15:56:00,682.0,1.775928,1.778532,0.002604,0.15,0.139054,0.139054,0.0,0.0,INR,11.59,11.59,0.0,0.9,True,ToD,single_greedy,0.0,0.0,False,False
GS-JOB-000243,data-engineering,IMAGE_PROCESSING,IN-WB,27.336,161,2026-09-15T18:00:00,2026-09-15T20:41:00,744.0,20.337984,20.173968,0.0,0.0,1.459742,3.59195,2.132208,59.36,INR,121.65,299.33,177.68,3.9,True,ToD,single_greedy,0.0,0.0,False,False
GS-JOB-000244,operations,IMAGE_PROCESSING,IN-PB,42.723,254,2026-09-15T17:00:00,2026-09-15T21:14:00,520.0,22.21596,21.404223,0.0,0.0,3.076056,4.614084,1.538028,33.33,INR,256.34,384.51,128.17,2.9,True,ToD,single_greedy,0.0,0.0,False,False
GS-JOB-000246,finance,REPORT_GENERATION,US-NY,1.938,34,2026-09-15T14:06:10.925897,2026-09-15T14:40:10.925897,321.0,0.622098,0.622098,0.0,0.0,0.403104,0.403104,0.0,0.0,USD,0.4,0.4,0.0,0.0,True,Demand,single_greedy,0.0,0.0,False,False
GS-JOB-000247,operations,ETL,US-TX,21.97,203,2026-09-15T15:00:00,2026-09-15T18:23:00,245.0,5.38265,5.51447,0.13182,2.39,1.344476,1.344476,0.0,0.0,USD,1.34,1.34,0.0,0.9,True,Flat,single_greedy,0.0,0.0,False,False
GS-JOB-000248,finance,REPORT_GENERATION,SE,8.664,91,2026-09-15T14:06:10.971654,2026-09-15T15:37:10.971654,17.0,0.147288,0.147288,0.0,0.0,0.027985,0.027985,0.0,0.0,SEK,0.29,0.29,0.0,0.0,True,Demand,single_greedy,0.0,0.0,False,False
GS-JOB-000249,ml-platform,IMAGE_PROCESSING,AU-SA-Large,38.735,183,2026-09-15T14:06:10.994245,2026-09-15T17:09:10.994245,42.0,1.62687,1.62687,0.0,0.0,0.0,0.0,0.0,0.0,AUD,0.0,0.0,0.0,0.0,True,Demand,single_greedy,0.0,0.0,False,False
GS-JOB-000250,data-engineering,ETL,AU-SA-Small,13.72,168,2026-09-15T14:06:11.013540,2026-09-15T16:54:11.013540,42.0,0.57624,0.57624,0.0,0.0,0.80262,0.80262,0.0,0.0,AUD,1.23,1.23,0.0,0.0,True,ToD,single_greedy,0.0,0.0,False,False
GS-JOB-000251,finance,REPORT_GENERATION,IN-TG,14.036,145,2026-09-15T14:06:11.032573,2026-09-15T16:31:11.032573,609.0,8.547924,8.547924,0.0,0.0,1.47378,1.47378,0.0,0.0,INR,122.81,122.81,0.0,0.0,True,ToD,single_greedy,0.0,0.0,False,False
GS-JOB-000252,data-engineering,DATA_PROCESSING,IN-GJ,3.234,59,2026-09-15T20:00:00,2026-09-15T20:59:00,684.0,2.212056,2.208822,0.0,0.0,0.155232,0.172696,0.017464,10.11,INR,12.94,14.39,1.46,5.9,True,ToD,single_greedy,0.0,0.0,False,False
GS-JOB-000253,data-engineering,ETL,IN-WB,21.252,152,2026-09-15T18:00:00,2026-09-15T20:32:00,744.0,15.811488,15.683976,0.0,0.0,1.134857,2.792513,1.657656,59.36,INR,94.57,232.71,138.14,3.9,True,ToD,single_greedy,0.0,0.0,False,False
GS-JOB-000254,ml-platform,ML_TRAINING,IN-PB,83.172,430,2026-09-15T14:06:11.151817,2026-09-15T21:16:11.151817,501.0,41.669172,41.669172,0.0,0.0,8.982576,8.982576,0.0,0.0,INR,748.55,748.55,0.0,0.0,True,ToD,single_greedy,0.0,0.0,False,False
GS-JOB-000255,operations,DATA_PROCESSING,US-CA,2.06,62,2026-09-15T19:00:00,2026-09-15T20:02:00,129.0,0.26574,0.51706,0.25132,48.61,0.236529,0.236529,0.0,0.0,USD,0.24,0.24,0.0,4.9,True,ToD,single_greedy,0.0,0.0,False,False
GS-JOB-000257,finance,IMAGE_PROCESSING,US-TX,61.38,297,2026-09-15T15:00:00,2026-09-15T19:57:00,245.0,15.0381,15.40638,0.36828,2.39,3.75621,3.75621,0.0,0.0,USD,3.76,3.76,0.0,0.9,True,Flat,single_greedy,0.0,0.0,False,False
GS-JOB-000258,operations,BACKUP,SE,4.35,52,2026-09-15T14:06:11.254796,2026-09-15T14:58:11.254796,17.0,0.07395,0.07395,0.0,0.0,0.01405,0.01405,0.0,0.0,SEK,0.15,0.15,0.0,0.0,True,Demand,single_greedy,0.0,0.0,False,False
GS-JOB-000259,finance,ETL,AU-SA-Large,15.147,178,2026-09-15T14:06:11.291000,2026-09-15T17:04:11.291000,42.0,0.636174,0.636174,0.0,0.0,0.0,0.0,0.0,0.0,AUD,0.0,0.0,0.0,0.0,True,Demand,single_greedy,0.0,0.0,False,False
GS-JOB-000260,data-engineering,ETL,AU-SA-Small,7.524,119,2026-09-15T14:06:11.309727,2026-09-15T16:05:11.309727,42.0,0.316008,0.316008,0.0,0.0,0.440154,0.440154,0.0,0.0,AUD,0.68,0.68,0.0,0.0,True,ToD,single_greedy,0.0,0.0,False,False
GS-JOB-000261,data-engineering,REPORT_GENERATION,IN-TG,4.06,84,2026-09-15T17:00:00,2026-09-15T18:24:00,610.0,2.4766,2.47254,0.0,0.0,0.348348,0.4263,0.077952,18.29,INR,29.03,35.52,6.5,2.9,True,ToD,single_greedy,0.0,0.0,False,False
GS-JOB-000262,finance,REPORT_GENERATION,IN-GJ,14.934,157,2026-09-15T20:00:00,2026-09-15T22:37:00,684.0,10.214856,10.199922,0.0,0.0,0.716832,0.797476,0.080644,10.11,INR,59.74,66.46,6.72,5.9,True,ToD,single_greedy,0.0,0.0,False,False
GS-JOB-000263,data-engineering,ETL,IN-WB,20.826,160,2026-09-15T18:00:00,2026-09-15T20:40:00,744.0,15.494544,15.369588,0.0,0.0,1.112108,2.736536,1.624428,59.36,INR,92.68,228.04,135.37,3.9,True,ToD,single_greedy,0.0,0.0,False,False
GS-JOB-000264,finance,REPORT_GENERATION,IN-PB,5.129,134,2026-09-15T17:00:00,2026-09-15T19:14:00,520.0,2.66708,2.569629,0.0,0.0,0.369288,0.553932,0.184644,33.33,INR,30.77,46.16,15.39,2.9,True,ToD,single_greedy,0.0,0.0,False,False
GS-JOB-000265,analytics,REPORT_GENERATION,US-CA,6.369,116,2026-09-15T14:06:11.438697,2026-09-15T16:02:11.438697,251.0,1.598619,1.598619,0.0,0.0,0.731289,0.731289,0.0,0.0,USD,0.73,0.73,0.0,0.0,True,ToD,single_greedy,0.0,0.0,False,False
GS-JOB-000266,finance,REPORT_GENERATION,US-NY,6.552,151,2026-09-15T14:06:11.469558,2026-09-15T16:37:11.469558,321.0,2.103192,2.103192,0.0,0.0,1.362816,1.362816,0.0,0.0,USD,1.36,1.36,0.0,0.0,True,Demand,single_greedy,0.0,0.0,False,False
GS-JOB-000267,operations,DATA_PROCESSING,US-TX,2.241,50,2026-09-15T15:00:00,2026-09-15T15:50:00,245.0,0.549045,0.562491,0.013446,2.39,0.13714,0.13714,0.0,0.0,USD,0.14,0.14,0.0,0.9,True,Flat,single_greedy,0.0,0.0,False,False
GS-JOB-000268,ml-platform,ANALYTICS,SE,2.378,35,2026-09-15T14:06:11.514925,2026-09-15T14:41:11.514925,17.0,0.040426,0.040426,0.0,0.0,0.007681,0.007681,0.0,0.0,SEK,0.08,0.08,0.0,0.0,True,Demand,single_greedy,0.0,0.0,False,False
GS-JOB-000269,data-engineering,ETL,AU-SA-Large,2.635,51,2026-09-15T14:06:11.601149,2026-09-15T14:57:11.601149,42.0,0.11067,0.11067,0.0,0.0,0.0,0.0,0.0,0.0,AUD,0.0,0.0,0.0,0.0,True,Demand,single_greedy,0.0,0.0,False,False
GS-JOB-000270,data-engineering,ETL,AU-SA-Small,13.12,197,2026-09-15T14:06:11.625792,2026-09-15T17:23:11.625792,42.0,0.55104,0.55104,0.0,0.0,0.76752,0.76752,0.0,0.0,AUD,1.18,1.18,0.0,0.0,True,ToD,single_greedy,0.0,0.0,False,False
GS-JOB-000271,ml-platform,ANALYTICS,IN-TG,0.75,30,2026-09-15T14:06:11.644520,2026-09-15T14:36:11.644520,609.0,0.45675,0.45675,0.0,0.0,0.07875,0.07875,0.0,0.0,INR,6.56,6.56,0.0,0.0,True,ToD,single_greedy,0.0,0.0,False,False
GS-JOB-000272,operations,BACKUP,IN-GJ,3.936,49,2026-09-15T15:00:00,2026-09-15T15:49:00,682.0,2.684352,2.688288,0.003936,0.15,0.210182,0.210182,0.0,0.0,INR,17.52,17.52,0.0,0.9,True,ToD,single_greedy,0.0,0.0,False,False
GS-JOB-000273,operations,BACKUP,IN-WB,16.77,155,2026-09-15T18:00:00,2026-09-15T20:35:00,744.0,12.47688,12.37626,0.0,0.0,0.895518,2.203578,1.30806,59.36,INR,74.63,183.63,109.0,3.9,True,ToD,single_greedy,0.0,0.0,False,False
GS-JOB-000274,finance,REPORT_GENERATION,IN-PB,3.562,82,2026-09-15T17:00:00,2026-09-15T18:22:00,520.0,1.85224,1.784562,0.0,0.0,0.256464,0.384696,0.128232,33.33,INR,21.37,32.06,10.69,2.9,True,ToD,single_greedy,0.0,0.0,False,False
GS-JOB-000275,ml-platform,ML_TRAINING,US-CA,119.36,192,2026-09-15T17:00:00,2026-09-15T20:12:00,134.0,15.99424,29.95936,13.96512,46.61,13.704915,13.704915,0.0,0.0,USD,13.7,13.7,0.0,2.9,True,ToD,single_greedy,0.0,0.0,False,False
GS-JOB-000276,data-engineering,ETL,US-NY,5.175,69,2026-09-15T14:06:11.775903,2026-09-15T15:15:11.775903,321.0,1.661175,1.661175,0.0,0.0,1.0764,1.0764,0.0,0.0,USD,1.08,1.08,0.0,0.0,True,Demand,single_greedy,0.0,0.0,False,False
GS-JOB-000277,analytics,IMAGE_PROCESSING,US-TX,73.944,281,2026-09-15T15:00:00,2026-09-15T19:41:00,245.0,18.11628,18.559944,0.443664,2.39,4.525077,4.525077,0.0,0.0,USD,4.53,4.53,0.0,0.9,True,Flat,single_greedy,0.0,0.0,False,False
GS-JOB-000278,analytics,ETL,SE,16.066,166,2026-09-15T14:06:11.869332,2026-09-15T16:52:11.869332,17.0,0.273122,0.273122,0.0,0.0,0.051893,0.051893,0.0,0.0,SEK,0.55,0.55,0.0,0.0,True,Demand,single_greedy,0.0,0.0,False,False
GS-JOB-000279,ml-platform,ANALYTICS,AU-SA-Large,1.8,30,2026-09-15T14:06:11.885873,2026-09-15T14:36:11.885873,42.0,0.0756,0.0756,0.0,0.0,0.0,0.0,0.0,0.0,AUD,0.0,0.0,0.0,0.0,True,Demand,single_greedy,0.0,0.0,False,False
GS-JOB-000280,operations,BACKUP,AU-SA-Small,3.956,55,2026-09-15T14:06:11.919779,2026-09-15T15:01:11.919779,42.0,0.166152,0.166152,0.0,0.0,0.231426,0.231426,0.0,0.0,AUD,0.36,0.36,0.0,0.0,True,ToD,single_greedy,0.0,0.0,False,False
GS-JOB-000281,finance,REPORT_GENERATION,IN-TG,4.4,48,2026-09-15T17:00:00,2026-09-15T17:48:00,610.0,2.684,2.6796,0.0,0.0,0.37752,0.462,0.08448,18.29,INR,31.46,38.5,7.04,2.9,True,ToD,single_greedy,0.0,0.0,False,False
GS-JOB-000282,operations,DATA_PROCESSING,IN-GJ,1.444,23,2026-09-15T15:00:00,2026-09-15T15:23:00,682.0,0.984808,0.986252,0.001444,0.15,0.07711,0.07711,0.0,0.0,INR,6.43,6.43,0.0,0.9,True,ToD,single_greedy,0.0,0.0,False,False
GS-JOB-000283,ml-platform,ANALYTICS,IN-WB,2.256,29,2026-09-15T14:06:12.014080,2026-09-15T14:35:12.014080,738.0,1.664928,1.664928,0.0,0.0,0.296438,0.296438,0.0,0.0,INR,24.7,24.7,0.0,0.0,True,ToD,single_greedy,0.0,0.0,False,False
GS-JOB-000284,operations,DATA_PROCESSING,IN-PB,1.218,25,2026-09-15T17:00:00,2026-09-15T17:25:00,520.0,0.63336,0.610218,0.0,0.0,0.087696,0.131544,0.043848,33.33,INR,7.31,10.96,3.65,2.9,True,ToD,single_greedy,0.0,0.0,False,False
GS-JOB-000285,operations,DATA_PROCESSING,US-CA,1.17,18,2026-09-15T14:06:12.074813,2026-09-15T14:24:12.074813,251.0,0.29367,0.29367,0.0,0.0,0.134339,0.134339,0.0,0.0,USD,0.13,0.13,0.0,0.0,True,ToD,single_greedy,0.0,0.0,False,False
GS-JOB-000286,data-engineering,ETL,US-NY,21.8,131,2026-09-15T14:06:12.134001,2026-09-15T16:17:12.134001,321.0,6.9978,6.9978,0.0,0.0,4.5344,4.5344,0.0,0.0,USD,4.53,4.53,0.0,0.0,True,Demand,single_greedy,0.0,0.0,False,False
GS-JOB-000287,data-engineering,BACKUP,US-TX,3.944,41,2026-09-15T15:00:00,2026-09-15T15:41:00,245.0,0.96628,0.989944,0.023664,2.39,0.241357,0.241357,0.0,0.0,USD,0.24,0.24,0.0,0.9,True,Flat,single_greedy,0.0,0.0,False,False
GS-JOB-000288,ml-platform,ANALYTICS,SE,2.926,46,2026-09-15T14:06:12.184122,2026-09-15T14:52:12.184122,17.0,0.049742,0.049742,0.0,0.0,0.009451,0.009451,0.0,0.0,SEK,0.1,0.1,0.0,0.0,True,Demand,single_greedy,0.0,0.0,False,False
GS-JOB-000289,finance,ML_TRAINING,AU-SA-Large,95.22,414,2026-09-15T14:06:12.219135,2026-09-15T21:00:12.219135,42.0,3.99924,3.99924,0.0,0.0,0.0,0.0,0.0,0.0,AUD,0.0,0.0,0.0,0.0,True,Demand,single_greedy,0.0,0.0,False,False
GS-JOB-000290,operations,BACKUP,AU-SA-Small,3.655,51,2026-09-15T14:06:12.236154,2026-09-15T14:57:12.236154,42.0,0.15351,0.15351,0.0,0.0,0.213817,0.213817,0.0,0.0,AUD,0.33,0.33,0.0,0.0,True,ToD,single_greedy,0.0,0.0,False,False
GS-JOB-000291,finance,REPORT_GENERATION,IN-TG,9.424,149,2026-09-15T17:00:00,2026-09-15T19:29:00,610.0,5.74864,5.739216,0.0,0.0,0.808579,0.98952,0.180941,18.29,INR,67.38,82.46,15.08,2.9,True,ToD,single_greedy,0.0,0.0,False,False
GS-JOB-000292,operations,DATA_PROCESSING,IN-GJ,2.66,84,2026-09-15T15:00:00,2026-09-15T16:24:00,682.0,1.81412,1.81678,0.00266,0.15,0.142044,0.142044,0.0,0.0,INR,11.84,11.84,0.0,0.9,True,ToD,single_greedy,0.0,0.0,False,False
GS-JOB-000293,operations,DATA_PROCESSING,IN-WB,3.783,58,2026-09-15T14:06:12.302633,2026-09-15T15:04:12.302633,738.0,2.791854,2.791854,0.0,0.0,0.497086,0.497086,0.0,0.0,INR,41.42,41.42,0.0,0.0,True,ToD,single_greedy,0.0,0.0,False,False
GS-JOB-000294,operations,ETL,IN-PB,15.555,110,2026-09-15T17:00:00,2026-09-15T18:50:00,520.0,8.0886,7.793055,0.0,0.0,1.11996,1.67994,0.55998,33.33,INR,93.33,140.0,46.67,2.9,True,ToD,single_greedy,0.0,0.0,False,False
GS-JOB-000295,ml-platform,ML_TRAINING,US-CA,181.435,393,2026-09-15T19:00:00,2026-09-16T01:33:00,129.0,23.405115,45.540185,22.13507,48.61,20.832367,20.832367,0.0,0.0,USD,20.83,20.83,0.0,4.9,True,ToD,single_greedy,0.0,0.0,False,False
GS-JOB-000296,ml-platform,ANALYTICS,US-NY,1.533,44,2026-09-15T14:06:12.376175,2026-09-15T14:50:12.376175,321.0,0.492093,0.492093,0.0,0.0,0.318864,0.318864,0.0,0.0,USD,0.32,0.32,0.0,0.0,True,Demand,single_greedy,0.0,0.0,False,False
GS-JOB-000297,data-engineering,ETL,US-TX,3.045,52,2026-09-15T15:00:00,2026-09-15T15:52:00,245.0,0.746025,0.764295,0.01827,2.39,0.186342,0.186342,0.0,0.0,USD,0.19,0.19,0.0,0.9,True,Flat,single_greedy,0.0,0.0,False,False
GS-JOB-000298,analytics,IMAGE_PROCESSING,SE,87.86,276,2026-09-15T14:06:12.420385,2026-09-15T18:42:12.420385,17.0,1.49362,1.49362,0.0,0.0,0.283788,0.283788,0.0,0.0,SEK,2.99,2.99,0.0,0.0,True,Demand,single_greedy,0.0,0.0,False,False
GS-JOB-000299,finance,ML_TRAINING,AU-SA-Large,171.938,265,2026-09-15T14:06:12.452579,2026-09-15T18:31:12.452579,42.0,7.221396,7.221396,0.0,0.0,0.0,0.0,0.0,0.0,AUD,0.0,0.0,0.0,0.0,True,Demand,single_greedy,0.0,0.0,False,False
GS-JOB-000300,finance,REPORT_GENERATION,AU-SA-Small,2.28,72,2026-09-15T14:06:12.475667,2026-09-15T15:18:12.475667,42.0,0.09576,0.09576,0.0,0.0,0.13338,0.13338,0.0,0.0,AUD,0.21,0.21,0.0,0.0,True,ToD,single_greedy,0.0,0.0,False,False
GS-JOB-000301,data-engineering,ETL,IN-TG,4.968,65,2026-09-15T17:00:00,2026-09-15T18:05:00,610.0,3.03048,3.025512,0.0,0.0,0.426254,0.52164,0.095386,18.29,INR,35.52,43.47,7.95,2.9,True,ToD,single_greedy,0.0,0.0,False,False
GS-JOB-000302,data-engineering,ETL,IN-GJ,23.571,146,2026-09-15T20:00:00,2026-09-15T22:26:00,684.0,16.122564,16.098993,0.0,0.0,1.131408,1.258691,0.127283,10.11,INR,94.28,104.89,10.61,5.9,True,ToD,single_greedy,0.0,0.0,False,False
GS-JOB-000303,data-engineering,ETL,IN-WB,7.395,52,2026-09-15T14:06:12.549194,2026-09-15T14:58:12.549194,738.0,5.45751,5.45751,0.0,0.0,0.971703,0.971703,0.0,0.0,INR,80.98,80.98,0.0,0.0,True,ToD,single_greedy,0.0,0.0,False,False
GS-JOB-000304,ml-platform,ANALYTICS,IN-PB,3.28,48,2026-09-15T14:06:12.564370,2026-09-15T14:54:12.564370,501.0,1.64328,1.64328,0.0,0.0,0.35424,0.35424,0.0,0.0,INR,29.52,29.52,0.0,0.0,True,ToD,single_greedy,0.0,0.0,False,False
GS-JOB-000305,operations,BACKUP,US-CA,2.354,64,2026-09-15T19:00:00,2026-09-15T20:04:00,129.0,0.303666,0.590854,0.287188,48.61,0.270286,0.270286,0.0,0.0,USD,0.27,0.27,0.0,4.9,True,ToD,single_greedy,0.0,0.0,False,False
GS-JOB-000306,ml-platform,ANALYTICS,US-NY,1.32,24,2026-09-15T14:06:12.616394,2026-09-15T14:30:12.616394,321.0,0.42372,0.42372,0.0,0.0,0.27456,0.27456,0.0,0.0,USD,0.27,0.27,0.0,0.0,True,Demand,single_greedy,0.0,0.0,False,False
GS-JOB-000307,analytics,REPORT_GENERATION,US-TX,14.1,169,2026-09-15T15:00:00,2026-09-15T17:49:00,245.0,3.4545,3.5391,0.0846,2.39,0.862864,0.862864,0.0,0.0,USD,0.86,0.86,0.0,0.9,True,Flat,single_greedy,0.0,0.0,False,False
GS-JOB-000308,analytics,IMAGE_PROCESSING,SE,49.88,258,2026-09-15T14:06:12.680981,2026-09-15T18:24:12.680981,17.0,0.84796,0.84796,0.0,0.0,0.161112,0.161112,0.0,0.0,SEK,1.7,1.7,0.0,0.0,True,Demand,single_greedy,0.0,0.0,False,False
GS-JOB-000309,ml-platform,ANALYTICS,AU-SA-Large,2.052,65,2026-09-15T14:06:12.699581,2026-09-15T15:11:12.699581,42.0,0.086184,0.086184,0.0,0.0,0.0,0.0,0.0,0.0,AUD,0.0,0.0,0.0,0.0,True,Demand,single_greedy,0.0,0.0,False,False
GS-JOB-000310,finance,REPORT_GENERATION,AU-SA-Small,10.406,145,2026-09-15T14:06:12.715669,2026-09-15T16:31:12.715669,42.0,0.437052,0.437052,0.0,0.0,0.608751,0.608751,0.0,0.0,AUD,0.94,0.94,0.0,0.0,True,ToD,single_greedy,0.0,0.0,False,False
GS-JOB-000311,analytics,BACKUP,IN-TG,19.602,178,2026-09-15T14:06:12.737152,2026-09-15T17:04:12.737152,609.0,11.937618,11.937618,0.0,0.0,2.05821,2.05821,0.0,0.0,INR,171.52,171.52,0.0,0.0,True,ToD,single_greedy,0.0,0.0,False,False
GS-JOB-000312,finance,ETL,IN-GJ,4.599,44,2026-09-15T15:00:00,2026-09-15T15:44:00,682.0,3.136518,3.141117,0.004599,0.15,0.245587,0.245587,0.0,0.0,INR,20.47,20.47,0.0,0.9,True,ToD,single_greedy,0.0,0.0,False,False
GS-JOB-000313,finance,REPORT_GENERATION,IN-WB,6.107,118,2026-09-15T18:00:00,2026-09-15T19:58:00,744.0,4.543608,4.506966,0.0,0.0,0.326114,0.80246,0.476346,59.36,INR,27.18,66.87,39.7,3.9,True,ToD,single_greedy,0.0,0.0,False,False
GS-JOB-000314,data-engineering,ETL,IN-PB,17.284,179,2026-09-15T17:00:00,2026-09-15T19:59:00,520.0,8.98768,8.659284,0.0,0.0,1.244448,1.866672,0.622224,33.33,INR,103.7,155.56,51.85,2.9,True,ToD,single_greedy,0.0,0.0,False,False
GS-JOB-000315,data-engineering,ETL,US-CA,22.387,220,2026-09-15T14:06:12.837893,2026-09-15T17:46:12.837893,251.0,5.619137,5.619137,0.0,0.0,2.570475,2.570475,0.0,0.0,USD,2.57,2.57,0.0,0.0,True,ToD,single_greedy,0.0,0.0,False,False
GS-JOB-000316,ml-platform,DATA_PROCESSING,US-NY,2.739,50,2026-09-15T14:06:12.858797,2026-09-15T14:56:12.858797,321.0,0.879219,0.879219,0.0,0.0,0.569712,0.569712,0.0,0.0,USD,0.57,0.57,0.0,0.0,True,Demand,single_greedy,0.0,0.0,False,False
GS-JOB-000317,data-engineering,ETL,US-TX,10.302,121,2026-09-15T15:00:00,2026-09-15T17:01:00,245.0,2.52399,2.585802,0.061812,2.39,0.630441,0.630441,0.0,0.0,USD,0.63,0.63,0.0,0.9,True,Flat,single_greedy,0.0,0.0,False,False
GS-JOB-000318,finance,REPORT_GENERATION,SE,5.684,59,2026-09-15T14:06:12.964830,2026-09-15T15:05:12.964830,17.0,0.096628,0.096628,0.0,0.0,0.018359,0.018359,0.0,0.0,SEK,0.19,0.19,0.0,0.0,True,Demand,single_greedy,0.0,0.0,False,False
GS-JOB-000319,operations,BACKUP,AU-SA-Large,13.124,116,2026-09-15T14:06:12.996706,2026-09-15T16:02:12.996706,42.0,0.551208,0.551208,0.0,0.0,0.0,0.0,0.0,0.0,AUD,0.0,0.0,0.0,0.0,True,Demand,single_greedy,0.0,0.0,False,False
GS-JOB-000320,finance,ETL,AU-SA-Small,25.364,224,2026-09-15T14:06:13.018217,2026-09-15T17:50:13.018217,42.0,1.065288,1.065288,0.0,0.0,1.483794,1.483794,0.0,0.0,AUD,2.28,2.28,0.0,0.0,True,ToD,single_greedy,0.0,0.0,False,False
GS-JOB-000321,data-engineering,ETL,IN-TG,5.733,164,2026-09-15T14:06:13.037811,2026-09-15T16:50:13.037811,609.0,3.491397,3.491397,0.0,0.0,0.601965,0.601965,0.0,0.0,INR,50.16,50.16,0.0,0.0,True,ToD,single_greedy,0.0,0.0,False,False
GS-JOB-000322,data-engineering,ETL,IN-GJ,3.75,45,2026-09-15T15:00:00,2026-09-15T15:45:00,682.0,2.5575,2.56125,0.00375,0.15,0.20025,0.20025,0.0,0.0,INR,16.69,16.69,0.0,0.9,True,ToD,single_greedy,0.0,0.0,False,False
GS-JOB-000323,ml-platform,DATA_PROCESSING,IN-WB,3.51,70,2026-09-15T18:00:00,2026-09-15T19:10:00,744.0,2.61144,2.59038,0.0,0.0,0.187434,0.461214,0.27378,59.36,INR,15.62,38.43,22.81,3.9,True,ToD,single_greedy,0.0,0.0,False,False
GS-JOB-000324,operations,BACKUP,IN-PB,6.608,67,2026-09-15T14:06:13.132179,2026-09-15T15:13:13.132179,501.0,3.310608,3.310608,0.0,0.0,0.713664,0.713664,0.0,0.0,INR,59.47,59.47,0.0,0.0,True,ToD,single_greedy,0.0,0.0,False,False
GS-JOB-000325,data-engineering,DATA_PROCESSING,US-CA,3.78,84,2026-09-15T14:06:13.151957,2026-09-15T15:30:13.151957,251.0,0.94878,0.94878,0.0,0.0,0.43402,0.43402,0.0,0.0,USD,0.43,0.43,0.0,0.0,True,ToD,single_greedy,0.0,0.0,False,False
GS-JOB-000327,operations,DATA_PROCESSING,US-TX,0.512,19,2026-09-15T15:00:00,2026-09-15T15:19:00,245.0,0.12544,0.128512,0.003072,2.39,0.031332,0.031332,0.0,0.0,USD,0.03,0.03,0.0,0.9,True,Flat,single_greedy,0.0,0.0,False,False
GS-JOB-000328,finance,DATA_PROCESSING,SE,2.66,80,2026-09-15T14:06:13.236369,2026-09-15T15:26:13.236369,17.0,0.04522,0.04522,0.0,0.0,0.008592,0.008592,0.0,0.0,SEK,0.09,0.09,0.0,0.0,True,Demand,single_greedy,0.0,0.0,False,False
GS-JOB-000329,operations,BACKUP,AU-SA-Large,5.159,40,2026-09-15T14:06:13.251784,2026-09-15T14:46:13.251784,42.0,0.216678,0.216678,0.0,0.0,0.0,0.0,0.0,0.0,AUD,0.0,0.0,0.0,0.0,True,Demand,single_greedy,0.0,0.0,False,False
GS-JOB-000330,data-engineering,ETL,AU-SA-Small,19.1,229,2026-09-15T14:06:13.270292,2026-09-15T17:55:13.270292,42.0,0.8022,0.8022,0.0,0.0,1.11735,1.11735,0.0,0.0,AUD,1.72,1.72,0.0,0.0,True,ToD,single_greedy,0.0,0.0,False,False
GS-JOB-000331,operations,DATA_PROCESSING,IN-TG,1.44,48,2026-09-15T17:00:00,2026-09-15T17:48:00,610.0,0.8784,0.87696,0.0,0.0,0.123552,0.1512,0.027648,18.29,INR,10.3,12.6,2.3,2.9,True,ToD,single_greedy,0.0,0.0,False,False
GS-JOB-000332,data-engineering,ETL,IN-GJ,11.28,72,2026-09-15T14:06:13.313641,2026-09-15T15:18:13.313641,683.0,7.70424,7.70424,0.0,0.0,0.602352,0.602352,0.0,0.0,INR,50.2,50.2,0.0,0.0,True,ToD,single_greedy,0.0,0.0,False,False
GS-JOB-000333,finance,ETL,IN-WB,9.398,76,2026-09-15T14:06:13.331165,2026-09-15T15:22:13.331165,738.0,6.935724,6.935724,0.0,0.0,1.234897,1.234897,0.0,0.0,INR,102.91,102.91,0.0,0.0,True,ToD,single_greedy,0.0,0.0,False,False
GS-JOB-000334,finance,REPORT_GENERATION,IN-PB,6.996,79,2026-09-15T14:06:13.347952,2026-09-15T15:25:13.347952,501.0,3.504996,3.504996,0.0,0.0,0.755568,0.755568,0.0,0.0,INR,62.96,62.96,0.0,0.0,True,ToD,single_greedy,0.0,0.0,False,False
GS-JOB-000335,data-engineering,ETL,US-CA,28.236,217,2026-09-15T19:00:00,2026-09-15T22:37:00,129.0,3.642444,7.087236,3.444792,48.61,3.242058,3.242058,0.0,0.0,USD,3.24,3.24,0.0,4.9,True,ToD,single_greedy,0.0,0.0,False,False
GS-JOB-000336,operations,DATA_PROCESSING,US-NY,3.162,56,2026-09-15T14:06:13.433346,2026-09-15T15:02:13.433346,321.0,1.015002,1.015002,0.0,0.0,0.657696,0.657696,0.0,0.0,USD,0.66,0.66,0.0,0.0,True,Demand,single_greedy,0.0,0.0,False,False
GS-JOB-000338,ml-platform,DATA_PROCESSING,SE,4.224,77,2026-09-15T14:06:13.489402,2026-09-15T15:23:13.489402,17.0,0.071808,0.071808,0.0,0.0,0.013644,0.013644,0.0,0.0,SEK,0.14,0.14,0.0,0.0,True,Demand,single_greedy,0.0,0.0,False,False
GS-JOB-000339,data-engineering,ETL,AU-SA-Large,20.658,188,2026-09-15T14:06:13.554488,2026-09-15T17:14:13.554488,42.0,0.867636,0.867636,0.0,0.0,0.0,0.0,0.0,0.0,AUD,0.0,0.0,0.0,0.0,True,Demand,single_greedy,0.0,0.0,False,False
GS-JOB-000340,finance,REPORT_GENERATION,AU-SA-Small,3.078,97,2026-09-15T14:06:13.576030,2026-09-15T15:43:13.576030,42.0,0.129276,0.129276,0.0,0.0,0.180063,0.180063,0.0,0.0,AUD,0.28,0.28,0.0,0.0,True,ToD,single_greedy,0.0,0.0,False,False
GS-JOB-000341,data-engineering,ETL,IN-TG,10.71,92,2026-09-15T17:00:00,2026-09-15T18:32:00,610.0,6.5331,6.52239,0.0,0.0,0.918918,1.12455,0.205632,18.29,INR,76.58,93.71,17.14,2.9,True,ToD,single_greedy,0.0,0.0,False,False
GS-JOB-000342,finance,ETL,IN-GJ,3.503,68,2026-09-15T14:06:13.644548,2026-09-15T15:14:13.644548,683.0,2.392549,2.392549,0.0,0.0,0.18706,0.18706,0.0,0.0,INR,15.59,15.59,0.0,0.0,True,ToD,single_greedy,0.0,0.0,False,False
GS-JOB-000343,operations,DATA_PROCESSING,IN-WB,1.215,27,2026-09-15T14:06:13.662126,2026-09-15T14:33:13.662126,738.0,0.89667,0.89667,0.0,0.0,0.159651,0.159651,0.0,0.0,INR,13.3,13.3,0.0,0.0,True,ToD,single_greedy,0.0,0.0,False,False
GS-JOB-000344,data-engineering,ETL,IN-PB,24.64,211,2026-09-15T17:00:00,2026-09-15T20:31:00,520.0,12.8128,12.34464,0.0,0.0,1.77408,2.66112,0.88704,33.33,INR,147.84,221.76,73.92,2.9,True,ToD,single_greedy,0.0,0.0,False,False
GS-JOB-000345,operations,BACKUP,US-CA,3.955,68,2026-09-15T19:00:00,2026-09-15T20:08:00,129.0,0.510195,0.992705,0.48251,48.61,0.454113,0.454113,0.0,0.0,USD,0.45,0.45,0.0,4.9,True,ToD,single_greedy,0.0,0.0,False,False
GS-JOB-000346,analytics,DATA_PROCESSING,US-NY,1.675,40,2026-09-15T14:06:13.725938,2026-09-15T14:46:13.725938,321.0,0.537675,0.537675,0.0,0.0,0.3484,0.3484,0.0,0.0,USD,0.35,0.35,0.0,0.0,True,Demand,single_greedy,0.0,0.0,False,False
GS-JOB-000347,operations,BACKUP,US-TX,3.655,51,2026-09-15T15:00:00,2026-09-15T15:51:00,245.0,0.895475,0.917405,0.02193,2.39,0.223671,0.223671,0.0,0.0,USD,0.22,0.22,0.0,0.9,True,Flat,single_greedy,0.0,0.0,False,False
GS-JOB-000348,analytics,DATA_PROCESSING,SE,0.798,23,2026-09-15T14:06:13.798920,2026-09-15T14:29:13.798920,17.0,0.013566,0.013566,0.0,0.0,0.002578,0.002578,0.0,0.0,SEK,0.03,0.03,0.0,0.0,True,Demand,single_greedy,0.0,0.0,False,False
GS-JOB-000349,data-engineering,ETL,AU-SA-Large,7.83,81,2026-09-15T14:06:13.853024,2026-09-15T15:27:13.853024,42.0,0.32886,0.32886,0.0,0.0,0.0,0.0,0.0,0.0,AUD,0.0,0.0,0.0,0.0,True,Demand,single_greedy,0.0,0.0,False,False
GS-JOB-000350,data-engineering,ETL,AU-SA-Small,8.155,140,2026-09-15T14:06:13.891005,2026-09-15T16:26:13.891005,42.0,0.34251,0.34251,0.0,0.0,0.477067,0.477067,0.0,0.0,AUD,0.73,0.73,0.0,0.0,True,ToD,single_greedy,0.0,0.0,False,False
GS-JOB-000351,data-engineering,ETL,IN-TG,25.976,229,2026-09-15T17:00:00,2026-09-15T20:49:00,610.0,15.84536,15.819384,0.0,0.0,2.228741,2.72748,0.498739,18.29,INR,185.73,227.29,41.56,2.9,True,ToD,single_greedy,0.0,0.0,False,False
GS-JOB-000352,finance,BACKUP,IN-GJ,2.482,44,2026-09-15T15:00:00,2026-09-15T15:44:00,682.0,1.692724,1.695206,0.002482,0.15,0.132539,0.132539,0.0,0.0,INR,11.04,11.04,0.0,0.9,True,ToD,single_greedy,0.0,0.0,False,False
GS-JOB-000353,ml-platform,ML_TRAINING,IN-WB,164.004,415,2026-09-15T14:06:13.955551,2026-09-15T21:01:13.955551,738.0,121.034952,121.034952,0.0,0.0,21.550126,21.550126,0.0,0.0,INR,1795.84,1795.84,0.0,0.0,True,ToD,single_greedy,0.0,0.0,False,False
GS-JOB-000354,data-engineering,ETL,IN-PB,7.665,63,2026-09-15T14:06:13.973074,2026-09-15T15:09:13.973074,501.0,3.840165,3.840165,0.0,0.0,0.82782,0.82782,0.0,0.0,INR,68.98,68.98,0.0,0.0,True,ToD,single_greedy,0.0,0.0,False,False
GS-JOB-000355,operations,BACKUP,US-CA,6.425,154,2026-09-15T17:00:00,2026-09-15T19:34:00,134.0,0.86095,1.612675,0.751725,46.61,0.737719,0.737719,0.0,0.0,USD,0.74,0.74,0.0,2.9,True,ToD,single_greedy,0.0,0.0,False,False
GS-JOB-000356,data-engineering,ETL,US-NY,9.15,110,2026-09-15T14:06:14.031544,2026-09-15T15:56:14.031544,321.0,2.93715,2.93715,0.0,0.0,1.9032,1.9032,0.0,0.0,USD,1.9,1.9,0.0,0.0,True,Demand,single_greedy,0.0,0.0,False,False
GS-JOB-000357,analytics,IMAGE_PROCESSING,US-TX,22.746,134,2026-09-15T15:00:00,2026-09-15T17:14:00,245.0,5.57277,5.709246,0.136476,2.39,1.391964,1.391964,0.0,0.0,USD,1.39,1.39,0.0,0.9,True,Flat,single_greedy,0.0,0.0,False,False
GS-JOB-000358,operations,BACKUP,SE,12.628,172,2026-09-15T14:06:14.124799,2026-09-15T16:58:14.124799,17.0,0.214676,0.214676,0.0,0.0,0.040788,0.040788,0.0,0.0,SEK,0.43,0.43,0.0,0.0,True,Demand,single_greedy,0.0,0.0,False,False
GS-JOB-000359,ml-platform,ANALYTICS,AU-SA-Large,3.872,53,2026-09-15T14:06:14.144815,2026-09-15T14:59:14.144815,42.0,0.162624,0.162624,0.0,0.0,0.0,0.0,0.0,0.0,AUD,0.0,0.0,0.0,0.0,True,Demand,single_greedy,0.0,0.0,False,False
GS-JOB-000360,operations,DATA_PROCESSING,AU-SA-Small,3.395,58,2026-09-15T14:06:14.174189,2026-09-15T15:04:14.174189,42.0,0.14259,0.14259,0.0,0.0,0.198608,0.198608,0.0,0.0,AUD,0.31,0.31,0.0,0.0,True,ToD,single_greedy,0.0,0.0,False,False
GS-JOB-000361,data-engineering,ANALYTICS,IN-TG,3.283,40,2026-09-15T14:06:14.191793,2026-09-15T14:46:14.191793,609.0,1.999347,1.999347,0.0,0.0,0.344715,0.344715,0.0,0.0,INR,28.73,28.73,0.0,0.0,True,ToD,single_greedy,0.0,0.0,False,False
GS-JOB-000362,finance,REPORT_GENERATION,IN-GJ,1.38,36,2026-09-15T15:00:00,2026-09-15T15:36:00,682.0,0.94116,0.94254,0.00138,0.15,0.073692,0.073692,0.0,0.0,INR,6.14,6.14,0.0,0.9,True,ToD,single_greedy,0.0,0.0,False,False
GS-JOB-000363,ml-platform,IMAGE_PROCESSING,IN-WB,68.705,273,2026-09-15T18:00:00,2026-09-15T22:33:00,744.0,51.11652,50.70429,0.0,0.0,3.668847,9.027837,5.35899,59.36,INR,305.74,752.32,446.58,3.9,True,ToD,single_greedy,0.0,0.0,False,False
GS-JOB-000364,data-engineering,BACKUP,IN-PB,8.316,119,2026-09-15T14:06:14.254841,2026-09-15T16:05:14.254841,501.0,4.166316,4.166316,0.0,0.0,0.898128,0.898128,0.0,0.0,INR,74.84,74.84,0.0,0.0,True,ToD,single_greedy,0.0,0.0,False,False
GS-JOB-000365,operations,BACKUP,US-CA,4.884,79,2026-09-15T19:00:00,2026-09-15T20:19:00,129.0,0.630036,1.225884,0.595848,48.61,0.560781,0.560781,0.0,0.0,USD,0.56,0.56,0.0,4.9,True,ToD,single_greedy,0.0,0.0,False,False
GS-JOB-000366,ml-platform,ANALYTICS,US-NY,1.312,19,2026-09-15T14:06:14.313510,2026-09-15T14:25:14.313510,321.0,0.421152,0.421152,0.0,0.0,0.272896,0.272896,0.0,0.0,USD,0.27,0.27,0.0,0.0,True,Demand,single_greedy,0.0,0.0,False,False
GS-JOB-000367,data-engineering,ETL,US-TX,3.159,70,2026-09-15T15:00:00,2026-09-15T16:10:00,245.0,0.773955,0.792909,0.018954,2.39,0.193318,0.193318,0.0,0.0,USD,0.19,0.19,0.0,0.9,True,Flat,single_greedy,0.0,0.0,False,False
GS-JOB-000368,data-engineering,ETL,SE,6.5,75,2026-09-15T14:06:14.348379,2026-09-15T15:21:14.348379,17.0,0.1105,0.1105,0.0,0.0,0.020995,0.020995,0.0,0.0,SEK,0.22,0.22,0.0,0.0,True,Demand,single_greedy,0.0,0.0,False,False
GS-JOB-000369,operations,DATA_PROCESSING,AU-SA-Large,3.96,79,2026-09-15T14:06:14.377299,2026-09-15T15:25:14.377299,42.0,0.16632,0.16632,0.0,0.0,0.0,0.0,0.0,0.0,AUD,0.0,0.0,0.0,0.0,True,Demand,single_greedy,0.0,0.0,False,False
GS-JOB-000370,operations,BACKUP,AU-SA-Small,6.105,99,2026-09-15T14:06:14.393779,2026-09-15T15:45:14.393779,42.0,0.25641,0.25641,0.0,0.0,0.357143,0.357143,0.0,0.0,AUD,0.55,0.55,0.0,0.0,True,ToD,single_greedy,0.0,0.0,False,False
GS-JOB-000371,operations,DATA_PROCESSING,IN-TG,0.99,33,2026-09-15T17:00:00,2026-09-15T17:33:00,610.0,0.6039,0.60291,0.0,0.0,0.084942,0.10395,0.019008,18.29,INR,7.08,8.66,1.58,2.9,True,ToD,single_greedy,0.0,0.0,False,False
GS-JOB-000372,ml-platform,ETL,IN-GJ,12.312,97,2026-09-15T20:00:00,2026-09-15T21:37:00,684.0,8.421408,8.409096,0.0,0.0,0.590976,0.657461,0.066485,10.11,INR,49.25,54.79,5.54,5.9,True,ToD,single_greedy,0.0,0.0,False,False
GS-JOB-000373,operations,BACKUP,IN-WB,10.199,130,2026-09-15T14:06:14.459424,2026-09-15T16:16:14.459424,738.0,7.526862,7.526862,0.0,0.0,1.340149,1.340149,0.0,0.0,INR,111.68,111.68,0.0,0.0,True,ToD,single_greedy,0.0,0.0,False,False
GS-JOB-000374,data-engineering,IMAGE_PROCESSING,IN-PB,82.39,321,2026-09-15T17:00:00,2026-09-15T22:21:00,520.0,42.8428,41.27739,0.0,0.0,5.93208,8.89812,2.96604,33.33,INR,494.34,741.51,247.17,2.9,True,ToD,single_greedy,0.0,0.0,False,False
GS-JOB-000375,operations,BACKUP,US-CA,4.048,55,2026-09-15T17:00:00,2026-09-15T17:55:00,134.0,0.542432,1.016048,0.473616,46.61,0.464791,0.464791,0.0,0.0,USD,0.46,0.46,0.0,2.9,True,ToD,single_greedy,0.0,0.0,False,False
GS-JOB-000376,operations,REPORT_GENERATION,US-NY,4.34,93,2026-09-15T14:06:14.529664,2026-09-15T15:39:14.529664,321.0,1.39314,1.39314,0.0,0.0,0.90272,0.90272,0.0,0.0,USD,0.9,0.9,0.0,0.0,True,Demand,single_greedy,0.0,0.0,False,False
GS-JOB-000377,data-engineering,ETL,US-TX,27.86,239,2026-09-15T15:00:00,2026-09-15T18:59:00,245.0,6.8257,6.99286,0.16716,2.39,1.704921,1.704921,0.0,0.0,USD,1.7,1.7,0.0,0.9,True,Flat,single_greedy,0.0,0.0,False,False
GS-JOB-000378,ml-platform,ANALYTICS,SE,2.394,34,2026-09-15T14:06:14.569953,2026-09-15T14:40:14.569953,17.0,0.040698,0.040698,0.0,0.0,0.007733,0.007733,0.0,0.0,SEK,0.08,0.08,0.0,0.0,True,Demand,single_greedy,0.0,0.0,False,False
GS-JOB-000379,ml-platform,ANALYTICS,AU-SA-Large,3.68,48,2026-09-15T14:06:14.588800,2026-09-15T14:54:14.588800,42.0,0.15456,0.15456,0.0,0.0,0.0,0.0,0.0,0.0,AUD,0.0,0.0,0.0,0.0,True,Demand,single_greedy,0.0,0.0,False,False
GS-JOB-000380,finance,ETL,AU-SA-Small,38.115,231,2026-09-15T14:06:14.619475,2026-09-15T17:57:14.619475,42.0,1.60083,1.60083,0.0,0.0,2.229728,2.229728,0.0,0.0,AUD,3.43,3.43,0.0,0.0,True,ToD,single_greedy,0.0,0.0,False,False
GS-JOB-000381,finance,ANALYTICS,IN-TG,2.95,71,2026-09-15T14:06:14.636123,2026-09-15T15:17:14.636123,609.0,1.79655,1.79655,0.0,0.0,0.30975,0.30975,0.0,0.0,INR,25.81,25.81,0.0,0.0,True,ToD,single_greedy,0.0,0.0,False,False
GS-JOB-000382,ml-platform,REPORT_GENERATION,IN-GJ,2.771,98,2026-09-15T15:00:00,2026-09-15T16:38:00,682.0,1.889822,1.892593,0.002771,0.15,0.147971,0.147971,0.0,0.0,INR,12.33,12.33,0.0,0.9,True,ToD,single_greedy,0.0,0.0,False,False
GS-JOB-000383,finance,ANALYTICS,IN-WB,2.55,45,2026-09-15T14:06:14.692615,2026-09-15T14:51:14.692615,738.0,1.8819,1.8819,0.0,0.0,0.33507,0.33507,0.0,0.0,INR,27.92,27.92,0.0,0.0,True,ToD,single_greedy,0.0,0.0,False,False
GS-JOB-000384,ml-platform,DATA_PROCESSING,IN-PB,2.1,36,2026-09-15T17:00:00,2026-09-15T17:36:00,520.0,1.092,1.0521,0.0,0.0,0.1512,0.2268,0.0756,33.33,INR,12.6,18.9,6.3,2.9,True,ToD,single_greedy,0.0,0.0,False,False
GS-JOB-000385,analytics,IMAGE_PROCESSING,US-CA,35.476,217,2026-09-15T19:00:00,2026-09-15T22:37:00,129.0,4.576404,8.904476,4.328072,48.61,4.073354,4.073354,0.0,0.0,USD,4.07,4.07,0.0,4.9,True,ToD,single_greedy,0.0,0.0,False,False
GS-JOB-000386,ml-platform,ANALYTICS,US-NY,1.68,42,2026-09-15T14:06:14.766758,2026-09-15T14:48:14.766758,321.0,0.53928,0.53928,0.0,0.0,0.34944,0.34944,0.0,0.0,USD,0.35,0.35,0.0,0.0,True,Demand,single_greedy,0.0,0.0,False,False
GS-JOB-000387,ml-platform,ANALYTICS,US-TX,1.68,24,2026-09-15T14:06:14.784848,2026-09-15T14:30:14.784848,251.0,0.42168,0.42168,0.0,0.0,0.102809,0.102809,0.0,0.0,USD,0.1,0.1,0.0,0.0,True,Flat,single_greedy,0.0,0.0,False,False
GS-JOB-000388,operations,BACKUP,SE,11.656,149,2026-09-15T14:06:14.810029,2026-09-15T16:35:14.810029,17.0,0.198152,0.198152,0.0,0.0,0.037649,0.037649,0.0,0.0,SEK,0.4,0.4,0.0,0.0,True,Demand,single_greedy,0.0,0.0,False,False
GS-JOB-000389,data-engineering,ETL,AU-SA-Large,1.197,34,2026-09-15T14:06:14.828534,2026-09-15T14:40:14.828534,42.0,0.050274,0.050274,0.0,0.0,0.0,0.0,0.0,0.0,AUD,0.0,0.0,0.0,0.0,True,Demand,single_greedy,0.0,0.0,False,False
GS-JOB-000390,analytics,IMAGE_PROCESSING,AU-SA-Small,24.282,205,2026-09-15T14:06:14.856654,2026-09-15T17:31:14.856654,42.0,1.019844,1.019844,0.0,0.0,1.420497,1.420497,0.0,0.0,AUD,2.19,2.19,0.0,0.0,True,ToD,single_greedy,0.0,0.0,False,False
GS-JOB-000391,operations,BACKUP,IN-TG,5.508,65,2026-09-15T14:06:14.872359,2026-09-15T15:11:14.872359,609.0,3.354372,3.354372,0.0,0.0,0.57834,0.57834,0.0,0.0,INR,48.2,48.2,0.0,0.0,True,ToD,single_greedy,0.0,0.0,False,False
GS-JOB-000392,operations,REPORT_GENERATION,IN-GJ,4.505,159,2026-09-15T20:00:00,2026-09-15T22:39:00,684.0,3.08142,3.076915,0.0,0.0,0.21624,0.240567,0.024327,10.11,INR,18.02,20.05,2.03,5.9,True,ToD,single_greedy,0.0,0.0,False,False
GS-JOB-000393,data-engineering,ETL,IN-WB,13.44,126,2026-09-15T18:00:00,2026-09-15T20:06:00,744.0,9.99936,9.91872,0.0,0.0,0.717696,1.766016,1.04832,59.36,INR,59.81,147.17,87.36,3.9,True,ToD,single_greedy,0.0,0.0,False,False
GS-JOB-000394,data-engineering,ETL,IN-PB,1.664,31,2026-09-15T14:06:14.959079,2026-09-15T14:37:14.959079,501.0,0.833664,0.833664,0.0,0.0,0.179712,0.179712,0.0,0.0,INR,14.98,14.98,0.0,0.0,True,ToD,single_greedy,0.0,0.0,False,False
GS-JOB-000395,finance,REPORT_GENERATION,US-CA,5.246,73,2026-09-15T19:00:00,2026-09-15T20:13:00,129.0,0.676734,1.316746,0.640012,48.61,0.602346,0.602346,0.0,0.0,USD,0.6,0.6,0.0,4.9,True,ToD,single_greedy,0.0,0.0,False,False
GS-JOB-000396,analytics,ETL,US-NY,21.2,159,2026-09-15T14:06:15.039036,2026-09-15T16:45:15.039036,321.0,6.8052,6.8052,0.0,0.0,4.4096,4.4096,0.0,0.0,USD,4.41,4.41,0.0,0.0,True,Demand,single_greedy,0.0,0.0,False,False
GS-JOB-000397,operations,DATA_PROCESSING,US-TX,2.208,55,2026-09-15T14:06:15.069106,2026-09-15T15:01:15.069106,251.0,0.554208,0.554208,0.0,0.0,0.135121,0.135121,0.0,0.0,USD,0.14,0.14,0.0,0.0,True,Flat,single_greedy,0.0,0.0,False,False
GS-JOB-000398,finance,REPORT_GENERATION,SE,6.831,124,2026-09-15T14:06:15.096196,2026-09-15T16:10:15.096196,17.0,0.116127,0.116127,0.0,0.0,0.022064,0.022064,0.0,0.0,SEK,0.23,0.23,0.0,0.0,True,Demand,single_greedy,0.0,0.0,False,False
GS-JOB-000399,analytics,ETL,AU-SA-Large,1.612,37,2026-09-15T14:06:15.165253,2026-09-15T14:43:15.165253,42.0,0.067704,0.067704,0.0,0.0,0.0,0.0,0.0,0.0,AUD,0.0,0.0,0.0,0.0,True,Demand,single_greedy,0.0,0.0,False,False
GS-JOB-000400,finance,ETL,AU-SA-Small,12.408,169,2026-09-15T14:06:15.185898,2026-09-15T16:55:15.185898,42.0,0.521136,0.521136,0.0,0.0,0.725868,0.725868,0.0,0.0,AUD,1.12,1.12,0.0,0.0,True,ToD,single_greedy,0.0,0.0,False,False
GS-JOB-000401,ml-platform,ETL,IN-TG,12.74,109,2026-09-15T14:06:15.205447,2026-09-15T15:55:15.205447,609.0,7.75866,7.75866,0.0,0.0,1.3377,1.3377,0.0,0.0,INR,111.47,111.47,0.0,0.0,True,ToD,single_greedy,0.0,0.0,False,False
GS-JOB-000402,operations,DATA_PROCESSING,IN-GJ,5.112,85,2026-09-15T20:00:00,2026-09-15T21:25:00,684.0,3.496608,3.491496,0.0,0.0,0.245376,0.272981,0.027605,10.11,INR,20.45,22.75,2.3,5.9,True,ToD,single_greedy,0.0,0.0,False,False
GS-JOB-000403,finance,DATA_PROCESSING,IN-WB,1.15,30,2026-09-15T18:00:00,2026-09-15T18:30:00,744.0,0.8556,0.8487,0.0,0.0,0.06141,0.15111,0.0897,59.36,INR,5.12,12.59,7.47,3.9,True,ToD,single_greedy,0.0,0.0,False,False
GS-JOB-000404,finance,REPORT_GENERATION,IN-PB,4.278,83,2026-09-15T14:06:15.316979,2026-09-15T15:29:15.316979,501.0,2.143278,2.143278,0.0,0.0,0.462024,0.462024,0.0,0.0,INR,38.5,38.5,0.0,0.0,True,ToD,single_greedy,0.0,0.0,False,False
GS-JOB-000405,operations,ANALYTICS,US-CA,3.666,47,2026-09-15T14:06:15.339859,2026-09-15T14:53:15.339859,251.0,0.920166,0.920166,0.0,0.0,0.42093,0.42093,0.0,0.0,USD,0.42,0.42,0.0,0.0,True,ToD,single_greedy,0.0,0.0,False,False
GS-JOB-000407,finance,ANALYTICS,US-TX,2.79,56,2026-09-15T14:06:15.379060,2026-09-15T15:02:15.379060,251.0,0.70029,0.70029,0.0,0.0,0.170737,0.170737,0.0,0.0,USD,0.17,0.17,0.0,0.0,True,Flat,single_greedy,0.0,0.0,False,False
GS-JOB-000409,analytics,IMAGE_PROCESSING,AU-SA-Large,30.55,195,2026-09-15T14:06:15.418173,2026-09-15T17:21:15.418173,42.0,1.2831,1.2831,0.0,0.0,0.0,0.0,0.0,0.0,AUD,0.0,0.0,0.0,0.0,True,Demand,single_greedy,0.0,0.0,False,False
GS-JOB-000410,ml-platform,BACKUP,AU-SA-Small,7.203,88,2026-09-15T14:06:15.440867,2026-09-15T15:34:15.440867,42.0,0.302526,0.302526,0.0,0.0,0.421376,0.421376,0.0,0.0,AUD,0.65,0.65,0.0,0.0,True,ToD,single_greedy,0.0,0.0,False,False
GS-JOB-000411,finance,DATA_PROCESSING,IN-TG,1.8,60,2026-09-15T14:06:15.480893,2026-09-15T15:06:15.480893,609.0,1.0962,1.0962,0.0,0.0,0.189,0.189,0.0,0.0,INR,15.75,15.75,0.0,0.0,True,ToD,single_greedy,0.0,0.0,False,False
GS-JOB-000412,finance,REPORT_GENERATION,IN-GJ,6.7,161,2026-09-15T20:00:00,2026-09-15T22:41:00,684.0,4.5828,4.5761,0.0,0.0,0.3216,0.35778,0.03618,10.11,INR,26.8,29.82,3.02,5.9,True,ToD,single_greedy,0.0,0.0,False,False
GS-JOB-000413,ml-platform,DATA_PROCESSING,IN-WB,2.64,48,2026-09-15T18:00:00,2026-09-15T18:48:00,744.0,1.96416,1.94832,0.0,0.0,0.140976,0.346896,0.20592,59.36,INR,11.75,28.91,17.16,3.9,True,ToD,single_greedy,0.0,0.0,False,False
GS-JOB-000414,finance,BACKUP,IN-PB,5.2,39,2026-09-15T14:06:15.624530,2026-09-15T14:45:15.624530,501.0,2.6052,2.6052,0.0,0.0,0.5616,0.5616,0.0,0.0,INR,46.8,46.8,0.0,0.0,True,ToD,single_greedy,0.0,0.0,False,False
GS-JOB-000415,analytics,IMAGE_PROCESSING,US-CA,46.948,233,2026-09-15T16:00:00,2026-09-15T19:53:00,139.0,6.525772,11.783948,5.258176,44.62,5.390569,5.390569,0.0,0.0,USD,5.39,5.39,0.0,1.9,True,ToD,single_greedy,0.0,0.0,False,False
GS-JOB-000416,analytics,ANALYTICS,US-NY,3.255,63,2026-09-15T14:06:15.669530,2026-09-15T15:09:15.669530,321.0,1.044855,1.044855,0.0,0.0,0.67704,0.67704,0.0,0.0,USD,0.68,0.68,0.0,0.0,True,Demand,single_greedy,0.0,0.0,False,False
GS-JOB-000417,analytics,IMAGE_PROCESSING,US-TX,32.319,308,2026-09-15T15:00:00,2026-09-15T20:08:00,245.0,7.918155,8.112069,0.193914,2.39,1.977794,1.977794,0.0,0.0,USD,1.98,1.98,0.0,0.9,True,Flat,single_greedy,0.0,0.0,False,False
GS-JOB-000418,ml-platform,ETL,SE,11.68,96,2026-09-15T14:06:15.728234,2026-09-15T15:42:15.728234,17.0,0.19856,0.19856,0.0,0.0,0.037726,0.037726,0.0,0.0,SEK,0.4,0.4,0.0,0.0,True,Demand,single_greedy,0.0,0.0,False,False
GS-JOB-000419,operations,BACKUP,AU-SA-Large,17.739,146,2026-09-15T14:06:15.782273,2026-09-15T16:32:15.782273,42.0,0.745038,0.745038,0.0,0.0,0.0,0.0,0.0,0.0,AUD,0.0,0.0,0.0,0.0,True,Demand,single_greedy,0.0,0.0,False,False
GS-JOB-000420,finance,REPORT_GENERATION,AU-SA-Small,8.004,83,2026-09-15T14:06:15.814628,2026-09-15T15:29:15.814628,42.0,0.336168,0.336168,0.0,0.0,0.468234,0.468234,0.0,0.0,AUD,0.72,0.72,0.0,0.0,True,ToD,single_greedy,0.0,0.0,False,False
GS-JOB-000421,finance,ANALYTICS,IN-TG,1.632,29,2026-09-15T14:06:15.832152,2026-09-15T14:35:15.832152,609.0,0.993888,0.993888,0.0,0.0,0.17136,0.17136,0.0,0.0,INR,14.28,14.28,0.0,0.0,True,ToD,single_greedy,0.0,0.0,False,False
GS-JOB-000422,operations,DATA_PROCESSING,IN-GJ,1.6,30,2026-09-15T17:00:00,2026-09-15T17:30:00,686.0,1.0976,1.0928,0.0,0.0,0.0768,0.08544,0.00864,10.11,INR,6.4,7.12,0.72,2.9,True,ToD,single_greedy,0.0,0.0,False,False
GS-JOB-000423,finance,ML_TRAINING,IN-WB,58.692,175,2026-09-15T14:06:15.872793,2026-09-15T17:01:15.872793,738.0,43.314696,43.314696,0.0,0.0,7.712129,7.712129,0.0,0.0,INR,642.68,642.68,0.0,0.0,True,ToD,single_greedy,0.0,0.0,False,False
GS-JOB-000424,data-engineering,ETL,IN-PB,2.278,40,2026-09-15T17:00:00,2026-09-15T17:40:00,520.0,1.18456,1.141278,0.0,0.0,0.164016,0.246024,0.082008,33.33,INR,13.67,20.5,6.83,2.9,True,ToD,single_greedy,0.0,0.0,False,False
GS-JOB-000425,operations,DATA_PROCESSING,US-CA,3.22,84,2026-09-15T14:06:15.945101,2026-09-15T15:30:15.945101,251.0,0.80822,0.80822,0.0,0.0,0.36972,0.36972,0.0,0.0,USD,0.37,0.37,0.0,0.0,True,ToD,single_greedy,0.0,0.0,False,False
GS-JOB-000428,analytics,DATA_PROCESSING,SE,2.037,58,2026-09-15T14:06:16.007220,2026-09-15T15:04:16.007220,17.0,0.034629,0.034629,0.0,0.0,0.00658,0.00658,0.0,0.0,SEK,0.07,0.07,0.0,0.0,True,Demand,single_greedy,0.0,0.0,False,False
GS-JOB-000429,operations,DATA_PROCESSING,AU-SA-Large,1.344,29,2026-09-15T14:06:16.033883,2026-09-15T14:35:16.033883,42.0,0.056448,0.056448,0.0,0.0,0.0,0.0,0.0,0.0,AUD,0.0,0.0,0.0,0.0,True,Demand,single_greedy,0.0,0.0,False,False
GS-JOB-000430,operations,BACKUP,AU-SA-Small,6.12,92,2026-09-15T14:06:16.066954,2026-09-15T15:38:16.066954,42.0,0.25704,0.25704,0.0,0.0,0.35802,0.35802,0.0,0.0,AUD,0.55,0.55,0.0,0.0,True,ToD,single_greedy,0.0,0.0,False,False
GS-JOB-000432,operations,ETL,IN-GJ,27.972,200,2026-09-15T15:00:00,2026-09-15T18:20:00,682.0,19.076904,19.104876,0.027972,0.15,1.493705,1.493705,0.0,0.0,INR,124.48,124.48,0.0,0.9,True,ToD,single_greedy,0.0,0.0,False,False
GS-JOB-000433,data-engineering,ETL,IN-WB,18.48,168,2026-09-15T14:06:16.138997,2026-09-15T16:54:16.138997,738.0,13.63824,13.63824,0.0,0.0,2.428272,2.428272,0.0,0.0,INR,202.36,202.36,0.0,0.0,True,ToD,single_greedy,0.0,0.0,False,False
GS-JOB-000434,data-engineering,BACKUP,IN-PB,8.639,98,2026-09-15T14:06:16.160790,2026-09-15T15:44:16.160790,501.0,4.328139,4.328139,0.0,0.0,0.933012,0.933012,0.0,0.0,INR,77.75,77.75,0.0,0.0,True,ToD,single_greedy,0.0,0.0,False,False
GS-JOB-000435,operations,DATA_PROCESSING,US-CA,4.64,87,2026-09-15T19:00:00,2026-09-15T20:27:00,129.0,0.59856,1.16464,0.56608,48.61,0.532765,0.532765,0.0,0.0,USD,0.53,0.53,0.0,4.9,True,ToD,single_greedy,0.0,0.0,False,False
GS-JOB-000436,analytics,ETL,US-NY,17.983,220,2026-09-15T14:06:16.216993,2026-09-15T17:46:16.216993,321.0,5.772543,5.772543,0.0,0.0,3.740464,3.740464,0.0,0.0,USD,3.74,3.74,0.0,0.0,True,Demand,single_greedy,0.0,0.0,False,False
GS-JOB-000437,finance,ETL,US-TX,8.71,78,2026-09-15T15:00:00,2026-09-15T16:18:00,245.0,2.13395,2.18621,0.05226,2.39,0.533017,0.533017,0.0,0.0,USD,0.53,0.53,0.0,0.9,True,Flat,single_greedy,0.0,0.0,False,False
GS-JOB-000438,data-engineering,BACKUP,SE,17.884,158,2026-09-15T14:06:16.265536,2026-09-15T16:44:16.265536,17.0,0.304028,0.304028,0.0,0.0,0.057765,0.057765,0.0,0.0,SEK,0.61,0.61,0.0,0.0,True,Demand,single_greedy,0.0,0.0,False,False
GS-JOB-000439,operations,DATA_PROCESSING,AU-SA-Large,0.825,20,2026-09-15T14:06:16.329140,2026-09-15T14:26:16.329140,42.0,0.03465,0.03465,0.0,0.0,0.0,0.0,0.0,0.0,AUD,0.0,0.0,0.0,0.0,True,Demand,single_greedy,0.0,0.0,False,False
GS-JOB-000440,finance,REPORT_GENERATION,AU-SA-Small,4.312,46,2026-09-15T14:06:16.348700,2026-09-15T14:52:16.348700,42.0,0.181104,0.181104,0.0,0.0,0.252252,0.252252,0.0,0.0,AUD,0.39,0.39,0.0,0.0,True,ToD,single_greedy,0.0,0.0,False,False
GS-JOB-000441,operations,DATA_PROCESSING,IN-TG,1.596,34,2026-09-15T14:06:16.366153,2026-09-15T14:40:16.366153,609.0,0.971964,0.971964,0.0,0.0,0.16758,0.16758,0.0,0.0,INR,13.96,13.96,0.0,0.0,True,ToD,single_greedy,0.0,0.0,False,False
GS-JOB-000442,data-engineering,ETL,IN-GJ,8.25,75,2026-09-15T20:00:00,2026-09-15T21:15:00,684.0,5.643,5.63475,0.0,0.0,0.396,0.44055,0.04455,10.11,INR,33.0,36.71,3.71,5.9,True,ToD,single_greedy,0.0,0.0,False,False
GS-JOB-000443,operations,BACKUP,IN-WB,11.88,99,2026-09-15T14:06:16.412134,2026-09-15T15:45:16.412134,738.0,8.76744,8.76744,0.0,0.0,1.561032,1.561032,0.0,0.0,INR,130.09,130.09,0.0,0.0,True,ToD,single_greedy,0.0,0.0,False,False
GS-JOB-000444,finance,REPORT_GENERATION,IN-PB,8.077,118,2026-09-15T14:06:16.430157,2026-09-15T16:04:16.430157,501.0,4.046577,4.046577,0.0,0.0,0.872316,0.872316,0.0,0.0,INR,72.69,72.69,0.0,0.0,True,ToD,single_greedy,0.0,0.0,False,False
GS-JOB-000445,ml-platform,ANALYTICS,US-CA,1.935,27,2026-09-15T14:06:16.446667,2026-09-15T14:33:16.446667,251.0,0.485685,0.485685,0.0,0.0,0.222177,0.222177,0.0,0.0,USD,0.22,0.22,0.0,0.0,True,ToD,single_greedy,0.0,0.0,False,False
GS-JOB-000446,data-engineering,ETL,US-NY,5.822,49,2026-09-15T14:06:16.467898,2026-09-15T14:55:16.467898,321.0,1.868862,1.868862,0.0,0.0,1.210976,1.210976,0.0,0.0,USD,1.21,1.21,0.0,0.0,True,Demand,single_greedy,0.0,0.0,False,False
GS-JOB-000447,operations,REPORT_GENERATION,US-TX,6.38,66,2026-09-15T14:06:16.486882,2026-09-15T15:12:16.486882,251.0,1.60138,1.60138,0.0,0.0,0.39043,0.39043,0.0,0.0,USD,0.39,0.39,0.0,0.0,True,Flat,single_greedy,0.0,0.0,False,False
GS-JOB-000449,analytics,BACKUP,AU-SA-Large,3.432,86,2026-09-15T14:06:16.523637,2026-09-15T15:32:16.523637,42.0,0.144144,0.144144,0.0,0.0,0.0,0.0,0.0,0.0,AUD,0.0,0.0,0.0,0.0,True,Demand,single_greedy,0.0,0.0,False,False
GS-JOB-000450,data-engineering,ETL,AU-SA-Small,3.335,69,2026-09-15T14:06:16.555329,2026-09-15T15:15:16.555329,42.0,0.14007,0.14007,0.0,0.0,0.195098,0.195098,0.0,0.0,AUD,0.3,0.3,0.0,0.0,True,ToD,single_greedy,0.0,0.0,False,False
GS-JOB-000451,operations,BACKUP,IN-TG,8.7,87,2026-09-15T14:06:16.573233,2026-09-15T15:33:16.573233,609.0,5.2983,5.2983,0.0,0.0,0.9135,0.9135,0.0,0.0,INR,76.12,76.12,0.0,0.0,True,ToD,single_greedy,0.0,0.0,False,False
GS-JOB-000452,analytics,ANALYTICS,IN-GJ,3.08,42,2026-09-15T14:06:16.595570,2026-09-15T14:48:16.595570,683.0,2.10364,2.10364,0.0,0.0,0.164472,0.164472,0.0,0.0,INR,13.71,13.71,0.0,0.0,True,ToD,single_greedy,0.0,0.0,False,False
GS-JOB-000453,operations,BACKUP,IN-WB,9.453,82,2026-09-15T14:06:16.612466,2026-09-15T15:28:16.612466,738.0,6.976314,6.976314,0.0,0.0,1.242124,1.242124,0.0,0.0,INR,103.51,103.51,0.0,0.0,True,ToD,single_greedy,0.0,0.0,False,False
GS-JOB-000454,operations,DATA_PROCESSING,IN-PB,3.103,64,2026-09-15T17:00:00,2026-09-15T18:04:00,520.0,1.61356,1.554603,0.0,0.0,0.223416,0.335124,0.111708,33.33,INR,18.62,27.93,9.31,2.9,True,ToD,single_greedy,0.0,0.0,False,False
GS-JOB-000455,data-engineering,ETL,US-CA,15.111,124,2026-09-15T18:00:00,2026-09-15T20:04:00,130.0,1.96443,3.792861,1.828431,48.21,1.735045,1.735045,0.0,0.0,USD,1.74,1.74,0.0,3.9,True,ToD,single_greedy,0.0,0.0,False,False
GS-JOB-000456,data-engineering,IMAGE_PROCESSING,US-NY,66.744,247,2026-09-15T14:06:16.709016,2026-09-15T18:13:16.709016,321.0,21.424824,21.424824,0.0,0.0,13.882752,13.882752,0.0,0.0,USD,13.88,13.88,0.0,0.0,True,Demand,single_greedy,0.0,0.0,False,False
GS-JOB-000457,ml-platform,REPORT_GENERATION,US-TX,4.96,93,2026-09-15T14:06:16.724533,2026-09-15T15:39:16.724533,251.0,1.24496,1.24496,0.0,0.0,0.303532,0.303532,0.0,0.0,USD,0.3,0.3,0.0,0.0,True,Flat,single_greedy,0.0,0.0,False,False
GS-JOB-000458,finance,ETL,SE,9.9,79,2026-09-15T14:06:16.767201,2026-09-15T15:25:16.767201,17.0,0.1683,0.1683,0.0,0.0,0.031977,0.031977,0.0,0.0,SEK,0.34,0.34,0.0,0.0,True,Demand,single_greedy,0.0,0.0,False,False
GS-JOB-000459,operations,DATA_PROCESSING,AU-SA-Large,0.962,22,2026-09-15T14:06:16.785246,2026-09-15T14:28:16.785246,42.0,0.040404,0.040404,0.0,0.0,0.0,0.0,0.0,0.0,AUD,0.0,0.0,0.0,0.0,True,Demand,single_greedy,0.0,0.0,False,False
GS-JOB-000460,data-engineering,ETL,AU-SA-Small,17.088,107,2026-09-15T14:06:16.815711,2026-09-15T15:53:16.815711,42.0,0.717696,0.717696,0.0,0.0,0.999648,0.999648,0.0,0.0,AUD,1.54,1.54,0.0,0.0,True,ToD,single_greedy,0.0,0.0,False,False
GS-JOB-000461,ml-platform,ANALYTICS,IN-TG,1.33,23,2026-09-15T14:06:16.833643,2026-09-15T14:29:16.833643,609.0,0.80997,0.80997,0.0,0.0,0.13965,0.13965,0.0,0.0,INR,11.64,11.64,0.0,0.0,True,ToD,single_greedy,0.0,0.0,False,False
GS-JOB-000462,ml-platform,ML_TRAINING,IN-GJ,179.904,562,2026-09-15T15:00:00,2026-09-16T00:22:00,682.0,122.694528,122.874432,0.179904,0.15,9.606874,9.606874,0.0,0.0,INR,800.57,800.57,0.0,0.9,True,ToD,single_greedy,0.0,0.0,False,False
GS-JOB-000463,data-engineering,ETL,IN-WB,10.778,190,2026-09-15T14:06:16.880158,2026-09-15T17:16:16.880158,738.0,7.954164,7.954164,0.0,0.0,1.416229,1.416229,0.0,0.0,INR,118.02,118.02,0.0,0.0,True,ToD,single_greedy,0.0,0.0,False,False
GS-JOB-000464,operations,BACKUP,IN-PB,3.835,39,2026-09-15T17:00:00,2026-09-15T17:39:00,520.0,1.9942,1.921335,0.0,0.0,0.27612,0.41418,0.13806,33.33,INR,23.01,34.52,11.5,2.9,True,ToD,single_greedy,0.0,0.0,False,False
GS-JOB-000465,ml-platform,ML_TRAINING,US-CA,208.128,461,2026-09-15T17:00:00,2026-09-16T00:41:00,134.0,27.889152,52.240128,24.350976,46.61,23.897257,23.897257,0.0,0.0,USD,23.9,23.9,0.0,2.9,True,ToD,single_greedy,0.0,0.0,False,False
GS-JOB-000466,operations,DATA_PROCESSING,US-NY,2.96,48,2026-09-15T14:06:17.006482,2026-09-15T14:54:17.006482,321.0,0.95016,0.95016,0.0,0.0,0.61568,0.61568,0.0,0.0,USD,0.62,0.62,0.0,0.0,True,Demand,single_greedy,0.0,0.0,False,False
GS-JOB-000467,operations,DATA_PROCESSING,US-TX,4.94,78,2026-09-15T15:00:00,2026-09-15T16:18:00,245.0,1.2103,1.23994,0.02964,2.39,0.302308,0.302308,0.0,0.0,USD,0.3,0.3,0.0,0.9,True,Flat,single_greedy,0.0,0.0,False,False
GS-JOB-000468,data-engineering,ETL,SE,10.033,76,2026-09-15T14:06:17.071986,2026-09-15T15:22:17.071986,17.0,0.170561,0.170561,0.0,0.0,0.032407,0.032407,0.0,0.0,SEK,0.34,0.34,0.0,0.0,True,Demand,single_greedy,0.0,0.0,False,False
GS-JOB-000469,data-engineering,ETL,AU-SA-Large,8.769,142,2026-09-15T14:06:17.089692,2026-09-15T16:28:17.089692,42.0,0.368298,0.368298,0.0,0.0,0.0,0.0,0.0,0.0,AUD,0.0,0.0,0.0,0.0,True,Demand,single_greedy,0.0,0.0,False,False
GS-JOB-000470,data-engineering,ETL,AU-SA-Small,9.261,206,2026-09-15T14:06:17.117265,2026-09-15T17:32:17.117265,42.0,0.388962,0.388962,0.0,0.0,0.541768,0.541768,0.0,0.0,AUD,0.83,0.83,0.0,0.0,True,ToD,single_greedy,0.0,0.0,False,False
GS-JOB-000471,operations,BACKUP,IN-TG,13.16,113,2026-09-15T17:00:00,2026-09-15T18:53:00,610.0,8.0276,8.01444,0.0,0.0,1.129128,1.3818,0.252672,18.29,INR,94.09,115.15,21.06,2.9,True,ToD,single_greedy,0.0,0.0,False,False
GS-JOB-000472,operations,DATA_PROCESSING,IN-GJ,4.8,90,2026-09-15T14:06:17.177888,2026-09-15T15:36:17.177888,683.0,3.2784,3.2784,0.0,0.0,0.25632,0.25632,0.0,0.0,INR,21.36,21.36,0.0,0.0,True,ToD,single_greedy,0.0,0.0,False,False
GS-JOB-000473,operations,DATA_PROCESSING,IN-WB,1.926,64,2026-09-15T18:00:00,2026-09-15T19:04:00,744.0,1.432944,1.421388,0.0,0.0,0.102848,0.253076,0.150228,59.36,INR,8.57,21.09,12.52,3.9,True,ToD,single_greedy,0.0,0.0,False,False
GS-JOB-000474,operations,BACKUP,IN-PB,12.802,104,2026-09-15T14:06:17.215145,2026-09-15T15:50:17.215145,501.0,6.413802,6.413802,0.0,0.0,1.382616,1.382616,0.0,0.0,INR,115.22,115.22,0.0,0.0,True,ToD,single_greedy,0.0,0.0,False,False
GS-JOB-000475,finance,DATA_PROCESSING,US-CA,1.26,21,2026-09-15T15:00:00,2026-09-15T15:21:00,164.0,0.20664,0.31626,0.10962,34.66,0.144673,0.144673,0.0,0.0,USD,0.14,0.14,0.0,0.9,True,ToD,single_greedy,0.0,0.0,False,False
GS-JOB-000476,data-engineering,ML_TRAINING,US-NY,110.986,253,2026-09-15T14:06:17.251815,2026-09-15T18:19:17.251815,321.0,35.626506,35.626506,0.0,0.0,23.085088,23.085088,0.0,0.0,USD,23.09,23.09,0.0,0.0,True,Demand,single_greedy,0.0,0.0,False,False
GS-JOB-000477,data-engineering,ETL,US-TX,28.032,175,2026-09-15T15:00:00,2026-09-15T17:55:00,245.0,6.86784,7.036032,0.168192,2.39,1.715446,1.715446,0.0,0.0,USD,1.72,1.72,0.0,0.9,True,Flat,single_greedy,0.0,0.0,False,False
GS-JOB-000478,operations,REPORT_GENERATION,SE,8.874,92,2026-09-15T14:06:17.299838,2026-09-15T15:38:17.299838,17.0,0.150858,0.150858,0.0,0.0,0.028663,0.028663,0.0,0.0,SEK,0.3,0.3,0.0,0.0,True,Demand,single_greedy,0.0,0.0,False,False
GS-JOB-000479,operations,DATA_PROCESSING,AU-SA-Large,1.296,43,2026-09-15T14:06:17.338101,2026-09-15T14:49:17.338101,42.0,0.054432,0.054432,0.0,0.0,0.0,0.0,0.0,0.0,AUD,0.0,0.0,0.0,0.0,True,Demand,single_greedy,0.0,0.0,False,False
GS-JOB-000480,ml-platform,ETL,AU-SA-Small,8.52,128,2026-09-15T14:06:17.361556,2026-09-15T16:14:17.361556,42.0,0.35784,0.35784,0.0,0.0,0.49842,0.49842,0.0,0.0,AUD,0.77,0.77,0.0,0.0,True,ToD,single_greedy,0.0,0.0,False,False
GS-JOB-000481,data-engineering,ETL,IN-TG,17.484,113,2026-09-15T17:00:00,2026-09-15T18:53:00,610.0,10.66524,10.647756,0.0,0.0,1.500127,1.83582,0.335693,18.29,INR,125.01,152.99,27.97,2.9,True,ToD,single_greedy,0.0,0.0,False,False
GS-JOB-000482,ml-platform,ML_TRAINING,IN-GJ,76.83,234,2026-09-15T17:00:00,2026-09-15T20:54:00,686.0,52.70538,52.47489,0.0,0.0,3.68784,4.102722,0.414882,10.11,INR,307.32,341.89,34.57,2.9,True,ToD,single_greedy,0.0,0.0,False,False
GS-JOB-000483,ml-platform,ML_TRAINING,IN-WB,87.48,216,2026-09-15T14:06:17.474954,2026-09-15T17:42:17.474954,738.0,64.56024,64.56024,0.0,0.0,11.494872,11.494872,0.0,0.0,INR,957.91,957.91,0.0,0.0,True,ToD,single_greedy,0.0,0.0,False,False
GS-JOB-000484,operations,ANALYTICS,IN-PB,0.48,18,2026-09-15T14:06:17.493601,2026-09-15T14:24:17.493601,501.0,0.24048,0.24048,0.0,0.0,0.05184,0.05184,0.0,0.0,INR,4.32,4.32,0.0,0.0,True,ToD,single_greedy,0.0,0.0,False,False
GS-JOB-000485,finance,BACKUP,US-CA,6.54,131,2026-09-15T19:00:00,2026-09-15T21:11:00,129.0,0.84366,1.64154,0.79788,48.61,0.750923,0.750923,0.0,0.0,USD,0.75,0.75,0.0,4.9,True,ToD,single_greedy,0.0,0.0,False,False
GS-JOB-000486,data-engineering,ETL,US-NY,12.76,139,2026-09-15T14:06:17.542805,2026-09-15T16:25:17.542805,321.0,4.09596,4.09596,0.0,0.0,2.65408,2.65408,0.0,0.0,USD,2.65,2.65,0.0,0.0,True,Demand,single_greedy,0.0,0.0,False,False
GS-JOB-000489,data-engineering,ETL,AU-SA-Large,9.45,105,2026-09-15T14:06:17.612140,2026-09-15T15:51:17.612140,42.0,0.3969,0.3969,0.0,0.0,0.0,0.0,0.0,0.0,AUD,0.0,0.0,0.0,0.0,True,Demand,single_greedy,0.0,0.0,False,False
GS-JOB-000490,data-engineering,ETL,AU-SA-Small,2.645,69,2026-09-15T14:06:17.642910,2026-09-15T15:15:17.642910,42.0,0.11109,0.11109,0.0,0.0,0.154733,0.154733,0.0,0.0,AUD,0.24,0.24,0.0,0.0,True,ToD,single_greedy,0.0,0.0,False,False
GS-JOB-000491,ml-platform,ANALYTICS,IN-TG,1.786,28,2026-09-15T14:06:17.660419,2026-09-15T14:34:17.660419,609.0,1.087674,1.087674,0.0,0.0,0.18753,0.18753,0.0,0.0,INR,15.63,15.63,0.0,0.0,True,ToD,single_greedy,0.0,0.0,False,False
GS-JOB-000492,operations,DATA_PROCESSING,IN-GJ,1.612,31,2026-09-15T17:00:00,2026-09-15T17:31:00,686.0,1.105832,1.100996,0.0,0.0,0.077376,0.086081,0.008705,10.11,INR,6.45,7.17,0.73,2.9,True,ToD,single_greedy,0.0,0.0,False,False
GS-JOB-000493,data-engineering,ETL,IN-WB,2.236,31,2026-09-15T14:06:17.696725,2026-09-15T14:37:17.696725,738.0,1.650168,1.650168,0.0,0.0,0.29381,0.29381,0.0,0.0,INR,24.48,24.48,0.0,0.0,True,ToD,single_greedy,0.0,0.0,False,False
GS-JOB-000494,data-engineering,ETL,IN-PB,7.672,82,2026-09-15T17:00:00,2026-09-15T18:22:00,520.0,3.98944,3.843672,0.0,0.0,0.552384,0.828576,0.276192,33.33,INR,46.03,69.05,23.02,2.9,True,ToD,single_greedy,0.0,0.0,False,False
GS-JOB-000496,ml-platform,ML_TRAINING,US-NY,28.975,183,2026-09-15T14:06:17.761899,2026-09-15T17:09:17.761899,321.0,9.300975,9.300975,0.0,0.0,6.0268,6.0268,0.0,0.0,USD,6.03,6.03,0.0,0.0,True,Demand,single_greedy,0.0,0.0,False,False
GS-JOB-000497,data-engineering,ETL,US-TX,6.125,147,2026-09-15T15:00:00,2026-09-15T17:27:00,245.0,1.500625,1.537375,0.03675,2.39,0.374825,0.374825,0.0,0.0,USD,0.37,0.37,0.0,0.9,True,Flat,single_greedy,0.0,0.0,False,False
GS-JOB-000498,analytics,ETL,SE,14.28,101,2026-09-15T14:06:17.836222,2026-09-15T15:47:17.836222,17.0,0.24276,0.24276,0.0,0.0,0.046124,0.046124,0.0,0.0,SEK,0.49,0.49,0.0,0.0,True,Demand,single_greedy,0.0,0.0,False,False
GS-JOB-000499,operations,BACKUP,AU-SA-Large,13.872,163,2026-09-15T14:06:17.872141,2026-09-15T16:49:17.872141,42.0,0.582624,0.582624,0.0,0.0,0.0,0.0,0.0,0.0,AUD,0.0,0.0,0.0,0.0,True,Demand,single_greedy,0.0,0.0,False,False
GS-JOB-000500,ml-platform,ANALYTICS,AU-SA-Small,1.435,21,2026-09-15T14:06:17.888754,2026-09-15T14:27:17.888754,42.0,0.06027,0.06027,0.0,0.0,0.083948,0.083948,0.0,0.0,AUD,0.13,0.13,0.0,0.0,True,ToD,single_greedy,0.0,0.0,False,False
GS-JOB-000501,analytics,REPORT_GENERATION,IN-TG,9.765,130,2026-09-15T17:00:00,2026-09-15T19:10:00,610.0,5.95665,5.946885,0.0,0.0,0.837837,1.025325,0.187488,18.29,INR,69.82,85.44,15.62,2.9,True,ToD,single_greedy,0.0,0.0,False,False
GS-JOB-000502,operations,DATA_PROCESSING,IN-GJ,1.591,26,2026-09-15T20:00:00,2026-09-15T20:26:00,684.0,1.088244,1.086653,0.0,0.0,0.076368,0.084959,0.008591,10.11,INR,6.36,7.08,0.72,5.9,True,ToD,single_greedy,0.0,0.0,False,False
GS-JOB-000503,data-engineering,ETL,IN-WB,8.624,235,2026-09-15T14:06:18.001527,2026-09-15T18:01:18.001527,738.0,6.364512,6.364512,0.0,0.0,1.133194,1.133194,0.0,0.0,INR,94.43,94.43,0.0,0.0,True,ToD,single_greedy,0.0,0.0,False,False
GS-JOB-000504,ml-platform,ANALYTICS,IN-PB,2.088,35,2026-09-15T14:06:18.017182,2026-09-15T14:41:18.017182,501.0,1.046088,1.046088,0.0,0.0,0.225504,0.225504,0.0,0.0,INR,18.79,18.79,0.0,0.0,True,ToD,single_greedy,0.0,0.0,False,False
GS-JOB-000505,analytics,ETL,US-CA,24.24,182,2026-09-15T19:00:00,2026-09-15T22:02:00,129.0,3.12696,6.08424,2.95728,48.61,2.783237,2.783237,0.0,0.0,USD,2.78,2.78,0.0,4.89,True,ToD,single_greedy,0.0,0.0,False,False
GS-JOB-000506,operations,DATA_PROCESSING,US-NY,3.051,68,2026-09-15T14:06:18.075368,2026-09-15T15:14:18.075368,321.0,0.979371,0.979371,0.0,0.0,0.634608,0.634608,0.0,0.0,USD,0.63,0.63,0.0,0.0,True,Demand,single_greedy,0.0,0.0,False,False
GS-JOB-000507,operations,REPORT_GENERATION,US-TX,4.15,50,2026-09-15T15:00:00,2026-09-15T15:50:00,245.0,1.01675,1.04165,0.0249,2.39,0.253963,0.253963,0.0,0.0,USD,0.25,0.25,0.0,0.89,True,Flat,single_greedy,0.0,0.0,False,False
GS-JOB-000508,operations,ETL,SE,13.4,161,2026-09-15T14:06:18.132903,2026-09-15T16:47:18.132903,17.0,0.2278,0.2278,0.0,0.0,0.043282,0.043282,0.0,0.0,SEK,0.46,0.46,0.0,0.0,True,Demand,single_greedy,0.0,0.0,False,False
GS-JOB-000509,ml-platform,ETL,AU-SA-Large,5.005,86,2026-09-15T14:06:18.168349,2026-09-15T15:32:18.168349,42.0,0.21021,0.21021,0.0,0.0,0.0,0.0,0.0,0.0,AUD,0.0,0.0,0.0,0.0,True,Demand,single_greedy,0.0,0.0,False,False
GS-JOB-000510,operations,DATA_PROCESSING,AU-SA-Small,2.825,68,2026-09-15T14:06:18.230114,2026-09-15T15:14:18.230114,42.0,0.11865,0.11865,0.0,0.0,0.165263,0.165263,0.0,0.0,AUD,0.25,0.25,0.0,0.0,True,ToD,single_greedy,0.0,0.0,False,False
GS-JOB-000511,data-engineering,ETL,IN-TG,17.325,135,2026-09-15T17:00:00,2026-09-15T19:15:00,610.0,10.56825,10.550925,0.0,0.0,1.486485,1.819125,0.33264,18.29,INR,123.87,151.59,27.72,2.89,True,ToD,single_greedy,0.0,0.0,False,False
GS-JOB-000512,operations,BACKUP,IN-GJ,10.441,118,2026-09-15T14:06:18.276495,2026-09-15T16:04:18.276495,683.0,7.131203,7.131203,0.0,0.0,0.557549,0.557549,0.0,0.0,INR,46.46,46.46,0.0,0.0,True,ToD,single_greedy,0.0,0.0,False,False
GS-JOB-000513,operations,BACKUP,IN-WB,7.45,179,2026-09-15T18:00:00,2026-09-15T20:59:00,744.0,5.5428,5.4981,0.0,0.0,0.39783,0.97893,0.5811,59.36,INR,33.15,81.58,48.42,3.89,True,ToD,single_greedy,0.0,0.0,False,False
GS-JOB-000514,data-engineering,ETL,IN-PB,17.82,162,2026-09-15T17:00:00,2026-09-15T19:42:00,520.0,9.2664,8.92782,0.0,0.0,1.28304,1.92456,0.64152,33.33,INR,106.92,160.38,53.46,2.89,True,ToD,single_greedy,0.0,0.0,False,False
GS-JOB-000515,finance,REPORT_GENERATION,US-CA,1.482,34,2026-09-15T14:06:18.365015,2026-09-15T14:40:18.365015,251.0,0.371982,0.371982,0.0,0.0,0.170163,0.170163,0.0,0.0,USD,0.17,0.17,0.0,0.0,True,ToD,single_greedy,0.0,0.0,False,False
GS-JOB-000516,analytics,ETL,US-NY,14.85,178,2026-09-15T14:06:18.415837,2026-09-15T17:04:18.415837,321.0,4.76685,4.76685,0.0,0.0,3.0888,3.0888,0.0,0.0,USD,3.09,3.09,0.0,0.0,True,Demand,single_greedy,0.0,0.0,False,False
GS-JOB-000517,finance,REPORT_GENERATION,US-TX,9.962,176,2026-09-15T15:00:00,2026-09-15T17:56:00,245.0,2.44069,2.500462,0.059772,2.39,0.609635,0.609635,0.0,0.0,USD,0.61,0.61,0.0,0.89,True,Flat,single_greedy,0.0,0.0,False,False
GS-JOB-000519,analytics,REPORT_GENERATION,AU-SA-Large,6.39,85,2026-09-15T14:06:18.488329,2026-09-15T15:31:18.488329,42.0,0.26838,0.26838,0.0,0.0,0.0,0.0,0.0,0.0,AUD,0.0,0.0,0.0,0.0,True,Demand,single_greedy,0.0,0.0,False,False
GS-JOB-000520,analytics,IMAGE_PROCESSING,AU-SA-Small,68.6,206,2026-09-15T14:06:18.515750,2026-09-15T17:32:18.515750,42.0,2.8812,2.8812,0.0,0.0,4.0131,4.0131,0.0,0.0,AUD,6.17,6.17,0.0,0.0,True,ToD,single_greedy,0.0,0.0,False,False
GS-JOB-000521,finance,REPORT_GENERATION,IN-TG,2.603,82,2026-09-15T17:00:00,2026-09-15T18:22:00,610.0,1.58783,1.585227,0.0,0.0,0.223337,0.273315,0.049978,18.29,INR,18.61,22.78,4.16,2.89,True,ToD,single_greedy,0.0,0.0,False,False
GS-JOB-000523,finance,REPORT_GENERATION,IN-WB,3.652,50,2026-09-15T18:00:00,2026-09-15T18:50:00,744.0,2.717088,2.695176,0.0,0.0,0.195017,0.479873,0.284856,59.36,INR,16.25,39.99,23.74,3.89,True,ToD,single_greedy,0.0,0.0,False,False
GS-JOB-000524,ml-platform,ML_TRAINING,IN-PB,335.35,570,2026-09-15T17:00:00,2026-09-16T02:30:00,520.0,174.382,168.01035,0.0,0.0,24.1452,36.2178,12.0726,33.33,INR,2012.1,3018.15,1006.05,2.89,True,ToD,single_greedy,0.0,0.0,False,False
GS-JOB-000527,operations,ETL,US-TX,6.596,41,2026-09-15T15:00:00,2026-09-15T15:41:00,245.0,1.61602,1.655596,0.039576,2.39,0.403649,0.403649,0.0,0.0,USD,0.4,0.4,0.0,0.89,True,Flat,single_greedy,0.0,0.0,False,False
GS-JOB-000528,analytics,ETL,SE,7.182,80,2026-09-15T14:06:18.783026,2026-09-15T15:26:18.783026,17.0,0.122094,0.122094,0.0,0.0,0.023198,0.023198,0.0,0.0,SEK,0.24,0.24,0.0,0.0,True,Demand,single_greedy,0.0,0.0,False,False
GS-JOB-000529,operations,BACKUP,AU-SA-Large,9.72,97,2026-09-15T14:06:18.810870,2026-09-15T15:43:18.810870,42.0,0.40824,0.40824,0.0,0.0,0.0,0.0,0.0,0.0,AUD,0.0,0.0,0.0,0.0,True,Demand,single_greedy,0.0,0.0,False,False
GS-JOB-000530,operations,DATA_PROCESSING,AU-SA-Small,2.352,67,2026-09-15T14:06:18.827689,2026-09-15T15:13:18.827689,42.0,0.098784,0.098784,0.0,0.0,0.137592,0.137592,0.0,0.0,AUD,0.21,0.21,0.0,0.0,True,ToD,single_greedy,0.0,0.0,False,False
GS-JOB-000531,data-engineering,ETL,IN-TG,29.068,203,2026-09-15T17:00:00,2026-09-15T20:23:00,610.0,17.73148,17.702412,0.0,0.0,2.494034,3.05214,0.558106,18.29,INR,207.84,254.34,46.51,2.89,True,ToD,single_greedy,0.0,0.0,False,False
GS-JOB-000532,ml-platform,ML_TRAINING,IN-GJ,313.775,489,2026-09-15T20:00:00,2026-09-16T04:09:00,684.0,214.6221,214.308325,0.0,0.0,15.0612,16.755585,1.694385,10.11,INR,1255.1,1396.3,141.2,5.89,True,ToD,single_greedy,0.0,0.0,False,False
GS-JOB-000533,operations,ETL,IN-WB,21.08,204,2026-09-15T14:06:18.939135,2026-09-15T17:30:18.939135,738.0,15.55704,15.55704,0.0,0.0,2.769912,2.769912,0.0,0.0,INR,230.83,230.83,0.0,0.0,True,ToD,single_greedy,0.0,0.0,False,False
GS-JOB-000534,data-engineering,ETL,IN-PB,2.4,60,2026-09-15T17:00:00,2026-09-15T18:00:00,520.0,1.248,1.2024,0.0,0.0,0.1728,0.2592,0.0864,33.33,INR,14.4,21.6,7.2,2.89,True,ToD,single_greedy,0.0,0.0,False,False
GS-JOB-000535,data-engineering,ETL,US-CA,11.529,110,2026-09-15T14:06:18.994396,2026-09-15T15:56:18.994396,251.0,2.893779,2.893779,0.0,0.0,1.32376,1.32376,0.0,0.0,USD,1.32,1.32,0.0,0.0,True,ToD,single_greedy,0.0,0.0,False,False
GS-JOB-000536,ml-platform,ETL,US-NY,27.048,193,2026-09-15T14:06:19.015910,2026-09-15T17:19:19.015910,321.0,8.682408,8.682408,0.0,0.0,5.625984,5.625984,0.0,0.0,USD,5.63,5.63,0.0,0.0,True,Demand,single_greedy,0.0,0.0,False,False
GS-JOB-000537,data-engineering,ETL,US-TX,16.75,201,2026-09-15T15:00:00,2026-09-15T18:21:00,245.0,4.10375,4.20425,0.1005,2.39,1.025033,1.025033,0.0,0.0,USD,1.02,1.02,0.0,0.89,True,Flat,single_greedy,0.0,0.0,False,False
GS-JOB-000538,finance,REPORT_GENERATION,SE,5.221,136,2026-09-15T14:06:19.088710,2026-09-15T16:22:19.088710,17.0,0.088757,0.088757,0.0,0.0,0.016864,0.016864,0.0,0.0,SEK,0.18,0.18,0.0,0.0,True,Demand,single_greedy,0.0,0.0,False,False
GS-JOB-000539,finance,REPORT_GENERATION,AU-SA-Large,15.39,171,2026-09-15T14:06:19.132724,2026-09-15T16:57:19.132724,42.0,0.64638,0.64638,0.0,0.0,0.0,0.0,0.0,0.0,AUD,0.0,0.0,0.0,0.0,True,Demand,single_greedy,0.0,0.0,False,False
GS-JOB-000540,data-engineering,REPORT_GENERATION,AU-SA-Small,6.92,104,2026-09-15T14:06:19.156344,2026-09-15T15:50:19.156344,42.0,0.29064,0.29064,0.0,0.0,0.40482,0.40482,0.0,0.0,AUD,0.62,0.62,0.0,0.0,True,ToD,single_greedy,0.0,0.0,False,False
GS-JOB-000541,ml-platform,ETL,IN-TG,10.08,101,2026-09-15T17:00:00,2026-09-15T18:41:00,610.0,6.1488,6.13872,0.0,0.0,0.864864,1.0584,0.193536,18.29,INR,72.07,88.2,16.13,2.89,True,ToD,single_greedy,0.0,0.0,False,False
GS-JOB-000542,analytics,IMAGE_PROCESSING,IN-GJ,80.475,333,2026-09-15T15:00:00,2026-09-15T20:33:00,682.0,54.88395,54.964425,0.080475,0.15,4.297365,4.297365,0.0,0.0,INR,358.11,358.11,0.0,0.89,True,ToD,single_greedy,0.0,0.0,False,False
GS-JOB-000543,operations,DATA_PROCESSING,IN-WB,4.25,75,2026-09-15T18:00:00,2026-09-15T19:15:00,744.0,3.162,3.1365,0.0,0.0,0.22695,0.55845,0.3315,59.36,INR,18.91,46.54,27.62,3.89,True,ToD,single_greedy,0.0,0.0,False,False
GS-JOB-000545,operations,REPORT_GENERATION,US-CA,2.66,80,2026-09-15T14:06:19.276029,2026-09-15T15:26:19.276029,251.0,0.66766,0.66766,0.0,0.0,0.305421,0.305421,0.0,0.0,USD,0.31,0.31,0.0,0.0,True,ToD,single_greedy,0.0,0.0,False,False
GS-JOB-000546,ml-platform,DATA_PROCESSING,US-NY,2.24,84,2026-09-15T14:06:19.317367,2026-09-15T15:30:19.317367,321.0,0.71904,0.71904,0.0,0.0,0.46592,0.46592,0.0,0.0,USD,0.47,0.47,0.0,0.0,True,Demand,single_greedy,0.0,0.0,False,False
GS-JOB-000547,operations,DATA_PROCESSING,US-TX,3.432,53,2026-09-15T15:00:00,2026-09-15T15:53:00,245.0,0.84084,0.861432,0.020592,2.39,0.210025,0.210025,0.0,0.0,USD,0.21,0.21,0.0,0.89,True,Flat,single_greedy,0.0,0.0,False,False
GS-JOB-000549,operations,ETL,AU-SA-Large,28.801,208,2026-09-15T14:06:19.387271,2026-09-15T17:34:19.387271,42.0,1.209642,1.209642,0.0,0.0,0.0,0.0,0.0,0.0,AUD,0.0,0.0,0.0,0.0,True,Demand,single_greedy,0.0,0.0,False,False
GS-JOB-000550,finance,REPORT_GENERATION,AU-SA-Small,6.845,111,2026-09-15T14:06:19.414790,2026-09-15T15:57:19.414790,42.0,0.28749,0.28749,0.0,0.0,0.400433,0.400433,0.0,0.0,AUD,0.62,0.62,0.0,0.0,True,ToD,single_greedy,0.0,0.0,False,False
GS-JOB-000551,data-engineering,ETL,IN-TG,17.119,194,2026-09-15T17:00:00,2026-09-15T20:14:00,610.0,10.44259,10.425471,0.0,0.0,1.46881,1.797495,0.328685,18.29,INR,122.4,149.79,27.39,2.89,True,ToD,single_greedy,0.0,0.0,False,False
GS-JOB-000552,data-engineering,DATA_PROCESSING,IN-GJ,2.457,38,2026-09-15T14:06:19.456367,2026-09-15T14:44:19.456367,683.0,1.678131,1.678131,0.0,0.0,0.131204,0.131204,0.0,0.0,INR,10.93,10.93,0.0,0.0,True,ToD,single_greedy,0.0,0.0,False,False
GS-JOB-000553,data-engineering,ETL,IN-WB,5.85,117,2026-09-15T14:06:19.475363,2026-09-15T16:03:19.475363,738.0,4.3173,4.3173,0.0,0.0,0.76869,0.76869,0.0,0.0,INR,64.06,64.06,0.0,0.0,True,ToD,single_greedy,0.0,0.0,False,False
GS-JOB-000554,operations,DATA_PROCESSING,IN-PB,2.52,63,2026-09-15T17:00:00,2026-09-15T18:03:00,520.0,1.3104,1.26252,0.0,0.0,0.18144,0.27216,0.09072,33.33,INR,15.12,22.68,7.56,2.89,True,ToD,single_greedy,0.0,0.0,False,False
GS-JOB-000555,analytics,BACKUP,US-CA,11.072,104,2026-09-15T14:06:19.532850,2026-09-15T15:50:19.532850,251.0,2.779072,2.779072,0.0,0.0,1.271287,1.271287,0.0,0.0,USD,1.27,1.27,0.0,0.0,True,ToD,single_greedy,0.0,0.0,False,False
GS-JOB-000556,finance,REPORT_GENERATION,US-NY,15.96,168,2026-09-15T14:06:19.595177,2026-09-15T16:54:19.595177,321.0,5.12316,5.12316,0.0,0.0,3.31968,3.31968,0.0,0.0,USD,3.32,3.32,0.0,0.0,True,Demand,single_greedy,0.0,0.0,False,False
GS-JOB-000557,finance,DATA_PROCESSING,US-TX,1.296,43,2026-09-15T15:00:00,2026-09-15T15:43:00,245.0,0.31752,0.325296,0.007776,2.39,0.07931,0.07931,0.0,0.0,USD,0.08,0.08,0.0,0.89,True,Flat,single_greedy,0.0,0.0,False,False
GS-JOB-000558,data-engineering,ETL,SE,3.66,73,2026-09-15T14:06:19.650358,2026-09-15T15:19:19.650358,17.0,0.06222,0.06222,0.0,0.0,0.011822,0.011822,0.0,0.0,SEK,0.12,0.12,0.0,0.0,True,Demand,single_greedy,0.0,0.0,False,False
GS-JOB-000559,analytics,BACKUP,AU-SA-Large,6.758,131,2026-09-15T14:06:19.693272,2026-09-15T16:17:19.693272,42.0,0.283836,0.283836,0.0,0.0,0.0,0.0,0.0,0.0,AUD,0.0,0.0,0.0,0.0,True,Demand,single_greedy,0.0,0.0,False,False
GS-JOB-000560,data-engineering,ETL,AU-SA-Small,8.968,71,2026-09-15T14:06:19.712784,2026-09-15T15:17:19.712784,42.0,0.376656,0.376656,0.0,0.0,0.524628,0.524628,0.0,0.0,AUD,0.81,0.81,0.0,0.0,True,ToD,single_greedy,0.0,0.0,False,False
