job_id,team_id,job_type,region,energy_kwh,runtime_minutes,selected_start,selected_end,carbon_intensity,carbon_emission_kg,baseline_carbon_emission_kg,carbon_avoided_kg,carbon_reduction_pct,electricity_cost_usd,baseline_cost_usd,cost_difference_usd,cost_reduction_pct,currency,native_cost,baseline_native_cost,cost_saved_native,scheduling_delay_hours,sla_met,tariff_plan,scheduling_method,slot_utilization_pct,demand_predicted,spilled_from_preferred,ml_advisor_used
GS-JOB-000001,operations,DATA_PROCESSING,IN-TG,2.34,47,2026-09-15T14:05:43.711048,2026-09-15T14:52:43.711048,609.0,1.42506,1.42506,0.0,0.0,0.2457,0.2457,0.0,0.0,INR,20.48,20.48,0.0,0.0,True,ToD,single_greedy,0.0,0.0,False,False
GS-JOB-000002,ml-platform,ETL,IN-GJ,6.016,77,2026-09-15T15:00:00,2026-09-15T16:17:00,682.0,4.102912,4.108928,0.006016,0.15,0.321254,0.321254,0.0,0.0,INR,26.77,26.77,0.0,0.9,True,ToD,single_greedy,0.0,0.0,False,False
GS-JOB-000003,data-engineering,ETL,IN-WB,11.591,104,2026-09-15T14:05:43.843782,2026-09-15T15:49:43.843782,738.0,8.554158,8.554158,0.0,0.0,1.523057,1.523057,0.0,0.0,INR,126.92,126.92,0.0,0.0,True,ToD,single_greedy,0.0,0.0,False,False
GS-JOB-000004,data-engineering,ETL,IN-PB,5.01,100,2026-09-15T14:05:43.864923,2026-09-15T15:45:43.864923,501.0,2.51001,2.51001,0.0,0.0,0.54108,0.54108,0.0,0.0,INR,45.09,45.09,0.0,0.0,True,ToD,single_greedy,0.0,0.0,False,False
GS-JOB-000005,finance,ETL,US-CA,11.371,82,2026-09-15T16:00:00,2026-09-15T17:22:00,139.0,1.580569,2.854121,1.273552,44.62,1.305618,1.305618,0.0,0.0,USD,1.31,1.31,0.0,1.9,True,ToD,single_greedy,0.0,0.0,False,False
GS-JOB-000006,analytics,REPORT_GENERATION,US-NY,2.91,58,2026-09-15T14:05:43.913821,2026-09-15T15:03:43.913821,321.0,0.93411,0.93411,0.0,0.0,0.60528,0.60528,0.0,0.0,USD,0.61,0.61,0.0,0.0,True,Demand,single_greedy,0.0,0.0,False,False
GS-JOB-000007,finance,BACKUP,US-TX,6.85,82,2026-09-15T15:00:00,2026-09-15T16:22:00,245.0,1.67825,1.71935,0.0411,2.39,0.419193,0.419193,0.0,0.0,USD,0.42,0.42,0.0,0.9,True,Flat,single_greedy,0.0,0.0,False,False
GS-JOB-000008,analytics,REPORT_GENERATION,SE,8.76,175,2026-09-15T14:05:44.009326,2026-09-15T17:00:44.009326,17.0,0.14892,0.14892,0.0,0.0,0.028295,0.028295,0.0,0.0,SEK,0.3,0.3,0.0,0.0,True,Demand,single_greedy,0.0,0.0,False,False
GS-JOB-000009,data-engineering,ETL,AU-SA-Large,11.766,133,2026-09-15T14:05:44.069978,2026-09-15T16:18:44.069978,42.0,0.494172,0.494172,0.0,0.0,0.0,0.0,0.0,0.0,AUD,0.0,0.0,0.0,0.0,True,Demand,single_greedy,0.0,0.0,False,False
GS-JOB-000010,data-engineering,ETL,AU-SA-Small,15.416,113,2026-09-15T14:05:44.095037,2026-09-15T15:58:44.095037,42.0,0.647472,0.647472,0.0,0.0,0.901836,0.901836,0.0,0.0,AUD,1.39,1.39,0.0,0.0,True,ToD,single_greedy,0.0,0.0,False,False
GS-JOB-000011,operations,REPORT_GENERATION,IN-TG,4.59,102,2026-09-15T14:05:44.122560,2026-09-15T15:47:44.122560,609.0,2.79531,2.79531,0.0,0.0,0.48195,0.48195,0.0,0.0,INR,40.16,40.16,0.0,0.0,True,ToD,single_greedy,0.0,0.0,False,False
GS-JOB-000012,data-engineering,ETL,IN-GJ,9.62,156,2026-09-15T15:00:00,2026-09-15T17:36:00,682.0,6.56084,6.57046,0.00962,0.15,0.513708,0.513708,0.0,0.0,INR,42.81,42.81,0.0,0.9,True,ToD,single_greedy,0.0,0.0,False,False
GS-JOB-000013,ml-platform,ETL,IN-WB,15.844,140,2026-09-15T14:05:44.198811,2026-09-15T16:25:44.198811,738.0,11.692872,11.692872,0.0,0.0,2.081902,2.081902,0.0,0.0,INR,173.49,173.49,0.0,0.0,True,ToD,single_greedy,0.0,0.0,False,False
GS-JOB-000014,analytics,IMAGE_PROCESSING,IN-PB,69.29,246,2026-09-15T14:05:44.232327,2026-09-15T18:11:44.232327,501.0,34.71429,34.71429,0.0,0.0,7.48332,7.48332,0.0,0.0,INR,623.61,623.61,0.0,0.0,True,ToD,single_greedy,0.0,0.0,False,False
GS-JOB-000015,data-engineering,ETL,US-CA,11.2,105,2026-09-15T19:00:00,2026-09-15T20:45:00,129.0,1.4448,2.8112,1.3664,48.61,1.285984,1.285984,0.0,0.0,USD,1.29,1.29,0.0,4.9,True,ToD,single_greedy,0.0,0.0,False,False
GS-JOB-000016,ml-platform,ANALYTICS,US-NY,1.6,24,2026-09-15T14:05:44.317026,2026-09-15T14:29:44.317026,321.0,0.5136,0.5136,0.0,0.0,0.3328,0.3328,0.0,0.0,USD,0.33,0.33,0.0,0.0,True,Demand,single_greedy,0.0,0.0,False,False
GS-JOB-000017,finance,DATA_PROCESSING,US-TX,2.716,58,2026-09-15T15:00:00,2026-09-15T15:58:00,245.0,0.66542,0.681716,0.016296,2.39,0.166208,0.166208,0.0,0.0,USD,0.17,0.17,0.0,0.9,True,Flat,single_greedy,0.0,0.0,False,False
GS-JOB-000018,operations,DATA_PROCESSING,SE,1.679,44,2026-09-15T14:05:44.409967,2026-09-15T14:49:44.409967,17.0,0.028543,0.028543,0.0,0.0,0.005423,0.005423,0.0,0.0,SEK,0.06,0.06,0.0,0.0,True,Demand,single_greedy,0.0,0.0,False,False
GS-JOB-000019,operations,BACKUP,AU-SA-Large,9.24,126,2026-09-15T14:05:44.475246,2026-09-15T16:11:44.475246,42.0,0.38808,0.38808,0.0,0.0,0.0,0.0,0.0,0.0,AUD,0.0,0.0,0.0,0.0,True,Demand,single_greedy,0.0,0.0,False,False
GS-JOB-000020,operations,REPORT_GENERATION,AU-SA-Small,7.141,116,2026-09-15T14:05:44.498301,2026-09-15T16:01:44.498301,42.0,0.299922,0.299922,0.0,0.0,0.417749,0.417749,0.0,0.0,AUD,0.64,0.64,0.0,0.0,True,ToD,single_greedy,0.0,0.0,False,False
GS-JOB-000022,data-engineering,ETL,IN-GJ,8.8,211,2026-09-15T14:05:44.535940,2026-09-15T17:36:44.535940,683.0,6.0104,6.0104,0.0,0.0,0.46992,0.46992,0.0,0.0,INR,39.16,39.16,0.0,0.0,True,ToD,single_greedy,0.0,0.0,False,False
GS-JOB-000023,ml-platform,ETL,IN-WB,7.134,52,2026-09-15T14:05:44.606691,2026-09-15T14:57:44.606691,738.0,5.264892,5.264892,0.0,0.0,0.937408,0.937408,0.0,0.0,INR,78.12,78.12,0.0,0.0,True,ToD,single_greedy,0.0,0.0,False,False
GS-JOB-000024,data-engineering,ETL,IN-PB,31.32,216,2026-09-15T14:05:44.629241,2026-09-15T17:41:44.629241,501.0,15.69132,15.69132,0.0,0.0,3.38256,3.38256,0.0,0.0,INR,281.88,281.88,0.0,0.0,True,ToD,single_greedy,0.0,0.0,False,False
GS-JOB-000025,operations,DATA_PROCESSING,US-CA,2.754,61,2026-09-15T19:00:00,2026-09-15T20:01:00,129.0,0.355266,0.691254,0.335988,48.61,0.316214,0.316214,0.0,0.0,USD,0.32,0.32,0.0,4.9,True,ToD,single_greedy,0.0,0.0,False,False
GS-JOB-000026,operations,ETL,US-NY,7.821,142,2026-09-15T14:05:44.712416,2026-09-15T16:27:44.712416,321.0,2.510541,2.510541,0.0,0.0,1.626768,1.626768,0.0,0.0,USD,1.63,1.63,0.0,0.0,True,Demand,single_greedy,0.0,0.0,False,False
GS-JOB-000027,analytics,ETL,US-TX,6.741,64,2026-09-15T15:00:00,2026-09-15T16:04:00,245.0,1.651545,1.691991,0.040446,2.39,0.412522,0.412522,0.0,0.0,USD,0.41,0.41,0.0,0.9,True,Flat,single_greedy,0.0,0.0,False,False
GS-JOB-000028,operations,DATA_PROCESSING,SE,1.798,37,2026-09-15T14:05:44.746086,2026-09-15T14:42:44.746086,17.0,0.030566,0.030566,0.0,0.0,0.005808,0.005808,0.0,0.0,SEK,0.06,0.06,0.0,0.0,True,Demand,single_greedy,0.0,0.0,False,False
GS-JOB-000029,data-engineering,ETL,AU-SA-Large,6.882,133,2026-09-15T14:05:44.790709,2026-09-15T16:18:44.790709,42.0,0.289044,0.289044,0.0,0.0,0.0,0.0,0.0,0.0,AUD,0.0,0.0,0.0,0.0,True,Demand,single_greedy,0.0,0.0,False,False
GS-JOB-000030,ml-platform,ANALYTICS,AU-SA-Small,2.387,46,2026-09-15T14:05:44.808310,2026-09-15T14:51:44.808310,42.0,0.100254,0.100254,0.0,0.0,0.139639,0.139639,0.0,0.0,AUD,0.21,0.21,0.0,0.0,True,ToD,single_greedy,0.0,0.0,False,False
GS-JOB-000031,operations,BACKUP,IN-TG,3.534,56,2026-09-15T14:05:44.824822,2026-09-15T15:01:44.824822,609.0,2.152206,2.152206,0.0,0.0,0.37107,0.37107,0.0,0.0,INR,30.92,30.92,0.0,0.0,True,ToD,single_greedy,0.0,0.0,False,False
GS-JOB-000032,ml-platform,ANALYTICS,IN-GJ,2.728,53,2026-09-15T14:05:44.839842,2026-09-15T14:58:44.839842,683.0,1.863224,1.863224,0.0,0.0,0.145675,0.145675,0.0,0.0,INR,12.14,12.14,0.0,0.0,True,ToD,single_greedy,0.0,0.0,False,False
GS-JOB-000033,data-engineering,ETL,IN-WB,4.75,114,2026-09-15T14:05:44.860412,2026-09-15T15:59:44.860412,738.0,3.5055,3.5055,0.0,0.0,0.62415,0.62415,0.0,0.0,INR,52.01,52.01,0.0,0.0,True,ToD,single_greedy,0.0,0.0,False,False
GS-JOB-000034,finance,DATA_PROCESSING,IN-PB,2.356,37,2026-09-15T14:05:44.881351,2026-09-15T14:42:44.881351,501.0,1.180356,1.180356,0.0,0.0,0.254448,0.254448,0.0,0.0,INR,21.2,21.2,0.0,0.0,True,ToD,single_greedy,0.0,0.0,False,False
GS-JOB-000035,finance,ETL,US-CA,18.473,226,2026-09-15T19:00:00,2026-09-15T22:46:00,129.0,2.383017,4.636723,2.253706,48.61,2.12107,2.12107,0.0,0.0,USD,2.12,2.12,0.0,4.9,True,ToD,single_greedy,0.0,0.0,False,False
GS-JOB-000037,finance,DATA_PROCESSING,US-TX,1.462,26,2026-09-15T15:00:00,2026-09-15T15:26:00,245.0,0.35819,0.366962,0.008772,2.39,0.089469,0.089469,0.0,0.0,USD,0.09,0.09,0.0,0.9,True,Flat,single_greedy,0.0,0.0,False,False
GS-JOB-000038,ml-platform,ML_TRAINING,SE,133.56,445,2026-09-15T14:05:44.972942,2026-09-15T21:30:44.972942,17.0,2.27052,2.27052,0.0,0.0,0.431399,0.431399,0.0,0.0,SEK,4.54,4.54,0.0,0.0,True,Demand,single_greedy,0.0,0.0,False,False
GS-JOB-000039,operations,DATA_PROCESSING,AU-SA-Large,1.292,41,2026-09-15T14:05:44.994139,2026-09-15T14:46:44.994139,42.0,0.054264,0.054264,0.0,0.0,0.0,0.0,0.0,0.0,AUD,0.0,0.0,0.0,0.0,True,Demand,single_greedy,0.0,0.0,False,False
GS-JOB-000040,ml-platform,ML_TRAINING,AU-SA-Small,114.68,282,2026-09-15T14:05:45.037147,2026-09-15T18:47:45.037147,42.0,4.81656,4.81656,0.0,0.0,6.70878,6.70878,0.0,0.0,AUD,10.32,10.32,0.0,0.0,True,ToD,single_greedy,0.0,0.0,False,False
GS-JOB-000042,operations,REPORT_GENERATION,IN-GJ,1.68,36,2026-09-15T15:00:00,2026-09-15T15:36:00,682.0,1.14576,1.14744,0.00168,0.15,0.089712,0.089712,0.0,0.0,INR,7.48,7.48,0.0,0.9,True,ToD,single_greedy,0.0,0.0,False,False
GS-JOB-000043,finance,REPORT_GENERATION,IN-WB,2.914,37,2026-09-15T14:05:45.104650,2026-09-15T14:42:45.104650,738.0,2.150532,2.150532,0.0,0.0,0.3829,0.3829,0.0,0.0,INR,31.91,31.91,0.0,0.0,True,ToD,single_greedy,0.0,0.0,False,False
GS-JOB-000044,analytics,DATA_PROCESSING,IN-PB,4.352,77,2026-09-15T14:05:45.133492,2026-09-15T15:22:45.133492,501.0,2.180352,2.180352,0.0,0.0,0.470016,0.470016,0.0,0.0,INR,39.17,39.17,0.0,0.0,True,ToD,single_greedy,0.0,0.0,False,False
GS-JOB-000045,finance,ETL,US-CA,14.0,150,2026-09-15T17:00:00,2026-09-15T19:30:00,134.0,1.876,3.514,1.638,46.61,1.60748,1.60748,0.0,0.0,USD,1.61,1.61,0.0,2.9,True,ToD,single_greedy,0.0,0.0,False,False
GS-JOB-000046,finance,REPORT_GENERATION,US-NY,6.148,127,2026-09-15T14:05:45.176526,2026-09-15T16:12:45.176526,321.0,1.973508,1.973508,0.0,0.0,1.278784,1.278784,0.0,0.0,USD,1.28,1.28,0.0,0.0,True,Demand,single_greedy,0.0,0.0,False,False
GS-JOB-000047,operations,ANALYTICS,US-TX,3.096,43,2026-09-15T14:05:45.193492,2026-09-15T14:48:45.193492,251.0,0.777096,0.777096,0.0,0.0,0.189463,0.189463,0.0,0.0,USD,0.19,0.19,0.0,0.0,True,Flat,single_greedy,0.0,0.0,False,False
GS-JOB-000048,operations,DATA_PROCESSING,SE,1.995,57,2026-09-15T14:05:45.224524,2026-09-15T15:02:45.224524,17.0,0.033915,0.033915,0.0,0.0,0.006444,0.006444,0.0,0.0,SEK,0.07,0.07,0.0,0.0,True,Demand,single_greedy,0.0,0.0,False,False
GS-JOB-000049,analytics,IMAGE_PROCESSING,AU-SA-Large,28.696,253,2026-09-15T14:05:45.278468,2026-09-15T18:18:45.278468,42.0,1.205232,1.205232,0.0,0.0,0.0,0.0,0.0,0.0,AUD,0.0,0.0,0.0,0.0,True,Demand,single_greedy,0.0,0.0,False,False
GS-JOB-000050,data-engineering,ETL,AU-SA-Small,18.05,114,2026-09-15T14:05:45.310480,2026-09-15T15:59:45.310480,42.0,0.7581,0.7581,0.0,0.0,1.055925,1.055925,0.0,0.0,AUD,1.62,1.62,0.0,0.0,True,ToD,single_greedy,0.0,0.0,False,False
GS-JOB-000051,operations,BACKUP,IN-TG,3.04,57,2026-09-15T14:05:45.332769,2026-09-15T15:02:45.332769,609.0,1.85136,1.85136,0.0,0.0,0.3192,0.3192,0.0,0.0,INR,26.6,26.6,0.0,0.0,True,ToD,single_greedy,0.0,0.0,False,False
GS-JOB-000052,ml-platform,ANALYTICS,IN-GJ,3.885,63,2026-09-15T14:05:45.349696,2026-09-15T15:08:45.349696,683.0,2.653455,2.653455,0.0,0.0,0.207459,0.207459,0.0,0.0,INR,17.29,17.29,0.0,0.0,True,ToD,single_greedy,0.0,0.0,False,False
GS-JOB-000053,data-engineering,ETL,IN-WB,5.159,46,2026-09-15T14:05:45.367882,2026-09-15T14:51:45.367882,738.0,3.807342,3.807342,0.0,0.0,0.677893,0.677893,0.0,0.0,INR,56.49,56.49,0.0,0.0,True,ToD,single_greedy,0.0,0.0,False,False
GS-JOB-000054,operations,BACKUP,IN-PB,7.452,65,2026-09-15T14:05:45.391371,2026-09-15T15:10:45.391371,501.0,3.733452,3.733452,0.0,0.0,0.804816,0.804816,0.0,0.0,INR,67.07,67.07,0.0,0.0,True,ToD,single_greedy,0.0,0.0,False,False
GS-JOB-000055,finance,REPORT_GENERATION,US-CA,4.408,139,2026-09-15T14:05:45.407916,2026-09-15T16:24:45.407916,251.0,1.106408,1.106408,0.0,0.0,0.506127,0.506127,0.0,0.0,USD,0.51,0.51,0.0,0.0,True,ToD,single_greedy,0.0,0.0,False,False
GS-JOB-000056,finance,ETL,US-NY,30.4,228,2026-09-15T14:05:45.439112,2026-09-15T17:53:45.439112,321.0,9.7584,9.7584,0.0,0.0,6.3232,6.3232,0.0,0.0,USD,6.32,6.32,0.0,0.0,True,Demand,single_greedy,0.0,0.0,False,False
GS-JOB-000057,operations,BACKUP,US-TX,4.515,63,2026-09-15T15:00:00,2026-09-15T16:03:00,245.0,1.106175,1.133265,0.02709,2.39,0.2763,0.2763,0.0,0.0,USD,0.28,0.28,0.0,0.9,True,Flat,single_greedy,0.0,0.0,False,False
GS-JOB-000058,data-engineering,ETL,SE,13.871,86,2026-09-15T14:05:45.518697,2026-09-15T15:31:45.518697,17.0,0.235807,0.235807,0.0,0.0,0.044803,0.044803,0.0,0.0,SEK,0.47,0.47,0.0,0.0,True,Demand,single_greedy,0.0,0.0,False,False
GS-JOB-000059,operations,DATA_PROCESSING,AU-SA-Large,1.989,70,2026-09-15T14:05:45.541461,2026-09-15T15:15:45.541461,42.0,0.083538,0.083538,0.0,0.0,0.0,0.0,0.0,0.0,AUD,0.0,0.0,0.0,0.0,True,Demand,single_greedy,0.0,0.0,False,False
GS-JOB-000060,finance,ETL,AU-SA-Small,10.738,109,2026-09-15T14:05:45.603815,2026-09-15T15:54:45.603815,42.0,0.450996,0.450996,0.0,0.0,0.628173,0.628173,0.0,0.0,AUD,0.97,0.97,0.0,0.0,True,ToD,single_greedy,0.0,0.0,False,False
GS-JOB-000061,data-engineering,ETL,IN-TG,26.66,186,2026-09-15T14:05:45.632934,2026-09-15T17:11:45.632934,609.0,16.23594,16.23594,0.0,0.0,2.7993,2.7993,0.0,0.0,INR,233.28,233.28,0.0,0.0,True,ToD,single_greedy,0.0,0.0,False,False
GS-JOB-000062,finance,REPORT_GENERATION,IN-GJ,4.342,100,2026-09-15T15:00:00,2026-09-15T16:40:00,682.0,2.961244,2.965586,0.004342,0.15,0.231863,0.231863,0.0,0.0,INR,19.32,19.32,0.0,0.9,True,ToD,single_greedy,0.0,0.0,False,False
GS-JOB-000063,analytics,ETL,IN-WB,1.219,32,2026-09-15T14:05:45.734349,2026-09-15T14:37:45.734349,738.0,0.899622,0.899622,0.0,0.0,0.160177,0.160177,0.0,0.0,INR,13.35,13.35,0.0,0.0,True,ToD,single_greedy,0.0,0.0,False,False
GS-JOB-000065,finance,REPORT_GENERATION,US-CA,3.132,52,2026-09-15T19:00:00,2026-09-15T19:52:00,129.0,0.404028,0.786132,0.382104,48.61,0.359616,0.359616,0.0,0.0,USD,0.36,0.36,0.0,4.9,True,ToD,single_greedy,0.0,0.0,False,False
GS-JOB-000066,ml-platform,REPORT_GENERATION,US-NY,9.695,166,2026-09-15T14:05:45.828778,2026-09-15T16:51:45.828778,321.0,3.112095,3.112095,0.0,0.0,2.01656,2.01656,0.0,0.0,USD,2.02,2.02,0.0,0.0,True,Demand,single_greedy,0.0,0.0,False,False
GS-JOB-000067,finance,BACKUP,US-TX,4.334,118,2026-09-15T15:00:00,2026-09-15T16:58:00,245.0,1.06183,1.087834,0.026004,2.39,0.265223,0.265223,0.0,0.0,USD,0.27,0.27,0.0,0.9,True,Flat,single_greedy,0.0,0.0,False,False
GS-JOB-000068,finance,REPORT_GENERATION,SE,2.726,35,2026-09-15T14:05:45.884754,2026-09-15T14:40:45.884754,17.0,0.046342,0.046342,0.0,0.0,0.008805,0.008805,0.0,0.0,SEK,0.09,0.09,0.0,0.0,True,Demand,single_greedy,0.0,0.0,False,False
GS-JOB-000069,analytics,IMAGE_PROCESSING,AU-SA-Large,22.506,218,2026-09-15T14:05:45.928224,2026-09-15T17:43:45.928224,42.0,0.945252,0.945252,0.0,0.0,0.0,0.0,0.0,0.0,AUD,0.0,0.0,0.0,0.0,True,Demand,single_greedy,0.0,0.0,False,False
GS-JOB-000070,data-engineering,ETL,AU-SA-Small,11.76,84,2026-09-15T14:05:45.971959,2026-09-15T15:29:45.971959,42.0,0.49392,0.49392,0.0,0.0,0.68796,0.68796,0.0,0.0,AUD,1.06,1.06,0.0,0.0,True,ToD,single_greedy,0.0,0.0,False,False
GS-JOB-000071,operations,BACKUP,IN-TG,11.583,178,2026-09-15T14:05:45.991954,2026-09-15T17:03:45.991954,609.0,7.054047,7.054047,0.0,0.0,1.216215,1.216215,0.0,0.0,INR,101.35,101.35,0.0,0.0,True,ToD,single_greedy,0.0,0.0,False,False
GS-JOB-000072,operations,ETL,IN-GJ,7.298,107,2026-09-15T15:00:00,2026-09-15T16:47:00,682.0,4.977236,4.984534,0.007298,0.15,0.389713,0.389713,0.0,0.0,INR,32.48,32.48,0.0,0.9,True,ToD,single_greedy,0.0,0.0,False,False
GS-JOB-000073,finance,ANALYTICS,IN-WB,4.462,58,2026-09-15T14:05:46.032533,2026-09-15T15:03:46.032533,738.0,3.292956,3.292956,0.0,0.0,0.586307,0.586307,0.0,0.0,INR,48.86,48.86,0.0,0.0,True,ToD,single_greedy,0.0,0.0,False,False
GS-JOB-000074,finance,DATA_PROCESSING,IN-PB,4.2,84,2026-09-15T14:05:46.097543,2026-09-15T15:29:46.097543,501.0,2.1042,2.1042,0.0,0.0,0.4536,0.4536,0.0,0.0,INR,37.8,37.8,0.0,0.0,True,ToD,single_greedy,0.0,0.0,False,False
GS-JOB-000075,analytics,DATA_PROCESSING,US-CA,1.995,34,2026-09-15T15:00:00,2026-09-15T15:34:00,164.0,0.32718,0.500745,0.173565,34.66,0.229066,0.229066,0.0,0.0,USD,0.23,0.23,0.0,0.9,True,ToD,single_greedy,0.0,0.0,False,False
GS-JOB-000076,analytics,DATA_PROCESSING,US-NY,2.266,62,2026-09-15T14:05:46.161322,2026-09-15T15:07:46.161322,321.0,0.727386,0.727386,0.0,0.0,0.471328,0.471328,0.0,0.0,USD,0.47,0.47,0.0,0.0,True,Demand,single_greedy,0.0,0.0,False,False
GS-JOB-000077,ml-platform,ML_TRAINING,US-TX,280.105,453,2026-09-15T15:00:00,2026-09-15T22:33:00,245.0,68.625725,70.306355,1.68063,2.39,17.141306,17.141306,0.0,0.0,USD,17.14,17.14,0.0,0.9,True,Flat,single_greedy,0.0,0.0,False,False
GS-JOB-000078,operations,BACKUP,SE,8.316,79,2026-09-15T14:05:46.219224,2026-09-15T15:24:46.219224,17.0,0.141372,0.141372,0.0,0.0,0.026861,0.026861,0.0,0.0,SEK,0.28,0.28,0.0,0.0,True,Demand,single_greedy,0.0,0.0,False,False
GS-JOB-000079,operations,DATA_PROCESSING,AU-SA-Large,1.87,51,2026-09-15T14:05:46.272203,2026-09-15T14:56:46.272203,42.0,0.07854,0.07854,0.0,0.0,0.0,0.0,0.0,0.0,AUD,0.0,0.0,0.0,0.0,True,Demand,single_greedy,0.0,0.0,False,False
GS-JOB-000080,analytics,IMAGE_PROCESSING,AU-SA-Small,12.573,76,2026-09-15T14:05:46.290718,2026-09-15T15:21:46.290718,42.0,0.528066,0.528066,0.0,0.0,0.735521,0.735521,0.0,0.0,AUD,1.13,1.13,0.0,0.0,True,ToD,single_greedy,0.0,0.0,False,False
GS-JOB-000081,analytics,ETL,IN-TG,19.278,214,2026-09-15T14:05:46.310170,2026-09-15T17:39:46.310170,609.0,11.740302,11.740302,0.0,0.0,2.02419,2.02419,0.0,0.0,INR,168.68,168.68,0.0,0.0,True,ToD,single_greedy,0.0,0.0,False,False
GS-JOB-000083,data-engineering,ETL,IN-WB,15.416,113,2026-09-15T14:05:46.342297,2026-09-15T15:58:46.342297,738.0,11.377008,11.377008,0.0,0.0,2.025662,2.025662,0.0,0.0,INR,168.81,168.81,0.0,0.0,True,ToD,single_greedy,0.0,0.0,False,False
GS-JOB-000084,ml-platform,REPORT_GENERATION,IN-PB,5.082,145,2026-09-15T14:05:46.358808,2026-09-15T16:30:46.358808,501.0,2.546082,2.546082,0.0,0.0,0.548856,0.548856,0.0,0.0,INR,45.74,45.74,0.0,0.0,True,ToD,single_greedy,0.0,0.0,False,False
GS-JOB-000085,data-engineering,DATA_PROCESSING,US-CA,1.8,36,2026-09-15T19:00:00,2026-09-15T19:36:00,129.0,0.2322,0.4518,0.2196,48.61,0.206676,0.206676,0.0,0.0,USD,0.21,0.21,0.0,4.9,True,ToD,single_greedy,0.0,0.0,False,False
GS-JOB-000086,analytics,BACKUP,US-NY,4.312,46,2026-09-15T14:05:46.433067,2026-09-15T14:51:46.433067,321.0,1.384152,1.384152,0.0,0.0,0.896896,0.896896,0.0,0.0,USD,0.9,0.9,0.0,0.0,True,Demand,single_greedy,0.0,0.0,False,False
GS-JOB-000087,data-engineering,ETL,US-TX,21.708,161,2026-09-15T15:00:00,2026-09-15T17:41:00,245.0,5.31846,5.448708,0.130248,2.39,1.328443,1.328443,0.0,0.0,USD,1.33,1.33,0.0,0.9,True,Flat,single_greedy,0.0,0.0,False,False
GS-JOB-000088,data-engineering,ETL,SE,22.032,163,2026-09-15T14:05:46.489134,2026-09-15T16:48:46.489134,17.0,0.374544,0.374544,0.0,0.0,0.071163,0.071163,0.0,0.0,SEK,0.75,0.75,0.0,0.0,True,Demand,single_greedy,0.0,0.0,False,False
GS-JOB-000089,finance,REPORT_GENERATION,AU-SA-Large,7.112,76,2026-09-15T14:05:46.513684,2026-09-15T15:21:46.513684,42.0,0.298704,0.298704,0.0,0.0,0.0,0.0,0.0,0.0,AUD,0.0,0.0,0.0,0.0,True,Demand,single_greedy,0.0,0.0,False,False
GS-JOB-000091,ml-platform,ML_TRAINING,IN-TG,252.0,504,2026-09-15T14:05:46.565647,2026-09-15T22:29:46.565647,609.0,153.468,153.468,0.0,0.0,26.46,26.46,0.0,0.0,INR,2205.0,2205.0,0.0,0.0,True,ToD,single_greedy,0.0,0.0,False,False
GS-JOB-000092,operations,BACKUP,IN-GJ,5.304,61,2026-09-15T15:00:00,2026-09-15T16:01:00,682.0,3.617328,3.622632,0.005304,0.15,0.283234,0.283234,0.0,0.0,INR,23.6,23.6,0.0,0.9,True,ToD,single_greedy,0.0,0.0,False,False
GS-JOB-000093,finance,BACKUP,IN-WB,7.296,115,2026-09-15T14:05:46.673898,2026-09-15T16:00:46.673898,738.0,5.384448,5.384448,0.0,0.0,0.958694,0.958694,0.0,0.0,INR,79.89,79.89,0.0,0.0,True,ToD,single_greedy,0.0,0.0,False,False
GS-JOB-000094,analytics,IMAGE_PROCESSING,IN-PB,24.335,94,2026-09-15T14:05:46.700963,2026-09-15T15:39:46.700963,501.0,12.191835,12.191835,0.0,0.0,2.62818,2.62818,0.0,0.0,INR,219.01,219.01,0.0,0.0,True,ToD,single_greedy,0.0,0.0,False,False
GS-JOB-000095,analytics,ETL,US-CA,25.198,176,2026-09-15T18:00:00,2026-09-15T20:56:00,130.0,3.27574,6.324698,3.048958,48.21,2.893234,2.893234,0.0,0.0,USD,2.89,2.89,0.0,3.9,True,ToD,single_greedy,0.0,0.0,False,False
GS-JOB-000096,operations,ML_TRAINING,US-NY,225.225,429,2026-09-15T14:05:46.797522,2026-09-15T21:14:46.797522,321.0,72.297225,72.297225,0.0,0.0,46.8468,46.8468,0.0,0.0,USD,46.85,46.85,0.0,0.0,True,Demand,single_greedy,0.0,0.0,False,False
GS-JOB-000097,ml-platform,ETL,US-TX,15.675,99,2026-09-15T15:00:00,2026-09-15T16:39:00,245.0,3.840375,3.934425,0.09405,2.39,0.959247,0.959247,0.0,0.0,USD,0.96,0.96,0.0,0.9,True,Flat,single_greedy,0.0,0.0,False,False
GS-JOB-000098,operations,DATA_PROCESSING,SE,1.4,24,2026-09-15T14:05:46.852932,2026-09-15T14:29:46.852932,17.0,0.0238,0.0238,0.0,0.0,0.004522,0.004522,0.0,0.0,SEK,0.05,0.05,0.0,0.0,True,Demand,single_greedy,0.0,0.0,False,False
GS-JOB-000099,data-engineering,ETL,AU-SA-Large,10.65,128,2026-09-15T14:05:46.872816,2026-09-15T16:13:46.872816,42.0,0.4473,0.4473,0.0,0.0,0.0,0.0,0.0,0.0,AUD,0.0,0.0,0.0,0.0,True,Demand,single_greedy,0.0,0.0,False,False
GS-JOB-000100,operations,DATA_PROCESSING,AU-SA-Small,2.318,73,2026-09-15T14:05:46.938856,2026-09-15T15:18:46.938856,42.0,0.097356,0.097356,0.0,0.0,0.135603,0.135603,0.0,0.0,AUD,0.21,0.21,0.0,0.0,True,ToD,single_greedy,0.0,0.0,False,False
GS-JOB-000101,operations,DATA_PROCESSING,IN-TG,3.045,63,2026-09-15T14:05:46.976623,2026-09-15T15:08:46.976623,609.0,1.854405,1.854405,0.0,0.0,0.319725,0.319725,0.0,0.0,INR,26.64,26.64,0.0,0.0,True,ToD,single_greedy,0.0,0.0,False,False
GS-JOB-000102,ml-platform,ANALYTICS,IN-GJ,4.559,58,2026-09-15T14:05:46.995436,2026-09-15T15:03:46.995436,683.0,3.113797,3.113797,0.0,0.0,0.243451,0.243451,0.0,0.0,INR,20.29,20.29,0.0,0.0,True,ToD,single_greedy,0.0,0.0,False,False
GS-JOB-000103,data-engineering,ETL,IN-WB,7.75,93,2026-09-15T14:05:47.034063,2026-09-15T15:38:47.034063,738.0,5.7195,5.7195,0.0,0.0,1.01835,1.01835,0.0,0.0,INR,84.86,84.86,0.0,0.0,True,ToD,single_greedy,0.0,0.0,False,False
GS-JOB-000104,finance,DATA_PROCESSING,IN-PB,0.731,26,2026-09-15T14:05:47.052743,2026-09-15T14:31:47.052743,501.0,0.366231,0.366231,0.0,0.0,0.078948,0.078948,0.0,0.0,INR,6.58,6.58,0.0,0.0,True,ToD,single_greedy,0.0,0.0,False,False
GS-JOB-000105,ml-platform,ML_TRAINING,US-CA,204.876,325,2026-09-15T19:00:00,2026-09-16T00:25:00,129.0,26.429004,51.423876,24.994872,48.61,23.523862,23.523862,0.0,0.0,USD,23.52,23.52,0.0,4.9,True,ToD,single_greedy,0.0,0.0,False,False
GS-JOB-000106,operations,DATA_PROCESSING,US-NY,2.744,59,2026-09-15T14:05:47.139014,2026-09-15T15:04:47.139014,321.0,0.880824,0.880824,0.0,0.0,0.570752,0.570752,0.0,0.0,USD,0.57,0.57,0.0,0.0,True,Demand,single_greedy,0.0,0.0,False,False
GS-JOB-000107,operations,REPORT_GENERATION,US-TX,8.745,159,2026-09-15T15:00:00,2026-09-15T17:39:00,245.0,2.142525,2.194995,0.05247,2.39,0.535159,0.535159,0.0,0.0,USD,0.54,0.54,0.0,0.9,True,Flat,single_greedy,0.0,0.0,False,False
GS-JOB-000108,finance,BACKUP,SE,17.889,160,2026-09-15T14:05:47.270910,2026-09-15T16:45:47.270910,17.0,0.304113,0.304113,0.0,0.0,0.057781,0.057781,0.0,0.0,SEK,0.61,0.61,0.0,0.0,True,Demand,single_greedy,0.0,0.0,False,False
GS-JOB-000109,data-engineering,ETL,AU-SA-Large,21.85,138,2026-09-15T14:05:47.309085,2026-09-15T16:23:47.309085,42.0,0.9177,0.9177,0.0,0.0,0.0,0.0,0.0,0.0,AUD,0.0,0.0,0.0,0.0,True,Demand,single_greedy,0.0,0.0,False,False
GS-JOB-000110,finance,REPORT_GENERATION,AU-SA-Small,6.248,85,2026-09-15T14:05:47.362486,2026-09-15T15:30:47.362486,42.0,0.262416,0.262416,0.0,0.0,0.365508,0.365508,0.0,0.0,AUD,0.56,0.56,0.0,0.0,True,ToD,single_greedy,0.0,0.0,False,False
GS-JOB-000111,operations,ML_TRAINING,IN-TG,157.563,256,2026-09-15T14:05:47.387924,2026-09-15T18:21:47.387924,609.0,95.955867,95.955867,0.0,0.0,16.544115,16.544115,0.0,0.0,INR,1378.68,1378.68,0.0,0.0,True,ToD,single_greedy,0.0,0.0,False,False
GS-JOB-000112,operations,BACKUP,IN-GJ,9.758,172,2026-09-15T15:00:00,2026-09-15T17:52:00,682.0,6.654956,6.664714,0.009758,0.15,0.521077,0.521077,0.0,0.0,INR,43.42,43.42,0.0,0.9,True,ToD,single_greedy,0.0,0.0,False,False
GS-JOB-000113,ml-platform,ANALYTICS,IN-WB,1.824,23,2026-09-15T14:05:47.429105,2026-09-15T14:28:47.429105,738.0,1.346112,1.346112,0.0,0.0,0.239674,0.239674,0.0,0.0,INR,19.97,19.97,0.0,0.0,True,ToD,single_greedy,0.0,0.0,False,False
GS-JOB-000114,analytics,ETL,IN-PB,4.032,38,2026-09-15T14:05:47.454301,2026-09-15T14:43:47.454301,501.0,2.020032,2.020032,0.0,0.0,0.435456,0.435456,0.0,0.0,INR,36.29,36.29,0.0,0.0,True,ToD,single_greedy,0.0,0.0,False,False
GS-JOB-000115,analytics,ML_TRAINING,US-CA,85.54,282,2026-09-15T19:00:00,2026-09-15T23:42:00,129.0,11.03466,21.47054,10.43588,48.61,9.821703,9.821703,0.0,0.0,USD,9.82,9.82,0.0,4.9,True,ToD,single_greedy,0.0,0.0,False,False
GS-JOB-000116,ml-platform,ANALYTICS,US-NY,2.418,56,2026-09-15T14:05:47.524832,2026-09-15T15:01:47.524832,321.0,0.776178,0.776178,0.0,0.0,0.502944,0.502944,0.0,0.0,USD,0.5,0.5,0.0,0.0,True,Demand,single_greedy,0.0,0.0,False,False
GS-JOB-000117,finance,REPORT_GENERATION,US-TX,15.675,171,2026-09-15T15:00:00,2026-09-15T17:51:00,245.0,3.840375,3.934425,0.09405,2.39,0.959247,0.959247,0.0,0.0,USD,0.96,0.96,0.0,0.9,True,Flat,single_greedy,0.0,0.0,False,False
GS-JOB-000118,analytics,DATA_PROCESSING,SE,0.903,26,2026-09-15T14:05:47.588568,2026-09-15T14:31:47.588568,17.0,0.015351,0.015351,0.0,0.0,0.002917,0.002917,0.0,0.0,SEK,0.03,0.03,0.0,0.0,True,Demand,single_greedy,0.0,0.0,False,False
GS-JOB-000119,operations,DATA_PROCESSING,AU-SA-Large,1.825,44,2026-09-15T14:05:47.653081,2026-09-15T14:49:47.653081,42.0,0.07665,0.07665,0.0,0.0,0.0,0.0,0.0,0.0,AUD,0.0,0.0,0.0,0.0,True,Demand,single_greedy,0.0,0.0,False,False
GS-JOB-000120,operations,REPORT_GENERATION,AU-SA-Small,7.014,100,2026-09-15T14:05:47.672186,2026-09-15T15:45:47.672186,42.0,0.294588,0.294588,0.0,0.0,0.410319,0.410319,0.0,0.0,AUD,0.63,0.63,0.0,0.0,True,ToD,single_greedy,0.0,0.0,False,False
GS-JOB-000121,ml-platform,ML_TRAINING,IN-TG,106.72,400,2026-09-15T14:05:47.748089,2026-09-15T20:45:47.748089,609.0,64.99248,64.99248,0.0,0.0,11.2056,11.2056,0.0,0.0,INR,933.8,933.8,0.0,0.0,True,ToD,single_greedy,0.0,0.0,False,False
GS-JOB-000122,operations,DATA_PROCESSING,IN-GJ,1.302,25,2026-09-15T15:00:00,2026-09-15T15:25:00,682.0,0.887964,0.889266,0.001302,0.15,0.069527,0.069527,0.0,0.0,INR,5.79,5.79,0.0,0.9,True,ToD,single_greedy,0.0,0.0,False,False
GS-JOB-000123,data-engineering,ETL,IN-WB,8.19,109,2026-09-15T14:05:47.786201,2026-09-15T15:54:47.786201,738.0,6.04422,6.04422,0.0,0.0,1.076166,1.076166,0.0,0.0,INR,89.68,89.68,0.0,0.0,True,ToD,single_greedy,0.0,0.0,False,False
GS-JOB-000124,finance,REPORT_GENERATION,IN-PB,2.552,35,2026-09-15T14:05:47.806256,2026-09-15T14:40:47.806256,501.0,1.278552,1.278552,0.0,0.0,0.275616,0.275616,0.0,0.0,INR,22.97,22.97,0.0,0.0,True,ToD,single_greedy,0.0,0.0,False,False
GS-JOB-000125,analytics,IMAGE_PROCESSING,US-CA,35.937,178,2026-09-15T19:00:00,2026-09-15T21:58:00,129.0,4.635873,9.020187,4.384314,48.61,4.126286,4.126286,0.0,0.0,USD,4.13,4.13,0.0,4.9,True,ToD,single_greedy,0.0,0.0,False,False
GS-JOB-000126,operations,DATA_PROCESSING,US-NY,1.922,37,2026-09-15T14:05:47.898618,2026-09-15T14:42:47.898618,321.0,0.616962,0.616962,0.0,0.0,0.399776,0.399776,0.0,0.0,USD,0.4,0.4,0.0,0.0,True,Demand,single_greedy,0.0,0.0,False,False
GS-JOB-000128,operations,DATA_PROCESSING,SE,4.375,75,2026-09-15T14:05:47.939978,2026-09-15T15:20:47.939978,17.0,0.074375,0.074375,0.0,0.0,0.014131,0.014131,0.0,0.0,SEK,0.15,0.15,0.0,0.0,True,Demand,single_greedy,0.0,0.0,False,False
GS-JOB-000129,analytics,IMAGE_PROCESSING,AU-SA-Large,53.669,172,2026-09-15T14:05:47.958368,2026-09-15T16:57:47.958368,42.0,2.254098,2.254098,0.0,0.0,0.0,0.0,0.0,0.0,AUD,0.0,0.0,0.0,0.0,True,Demand,single_greedy,0.0,0.0,False,False
GS-JOB-000130,analytics,IMAGE_PROCESSING,AU-SA-Small,29.799,232,2026-09-15T14:05:47.986433,2026-09-15T17:57:47.986433,42.0,1.251558,1.251558,0.0,0.0,1.743242,1.743242,0.0,0.0,AUD,2.68,2.68,0.0,0.0,True,ToD,single_greedy,0.0,0.0,False,False
GS-JOB-000131,finance,REPORT_GENERATION,IN-TG,4.32,65,2026-09-15T14:05:48.002833,2026-09-15T15:10:48.002833,609.0,2.63088,2.63088,0.0,0.0,0.4536,0.4536,0.0,0.0,INR,37.8,37.8,0.0,0.0,True,ToD,single_greedy,0.0,0.0,False,False
GS-JOB-000132,ml-platform,ETL,IN-GJ,6.072,152,2026-09-15T15:00:00,2026-09-15T17:32:00,682.0,4.141104,4.147176,0.006072,0.15,0.324245,0.324245,0.0,0.0,INR,27.02,27.02,0.0,0.9,True,ToD,single_greedy,0.0,0.0,False,False
GS-JOB-000133,data-engineering,ETL,IN-WB,18.291,164,2026-09-15T14:05:48.080496,2026-09-15T16:49:48.080496,738.0,13.498758,13.498758,0.0,0.0,2.403437,2.403437,0.0,0.0,INR,200.29,200.29,0.0,0.0,True,ToD,single_greedy,0.0,0.0,False,False
GS-JOB-000134,operations,BACKUP,IN-PB,18.144,151,2026-09-15T14:05:48.105208,2026-09-15T16:36:48.105208,501.0,9.090144,9.090144,0.0,0.0,1.959552,1.959552,0.0,0.0,INR,163.3,163.3,0.0,0.0,True,ToD,single_greedy,0.0,0.0,False,False
GS-JOB-000135,ml-platform,ETL,US-CA,2.94,88,2026-09-15T14:05:48.122784,2026-09-15T15:33:48.122784,251.0,0.73794,0.73794,0.0,0.0,0.337571,0.337571,0.0,0.0,USD,0.34,0.34,0.0,0.0,True,ToD,single_greedy,0.0,0.0,False,False
GS-JOB-000136,operations,DATA_PROCESSING,US-NY,5.22,87,2026-09-15T14:05:48.154088,2026-09-15T15:32:48.154088,321.0,1.67562,1.67562,0.0,0.0,1.08576,1.08576,0.0,0.0,USD,1.09,1.09,0.0,0.0,True,Demand,single_greedy,0.0,0.0,False,False
GS-JOB-000137,finance,REPORT_GENERATION,US-TX,2.304,77,2026-09-15T15:00:00,2026-09-15T16:17:00,245.0,0.56448,0.578304,0.013824,2.39,0.140996,0.140996,0.0,0.0,USD,0.14,0.14,0.0,0.9,True,Flat,single_greedy,0.0,0.0,False,False
GS-JOB-000138,data-engineering,ANALYTICS,SE,1.344,29,2026-09-15T14:05:48.206715,2026-09-15T14:34:48.206715,17.0,0.022848,0.022848,0.0,0.0,0.004341,0.004341,0.0,0.0,SEK,0.05,0.05,0.0,0.0,True,Demand,single_greedy,0.0,0.0,False,False
GS-JOB-000139,data-engineering,ETL,AU-SA-Large,8.827,58,2026-09-15T14:05:48.224815,2026-09-15T15:03:48.224815,42.0,0.370734,0.370734,0.0,0.0,0.0,0.0,0.0,0.0,AUD,0.0,0.0,0.0,0.0,True,Demand,single_greedy,0.0,0.0,False,False
GS-JOB-000140,operations,DATA_PROCESSING,AU-SA-Small,2.938,68,2026-09-15T14:05:48.265363,2026-09-15T15:13:48.265363,42.0,0.123396,0.123396,0.0,0.0,0.171873,0.171873,0.0,0.0,AUD,0.26,0.26,0.0,0.0,True,ToD,single_greedy,0.0,0.0,False,False
GS-JOB-000141,data-engineering,ETL,IN-TG,11.438,80,2026-09-15T14:05:48.292728,2026-09-15T15:25:48.292728,609.0,6.965742,6.965742,0.0,0.0,1.20099,1.20099,0.0,0.0,INR,100.08,100.08,0.0,0.0,True,ToD,single_greedy,0.0,0.0,False,False
GS-JOB-000142,operations,DATA_PROCESSING,IN-GJ,0.6,18,2026-09-15T15:00:00,2026-09-15T15:18:00,682.0,0.4092,0.4098,0.0006,0.15,0.03204,0.03204,0.0,0.0,INR,2.67,2.67,0.0,0.9,True,ToD,single_greedy,0.0,0.0,False,False
GS-JOB-000143,finance,ANALYTICS,IN-WB,1.715,21,2026-09-15T14:05:48.371759,2026-09-15T14:26:48.371759,738.0,1.26567,1.26567,0.0,0.0,0.225351,0.225351,0.0,0.0,INR,18.78,18.78,0.0,0.0,True,ToD,single_greedy,0.0,0.0,False,False
GS-JOB-000144,operations,BACKUP,IN-PB,22.24,167,2026-09-15T14:05:48.406441,2026-09-15T16:52:48.406441,501.0,11.14224,11.14224,0.0,0.0,2.40192,2.40192,0.0,0.0,INR,200.16,200.16,0.0,0.0,True,ToD,single_greedy,0.0,0.0,False,False
GS-JOB-000145,operations,BACKUP,US-CA,3.7,30,2026-09-15T19:00:00,2026-09-15T19:30:00,129.0,0.4773,0.9287,0.4514,48.61,0.424834,0.424834,0.0,0.0,USD,0.42,0.42,0.0,4.9,True,ToD,single_greedy,0.0,0.0,False,False
GS-JOB-000146,operations,DATA_PROCESSING,US-NY,3.08,84,2026-09-15T14:05:48.482513,2026-09-15T15:29:48.482513,321.0,0.98868,0.98868,0.0,0.0,0.64064,0.64064,0.0,0.0,USD,0.64,0.64,0.0,0.0,True,Demand,single_greedy,0.0,0.0,False,False
GS-JOB-000147,ml-platform,IMAGE_PROCESSING,US-TX,60.762,320,2026-09-15T15:00:00,2026-09-15T20:20:00,245.0,14.88669,15.251262,0.364572,2.39,3.718391,3.718391,0.0,0.0,USD,3.72,3.72,0.0,0.9,True,Flat,single_greedy,0.0,0.0,False,False
GS-JOB-000148,operations,DATA_PROCESSING,SE,0.903,26,2026-09-15T14:05:48.617469,2026-09-15T14:31:48.617469,17.0,0.015351,0.015351,0.0,0.0,0.002917,0.002917,0.0,0.0,SEK,0.03,0.03,0.0,0.0,True,Demand,single_greedy,0.0,0.0,False,False
GS-JOB-000149,finance,ETL,AU-SA-Large,5.082,46,2026-09-15T14:05:48.650010,2026-09-15T14:51:48.650010,42.0,0.213444,0.213444,0.0,0.0,0.0,0.0,0.0,0.0,AUD,0.0,0.0,0.0,0.0,True,Demand,single_greedy,0.0,0.0,False,False
GS-JOB-000150,data-engineering,ETL,AU-SA-Small,5.472,43,2026-09-15T14:05:48.673537,2026-09-15T14:48:48.673537,42.0,0.229824,0.229824,0.0,0.0,0.320112,0.320112,0.0,0.0,AUD,0.49,0.49,0.0,0.0,True,ToD,single_greedy,0.0,0.0,False,False
GS-JOB-000151,ml-platform,ML_TRAINING,IN-TG,168.923,404,2026-09-15T14:05:48.709991,2026-09-15T20:49:48.709991,609.0,102.874107,102.874107,0.0,0.0,17.736915,17.736915,0.0,0.0,INR,1478.08,1478.08,0.0,0.0,True,ToD,single_greedy,0.0,0.0,False,False
GS-JOB-000152,ml-platform,BACKUP,IN-GJ,8.514,119,2026-09-15T15:00:00,2026-09-15T16:59:00,682.0,5.806548,5.815062,0.008514,0.15,0.454648,0.454648,0.0,0.0,INR,37.89,37.89,0.0,0.9,True,ToD,single_greedy,0.0,0.0,False,False
GS-JOB-000153,ml-platform,ML_TRAINING,IN-WB,81.774,277,2026-09-15T14:05:48.799900,2026-09-15T18:42:48.799900,738.0,60.349212,60.349212,0.0,0.0,10.745104,10.745104,0.0,0.0,INR,895.43,895.43,0.0,0.0,True,ToD,single_greedy,0.0,0.0,False,False
GS-JOB-000154,operations,DATA_PROCESSING,IN-PB,4.116,88,2026-09-15T14:05:48.830278,2026-09-15T15:33:48.830278,501.0,2.062116,2.062116,0.0,0.0,0.444528,0.444528,0.0,0.0,INR,37.04,37.04,0.0,0.0,True,ToD,single_greedy,0.0,0.0,False,False
GS-JOB-000155,data-engineering,ETL,US-CA,28.122,196,2026-09-15T14:05:48.850770,2026-09-15T17:21:48.850770,251.0,7.058622,7.058622,0.0,0.0,3.228968,3.228968,0.0,0.0,USD,3.23,3.23,0.0,0.0,True,ToD,single_greedy,0.0,0.0,False,False
GS-JOB-000156,finance,REPORT_GENERATION,US-NY,6.29,111,2026-09-15T14:05:48.868493,2026-09-15T15:56:48.868493,321.0,2.01909,2.01909,0.0,0.0,1.30832,1.30832,0.0,0.0,USD,1.31,1.31,0.0,0.0,True,Demand,single_greedy,0.0,0.0,False,False
GS-JOB-000157,operations,BACKUP,US-TX,3.55,30,2026-09-15T15:00:00,2026-09-15T15:30:00,245.0,0.86975,0.89105,0.0213,2.39,0.217246,0.217246,0.0,0.0,USD,0.22,0.22,0.0,0.9,True,Flat,single_greedy,0.0,0.0,False,False
GS-JOB-000158,data-engineering,ETL,SE,18.63,162,2026-09-15T14:05:48.914562,2026-09-15T16:47:48.914562,17.0,0.31671,0.31671,0.0,0.0,0.060175,0.060175,0.0,0.0,SEK,0.63,0.63,0.0,0.0,True,Demand,single_greedy,0.0,0.0,False,False
GS-JOB-000159,analytics,ML_TRAINING,AU-SA-Large,152.845,238,2026-09-15T14:05:48.941455,2026-09-15T18:03:48.941455,42.0,6.41949,6.41949,0.0,0.0,0.0,0.0,0.0,0.0,AUD,0.0,0.0,0.0,0.0,True,Demand,single_greedy,0.0,0.0,False,False
GS-JOB-000160,operations,BACKUP,AU-SA-Small,16.644,175,2026-09-15T14:05:48.960968,2026-09-15T17:00:48.960968,42.0,0.699048,0.699048,0.0,0.0,0.973674,0.973674,0.0,0.0,AUD,1.5,1.5,0.0,0.0,True,ToD,single_greedy,0.0,0.0,False,False
GS-JOB-000161,operations,BACKUP,IN-TG,16.359,172,2026-09-15T14:05:48.985091,2026-09-15T16:57:48.985091,609.0,9.962631,9.962631,0.0,0.0,1.717695,1.717695,0.0,0.0,INR,143.14,143.14,0.0,0.0,True,ToD,single_greedy,0.0,0.0,False,False
GS-JOB-000162,operations,IMAGE_PROCESSING,IN-GJ,47.177,148,2026-09-15T15:00:00,2026-09-15T17:28:00,682.0,32.174714,32.221891,0.047177,0.15,2.519252,2.519252,0.0,0.0,INR,209.94,209.94,0.0,0.9,True,ToD,single_greedy,0.0,0.0,False,False
GS-JOB-000164,analytics,ETL,IN-PB,37.044,227,2026-09-15T14:05:49.041625,2026-09-15T17:52:49.041625,501.0,18.559044,18.559044,0.0,0.0,4.000752,4.000752,0.0,0.0,INR,333.4,333.4,0.0,0.0,True,ToD,single_greedy,0.0,0.0,False,False
GS-JOB-000165,data-engineering,BACKUP,US-CA,8.4,90,2026-09-15T19:00:00,2026-09-15T20:30:00,129.0,1.0836,2.1084,1.0248,48.61,0.964488,0.964488,0.0,0.0,USD,0.96,0.96,0.0,4.9,True,ToD,single_greedy,0.0,0.0,False,False
GS-JOB-000166,data-engineering,ETL,US-NY,37.8,227,2026-09-15T14:05:49.088455,2026-09-15T17:52:49.088455,321.0,12.1338,12.1338,0.0,0.0,7.8624,7.8624,0.0,0.0,USD,7.86,7.86,0.0,0.0,True,Demand,single_greedy,0.0,0.0,False,False
GS-JOB-000167,analytics,ML_TRAINING,US-TX,31.779,178,2026-09-15T14:05:49.108404,2026-09-15T17:03:49.108404,251.0,7.976529,7.976529,0.0,0.0,1.944748,1.944748,0.0,0.0,USD,1.94,1.94,0.0,0.0,True,Flat,single_greedy,0.0,0.0,False,False
GS-JOB-000168,operations,BACKUP,SE,7.452,65,2026-09-15T14:05:49.134552,2026-09-15T15:10:49.134552,17.0,0.126684,0.126684,0.0,0.0,0.02407,0.02407,0.0,0.0,SEK,0.25,0.25,0.0,0.0,True,Demand,single_greedy,0.0,0.0,False,False
GS-JOB-000169,data-engineering,ETL,AU-SA-Large,19.107,116,2026-09-15T14:05:49.163496,2026-09-15T16:01:49.163496,42.0,0.802494,0.802494,0.0,0.0,0.0,0.0,0.0,0.0,AUD,0.0,0.0,0.0,0.0,True,Demand,single_greedy,0.0,0.0,False,False
GS-JOB-000170,data-engineering,ETL,AU-SA-Small,4.096,77,2026-09-15T14:05:49.181358,2026-09-15T15:22:49.181358,42.0,0.172032,0.172032,0.0,0.0,0.239616,0.239616,0.0,0.0,AUD,0.37,0.37,0.0,0.0,True,ToD,single_greedy,0.0,0.0,False,False
GS-JOB-000171,data-engineering,ETL,IN-TG,10.428,79,2026-09-15T14:05:49.209052,2026-09-15T15:24:49.209052,609.0,6.350652,6.350652,0.0,0.0,1.09494,1.09494,0.0,0.0,INR,91.25,91.25,0.0,0.0,True,ToD,single_greedy,0.0,0.0,False,False
GS-JOB-000172,analytics,DATA_PROCESSING,IN-GJ,3.5,84,2026-09-15T15:00:00,2026-09-15T16:24:00,682.0,2.387,2.3905,0.0035,0.15,0.1869,0.1869,0.0,0.0,INR,15.57,15.57,0.0,0.9,True,ToD,single_greedy,0.0,0.0,False,False
GS-JOB-000173,finance,REPORT_GENERATION,IN-WB,3.808,41,2026-09-15T14:05:49.281444,2026-09-15T14:46:49.281444,738.0,2.810304,2.810304,0.0,0.0,0.500371,0.500371,0.0,0.0,INR,41.7,41.7,0.0,0.0,True,ToD,single_greedy,0.0,0.0,False,False
GS-JOB-000174,operations,ETL,IN-PB,7.497,88,2026-09-15T14:05:49.351430,2026-09-15T15:33:49.351430,501.0,3.755997,3.755997,0.0,0.0,0.809676,0.809676,0.0,0.0,INR,67.47,67.47,0.0,0.0,True,ToD,single_greedy,0.0,0.0,False,False
GS-JOB-000175,data-engineering,ETL,US-CA,4.795,82,2026-09-15T18:00:00,2026-09-15T19:22:00,130.0,0.62335,1.203545,0.580195,48.21,0.550562,0.550562,0.0,0.0,USD,0.55,0.55,0.0,3.9,True,ToD,single_greedy,0.0,0.0,False,False
GS-JOB-000176,operations,DATA_PROCESSING,US-NY,4.255,69,2026-09-15T14:05:49.395206,2026-09-15T15:14:49.395206,321.0,1.365855,1.365855,0.0,0.0,0.88504,0.88504,0.0,0.0,USD,0.89,0.89,0.0,0.0,True,Demand,single_greedy,0.0,0.0,False,False
GS-JOB-000177,finance,REPORT_GENERATION,US-TX,2.982,85,2026-09-15T15:00:00,2026-09-15T16:25:00,245.0,0.73059,0.748482,0.017892,2.39,0.182486,0.182486,0.0,0.0,USD,0.18,0.18,0.0,0.9,True,Flat,single_greedy,0.0,0.0,False,False
GS-JOB-000178,data-engineering,ETL,SE,7.584,95,2026-09-15T14:05:49.440066,2026-09-15T15:40:49.440066,17.0,0.128928,0.128928,0.0,0.0,0.024496,0.024496,0.0,0.0,SEK,0.26,0.26,0.0,0.0,True,Demand,single_greedy,0.0,0.0,False,False
GS-JOB-000180,operations,DATA_PROCESSING,AU-SA-Small,4.29,78,2026-09-15T14:05:49.500908,2026-09-15T15:23:49.500908,42.0,0.18018,0.18018,0.0,0.0,0.250965,0.250965,0.0,0.0,AUD,0.39,0.39,0.0,0.0,True,ToD,single_greedy,0.0,0.0,False,False
GS-JOB-000181,data-engineering,DATA_PROCESSING,IN-TG,3.38,78,2026-09-15T14:05:49.528449,2026-09-15T15:23:49.528449,609.0,2.05842,2.05842,0.0,0.0,0.3549,0.3549,0.0,0.0,INR,29.57,29.57,0.0,0.0,True,ToD,single_greedy,0.0,0.0,False,False
GS-JOB-000182,analytics,ETL,IN-GJ,5.564,64,2026-09-15T15:00:00,2026-09-15T16:04:00,682.0,3.794648,3.800212,0.005564,0.15,0.297118,0.297118,0.0,0.0,INR,24.76,24.76,0.0,0.9,True,ToD,single_greedy,0.0,0.0,False,False
GS-JOB-000183,operations,BACKUP,IN-WB,6.106,85,2026-09-15T14:05:49.586366,2026-09-15T15:30:49.586366,738.0,4.506228,4.506228,0.0,0.0,0.802328,0.802328,0.0,0.0,INR,66.86,66.86,0.0,0.0,True,ToD,single_greedy,0.0,0.0,False,False
GS-JOB-000184,ml-platform,ML_TRAINING,IN-PB,102.66,531,2026-09-15T14:05:49.621568,2026-09-15T22:56:49.621568,501.0,51.43266,51.43266,0.0,0.0,11.08728,11.08728,0.0,0.0,INR,923.94,923.94,0.0,0.0,True,ToD,single_greedy,0.0,0.0,False,False
GS-JOB-000185,operations,DATA_PROCESSING,US-CA,0.95,30,2026-09-15T14:05:49.639695,2026-09-15T14:35:49.639695,251.0,0.23845,0.23845,0.0,0.0,0.109079,0.109079,0.0,0.0,USD,0.11,0.11,0.0,0.0,True,ToD,single_greedy,0.0,0.0,False,False
GS-JOB-000186,ml-platform,ML_TRAINING,US-NY,368.6,582,2026-09-15T14:05:49.685670,2026-09-15T23:47:49.685670,321.0,118.3206,118.3206,0.0,0.0,76.6688,76.6688,0.0,0.0,USD,76.67,76.67,0.0,0.0,True,Demand,single_greedy,0.0,0.0,False,False
GS-JOB-000187,ml-platform,ETL,US-TX,7.96,239,2026-09-15T15:00:00,2026-09-15T18:59:00,245.0,1.9502,1.99796,0.04776,2.39,0.48712,0.48712,0.0,0.0,USD,0.49,0.49,0.0,0.9,True,Flat,single_greedy,0.0,0.0,False,False
GS-JOB-000188,finance,REPORT_GENERATION,SE,3.956,55,2026-09-15T14:05:49.741369,2026-09-15T15:00:49.741369,17.0,0.067252,0.067252,0.0,0.0,0.012778,0.012778,0.0,0.0,SEK,0.13,0.13,0.0,0.0,True,Demand,single_greedy,0.0,0.0,False,False
GS-JOB-000189,analytics,ANALYTICS,AU-SA-Large,2.73,63,2026-09-15T14:05:49.761972,2026-09-15T15:08:49.761972,42.0,0.11466,0.11466,0.0,0.0,0.0,0.0,0.0,0.0,AUD,0.0,0.0,0.0,0.0,True,Demand,single_greedy,0.0,0.0,False,False
GS-JOB-000190,finance,ETL,AU-SA-Small,26.04,168,2026-09-15T14:05:49.789752,2026-09-15T16:53:49.789752,42.0,1.09368,1.09368,0.0,0.0,1.52334,1.52334,0.0,0.0,AUD,2.34,2.34,0.0,0.0,True,ToD,single_greedy,0.0,0.0,False,False
GS-JOB-000191,data-engineering,ETL,IN-TG,8.646,157,2026-09-15T14:05:49.813973,2026-09-15T16:42:49.813973,609.0,5.265414,5.265414,0.0,0.0,0.90783,0.90783,0.0,0.0,INR,75.65,75.65,0.0,0.0,True,ToD,single_greedy,0.0,0.0,False,False
GS-JOB-000192,analytics,DATA_PROCESSING,IN-GJ,2.6,78,2026-09-15T15:00:00,2026-09-15T16:18:00,682.0,1.7732,1.7758,0.0026,0.15,0.13884,0.13884,0.0,0.0,INR,11.57,11.57,0.0,0.9,True,ToD,single_greedy,0.0,0.0,False,False
GS-JOB-000193,operations,ETL,IN-WB,19.36,211,2026-09-15T14:05:49.882522,2026-09-15T17:36:49.882522,738.0,14.28768,14.28768,0.0,0.0,2.543904,2.543904,0.0,0.0,INR,211.99,211.99,0.0,0.0,True,ToD,single_greedy,0.0,0.0,False,False
GS-JOB-000194,operations,BACKUP,IN-PB,10.15,122,2026-09-15T14:05:49.936917,2026-09-15T16:07:49.936917,501.0,5.08515,5.08515,0.0,0.0,1.0962,1.0962,0.0,0.0,INR,91.35,91.35,0.0,0.0,True,ToD,single_greedy,0.0,0.0,False,False
GS-JOB-000195,operations,REPORT_GENERATION,US-CA,3.556,76,2026-09-15T14:05:49.955526,2026-09-15T15:21:49.955526,251.0,0.892556,0.892556,0.0,0.0,0.4083,0.4083,0.0,0.0,USD,0.41,0.41,0.0,0.0,True,ToD,single_greedy,0.0,0.0,False,False
GS-JOB-000196,data-engineering,ETL,US-NY,27.755,183,2026-09-15T14:05:49.984599,2026-09-15T17:08:49.984599,321.0,8.909355,8.909355,0.0,0.0,5.77304,5.77304,0.0,0.0,USD,5.77,5.77,0.0,0.0,True,Demand,single_greedy,0.0,0.0,False,False
GS-JOB-000197,data-engineering,ETL,US-TX,19.295,136,2026-09-15T15:00:00,2026-09-15T17:16:00,245.0,4.727275,4.843045,0.11577,2.39,1.180777,1.180777,0.0,0.0,USD,1.18,1.18,0.0,0.9,True,Flat,single_greedy,0.0,0.0,False,False
GS-JOB-000198,operations,DATA_PROCESSING,SE,1.716,31,2026-09-15T14:05:50.110192,2026-09-15T14:36:50.110192,17.0,0.029172,0.029172,0.0,0.0,0.005543,0.005543,0.0,0.0,SEK,0.06,0.06,0.0,0.0,True,Demand,single_greedy,0.0,0.0,False,False
GS-JOB-000199,data-engineering,ETL,AU-SA-Large,18.98,219,2026-09-15T14:05:50.138251,2026-09-15T17:44:50.138251,42.0,0.79716,0.79716,0.0,0.0,0.0,0.0,0.0,0.0,AUD,0.0,0.0,0.0,0.0,True,Demand,single_greedy,0.0,0.0,False,False
GS-JOB-000200,data-engineering,ETL,AU-SA-Small,3.339,32,2026-09-15T14:05:50.163014,2026-09-15T14:37:50.163014,42.0,0.140238,0.140238,0.0,0.0,0.195332,0.195332,0.0,0.0,AUD,0.3,0.3,0.0,0.0,True,ToD,single_greedy,0.0,0.0,False,False
GS-JOB-000201,operations,BACKUP,IN-TG,8.136,68,2026-09-15T14:05:50.180580,2026-09-15T15:13:50.180580,609.0,4.954824,4.954824,0.0,0.0,0.85428,0.85428,0.0,0.0,INR,71.19,71.19,0.0,0.0,True,ToD,single_greedy,0.0,0.0,False,False
GS-JOB-000202,finance,ETL,IN-GJ,9.23,85,2026-09-15T14:05:50.197656,2026-09-15T15:30:50.197656,683.0,6.30409,6.30409,0.0,0.0,0.492882,0.492882,0.0,0.0,INR,41.07,41.07,0.0,0.0,True,ToD,single_greedy,0.0,0.0,False,False
GS-JOB-000203,data-engineering,ML_TRAINING,IN-WB,269.64,578,2026-09-15T14:05:50.258648,2026-09-15T23:43:50.258648,738.0,198.99432,198.99432,0.0,0.0,35.430696,35.430696,0.0,0.0,INR,2952.56,2952.56,0.0,0.0,True,ToD,single_greedy,0.0,0.0,False,False
GS-JOB-000204,operations,DATA_PROCESSING,IN-PB,5.254,85,2026-09-15T14:05:50.282703,2026-09-15T15:30:50.282703,501.0,2.632254,2.632254,0.0,0.0,0.567432,0.567432,0.0,0.0,INR,47.29,47.29,0.0,0.0,True,ToD,single_greedy,0.0,0.0,False,False
GS-JOB-000206,data-engineering,ETL,US-NY,4.806,107,2026-09-15T14:05:50.333344,2026-09-15T15:52:50.333344,321.0,1.542726,1.542726,0.0,0.0,0.999648,0.999648,0.0,0.0,USD,1.0,1.0,0.0,0.0,True,Demand,single_greedy,0.0,0.0,False,False
GS-JOB-000207,finance,DATA_PROCESSING,US-TX,0.768,29,2026-09-15T15:00:00,2026-09-15T15:29:00,245.0,0.18816,0.192768,0.004608,2.39,0.046999,0.046999,0.0,0.0,USD,0.05,0.05,0.0,0.9,True,Flat,single_greedy,0.0,0.0,False,False
GS-JOB-000208,operations,DATA_PROCESSING,SE,1.35,54,2026-09-15T14:05:50.387009,2026-09-15T14:59:50.387009,17.0,0.02295,0.02295,0.0,0.0,0.00436,0.00436,0.0,0.0,SEK,0.05,0.05,0.0,0.0,True,Demand,single_greedy,0.0,0.0,False,False
GS-JOB-000209,operations,ETL,AU-SA-Large,9.636,175,2026-09-15T14:05:50.417783,2026-09-15T17:00:50.417783,42.0,0.404712,0.404712,0.0,0.0,0.0,0.0,0.0,0.0,AUD,0.0,0.0,0.0,0.0,True,Demand,single_greedy,0.0,0.0,False,False
GS-JOB-000210,finance,REPORT_GENERATION,AU-SA-Small,12.408,169,2026-09-15T14:05:50.443586,2026-09-15T16:54:50.443586,42.0,0.521136,0.521136,0.0,0.0,0.725868,0.725868,0.0,0.0,AUD,1.12,1.12,0.0,0.0,True,ToD,single_greedy,0.0,0.0,False,False
GS-JOB-000211,operations,DATA_PROCESSING,IN-TG,1.05,30,2026-09-15T14:05:50.462611,2026-09-15T14:35:50.462611,609.0,0.63945,0.63945,0.0,0.0,0.11025,0.11025,0.0,0.0,INR,9.19,9.19,0.0,0.0,True,ToD,single_greedy,0.0,0.0,False,False
GS-JOB-000212,data-engineering,ETL,IN-GJ,1.606,44,2026-09-15T15:00:00,2026-09-15T15:44:00,682.0,1.095292,1.096898,0.001606,0.15,0.08576,0.08576,0.0,0.0,INR,7.15,7.15,0.0,0.9,True,ToD,single_greedy,0.0,0.0,False,False
GS-JOB-000213,ml-platform,ANALYTICS,IN-WB,2.223,34,2026-09-15T14:05:50.509270,2026-09-15T14:39:50.509270,738.0,1.640574,1.640574,0.0,0.0,0.292102,0.292102,0.0,0.0,INR,24.34,24.34,0.0,0.0,True,ToD,single_greedy,0.0,0.0,False,False
GS-JOB-000215,finance,REPORT_GENERATION,US-CA,4.374,97,2026-09-15T19:00:00,2026-09-15T20:37:00,129.0,0.564246,1.097874,0.533628,48.61,0.502223,0.502223,0.0,0.0,USD,0.5,0.5,0.0,4.9,True,ToD,single_greedy,0.0,0.0,False,False
GS-JOB-000216,operations,DATA_PROCESSING,US-NY,0.544,19,2026-09-15T14:05:50.583287,2026-09-15T14:24:50.583287,321.0,0.174624,0.174624,0.0,0.0,0.113152,0.113152,0.0,0.0,USD,0.11,0.11,0.0,0.0,True,Demand,single_greedy,0.0,0.0,False,False
GS-JOB-000217,ml-platform,ETL,US-TX,1.716,47,2026-09-15T15:00:00,2026-09-15T15:47:00,245.0,0.42042,0.430716,0.010296,2.39,0.105012,0.105012,0.0,0.0,USD,0.1,0.1,0.0,0.9,True,Flat,single_greedy,0.0,0.0,False,False
GS-JOB-000218,data-engineering,ETL,SE,10.557,124,2026-09-15T14:05:50.634083,2026-09-15T16:09:50.634083,17.0,0.179469,0.179469,0.0,0.0,0.034099,0.034099,0.0,0.0,SEK,0.36,0.36,0.0,0.0,True,Demand,single_greedy,0.0,0.0,False,False
GS-JOB-000219,finance,REPORT_GENERATION,AU-SA-Large,6.322,131,2026-09-15T14:05:50.650076,2026-09-15T16:16:50.650076,42.0,0.265524,0.265524,0.0,0.0,0.0,0.0,0.0,0.0,AUD,0.0,0.0,0.0,0.0,True,Demand,single_greedy,0.0,0.0,False,False
GS-JOB-000220,ml-platform,ML_TRAINING,AU-SA-Small,117.81,231,2026-09-15T14:05:50.678307,2026-09-15T17:56:50.678307,42.0,4.94802,4.94802,0.0,0.0,6.891885,6.891885,0.0,0.0,AUD,10.6,10.6,0.0,0.0,True,ToD,single_greedy,0.0,0.0,False,False
GS-JOB-000221,data-engineering,ETL,IN-TG,10.56,79,2026-09-15T14:05:50.699209,2026-09-15T15:24:50.699209,609.0,6.43104,6.43104,0.0,0.0,1.1088,1.1088,0.0,0.0,INR,92.4,92.4,0.0,0.0,True,ToD,single_greedy,0.0,0.0,False,False
GS-JOB-000222,ml-platform,DATA_PROCESSING,IN-GJ,2.806,73,2026-09-15T15:00:00,2026-09-15T16:13:00,682.0,1.913692,1.916498,0.002806,0.15,0.14984,0.14984,0.0,0.0,INR,12.49,12.49,0.0,0.9,True,ToD,single_greedy,0.0,0.0,False,False
GS-JOB-000223,ml-platform,ML_TRAINING,IN-WB,50.621,136,2026-09-15T14:05:50.750523,2026-09-15T16:21:50.750523,738.0,37.358298,37.358298,0.0,0.0,6.651599,6.651599,0.0,0.0,INR,554.3,554.3,0.0,0.0,True,ToD,single_greedy,0.0,0.0,False,False
GS-JOB-000224,operations,DATA_PROCESSING,IN-PB,1.725,45,2026-09-15T14:05:50.782459,2026-09-15T14:50:50.782459,501.0,0.864225,0.864225,0.0,0.0,0.1863,0.1863,0.0,0.0,INR,15.53,15.53,0.0,0.0,True,ToD,single_greedy,0.0,0.0,False,False
GS-JOB-000225,data-engineering,ETL,US-CA,30.375,225,2026-09-15T16:00:00,2026-09-15T19:45:00,139.0,4.222125,7.624125,3.402,44.62,3.487658,3.487658,0.0,0.0,USD,3.49,3.49,0.0,1.9,True,ToD,single_greedy,0.0,0.0,False,False
GS-JOB-000226,data-engineering,ETL,US-NY,13.959,178,2026-09-15T14:05:50.847848,2026-09-15T17:03:50.847848,321.0,4.480839,4.480839,0.0,0.0,2.903472,2.903472,0.0,0.0,USD,2.9,2.9,0.0,0.0,True,Demand,single_greedy,0.0,0.0,False,False
GS-JOB-000227,data-engineering,DATA_PROCESSING,US-TX,1.392,35,2026-09-15T15:00:00,2026-09-15T15:35:00,245.0,0.34104,0.349392,0.008352,2.39,0.085185,0.085185,0.0,0.0,USD,0.09,0.09,0.0,0.9,True,Flat,single_greedy,0.0,0.0,False,False
GS-JOB-000228,operations,DATA_PROCESSING,SE,2.66,80,2026-09-15T14:05:50.912481,2026-09-15T15:25:50.912481,17.0,0.04522,0.04522,0.0,0.0,0.008592,0.008592,0.0,0.0,SEK,0.09,0.09,0.0,0.0,True,Demand,single_greedy,0.0,0.0,False,False
GS-JOB-000229,data-engineering,ETL,AU-SA-Large,7.524,119,2026-09-15T14:05:50.938269,2026-09-15T16:04:50.938269,42.0,0.316008,0.316008,0.0,0.0,0.0,0.0,0.0,0.0,AUD,0.0,0.0,0.0,0.0,True,Demand,single_greedy,0.0,0.0,False,False
GS-JOB-000230,analytics,REPORT_GENERATION,AU-SA-Small,5.22,108,2026-09-15T14:05:51.001970,2026-09-15T15:53:51.001970,42.0,0.21924,0.21924,0.0,0.0,0.30537,0.30537,0.0,0.0,AUD,0.47,0.47,0.0,0.0,True,ToD,single_greedy,0.0,0.0,False,False
GS-JOB-000231,data-engineering,ETL,IN-TG,7.888,139,2026-09-15T14:05:51.022293,2026-09-15T16:24:51.022293,609.0,4.803792,4.803792,0.0,0.0,0.82824,0.82824,0.0,0.0,INR,69.02,69.02,0.0,0.0,True,ToD,single_greedy,0.0,0.0,False,False
GS-JOB-000232,operations,DATA_PROCESSING,IN-GJ,2.73,78,2026-09-15T14:05:51.039803,2026-09-15T15:23:51.039803,683.0,1.86459,1.86459,0.0,0.0,0.145782,0.145782,0.0,0.0,INR,12.15,12.15,0.0,0.0,True,ToD,single_greedy,0.0,0.0,False,False
GS-JOB-000233,operations,IMAGE_PROCESSING,IN-WB,32.967,178,2026-09-15T14:05:51.080138,2026-09-15T17:03:51.080138,738.0,24.329646,24.329646,0.0,0.0,4.331864,4.331864,0.0,0.0,INR,360.99,360.99,0.0,0.0,True,ToD,single_greedy,0.0,0.0,False,False
GS-JOB-000234,ml-platform,ANALYTICS,IN-PB,2.278,40,2026-09-15T14:05:51.097160,2026-09-15T14:45:51.097160,501.0,1.141278,1.141278,0.0,0.0,0.246024,0.246024,0.0,0.0,INR,20.5,20.5,0.0,0.0,True,ToD,single_greedy,0.0,0.0,False,False
GS-JOB-000235,analytics,DATA_PROCESSING,US-CA,1.952,73,2026-09-15T19:00:00,2026-09-15T20:13:00,129.0,0.251808,0.489952,0.238144,48.61,0.224129,0.224129,0.0,0.0,USD,0.22,0.22,0.0,4.9,True,ToD,single_greedy,0.0,0.0,False,False
GS-JOB-000236,data-engineering,ETL,US-NY,3.456,77,2026-09-15T14:05:51.154027,2026-09-15T15:22:51.154027,321.0,1.109376,1.109376,0.0,0.0,0.718848,0.718848,0.0,0.0,USD,0.72,0.72,0.0,0.0,True,Demand,single_greedy,0.0,0.0,False,False
GS-JOB-000237,operations,DATA_PROCESSING,US-TX,3.978,61,2026-09-15T15:00:00,2026-09-15T16:01:00,245.0,0.97461,0.998478,0.023868,2.39,0.243438,0.243438,0.0,0.0,USD,0.24,0.24,0.0,0.9,True,Flat,single_greedy,0.0,0.0,False,False
GS-JOB-000238,operations,BACKUP,SE,2.354,64,2026-09-15T14:05:51.189742,2026-09-15T15:09:51.189742,17.0,0.040018,0.040018,0.0,0.0,0.007603,0.007603,0.0,0.0,SEK,0.08,0.08,0.0,0.0,True,Demand,single_greedy,0.0,0.0,False,False
GS-JOB-000239,data-engineering,ETL,AU-SA-Large,11.123,136,2026-09-15T14:05:51.206226,2026-09-15T16:21:51.206226,42.0,0.467166,0.467166,0.0,0.0,0.0,0.0,0.0,0.0,AUD,0.0,0.0,0.0,0.0,True,Demand,single_greedy,0.0,0.0,False,False
GS-JOB-000242,finance,ETL,IN-GJ,2.604,56,2026-09-15T15:00:00,2026-09-15T15:56:00,682.0,1.775928,1.778532,0.002604,0.15,0.139054,0.139054,0.0,0.0,INR,11.59,11.59,0.0,0.9,True,ToD,single_greedy,0.0,0.0,False,False
GS-JOB-000243,data-engineering,IMAGE_PROCESSING,IN-WB,27.336,161,2026-09-15T14:05:51.304202,2026-09-15T16:46:51.304202,738.0,20.173968,20.173968,0.0,0.0,3.59195,3.59195,0.0,0.0,INR,299.33,299.33,0.0,0.0,True,ToD,single_greedy,0.0,0.0,False,False
GS-JOB-000244,operations,IMAGE_PROCESSING,IN-PB,42.723,254,2026-09-15T14:05:51.349354,2026-09-15T18:19:51.349354,501.0,21.404223,21.404223,0.0,0.0,4.614084,4.614084,0.0,0.0,INR,384.51,384.51,0.0,0.0,True,ToD,single_greedy,0.0,0.0,False,False
GS-JOB-000246,finance,REPORT_GENERATION,US-NY,1.938,34,2026-09-15T14:05:51.392713,2026-09-15T14:39:51.392713,321.0,0.622098,0.622098,0.0,0.0,0.403104,0.403104,0.0,0.0,USD,0.4,0.4,0.0,0.0,True,Demand,single_greedy,0.0,0.0,False,False
GS-JOB-000247,operations,ETL,US-TX,21.97,203,2026-09-15T15:00:00,2026-09-15T18:23:00,245.0,5.38265,5.51447,0.13182,2.39,1.344476,1.344476,0.0,0.0,USD,1.34,1.34,0.0,0.9,True,Flat,single_greedy,0.0,0.0,False,False
GS-JOB-000248,finance,REPORT_GENERATION,SE,8.664,91,2026-09-15T14:05:51.438875,2026-09-15T15:36:51.438875,17.0,0.147288,0.147288,0.0,0.0,0.027985,0.027985,0.0,0.0,SEK,0.29,0.29,0.0,0.0,True,Demand,single_greedy,0.0,0.0,False,False
GS-JOB-000249,ml-platform,IMAGE_PROCESSING,AU-SA-Large,38.735,183,2026-09-15T14:05:51.461784,2026-09-15T17:08:51.461784,42.0,1.62687,1.62687,0.0,0.0,0.0,0.0,0.0,0.0,AUD,0.0,0.0,0.0,0.0,True,Demand,single_greedy,0.0,0.0,False,False
GS-JOB-000250,data-engineering,ETL,AU-SA-Small,13.72,168,2026-09-15T14:05:51.481179,2026-09-15T16:53:51.481179,42.0,0.57624,0.57624,0.0,0.0,0.80262,0.80262,0.0,0.0,AUD,1.23,1.23,0.0,0.0,True,ToD,single_greedy,0.0,0.0,False,False
GS-JOB-000251,finance,REPORT_GENERATION,IN-TG,14.036,145,2026-09-15T14:05:51.497699,2026-09-15T16:30:51.497699,609.0,8.547924,8.547924,0.0,0.0,1.47378,1.47378,0.0,0.0,INR,122.81,122.81,0.0,0.0,True,ToD,single_greedy,0.0,0.0,False,False
GS-JOB-000252,data-engineering,DATA_PROCESSING,IN-GJ,3.234,59,2026-09-15T15:00:00,2026-09-15T15:59:00,682.0,2.205588,2.208822,0.003234,0.15,0.172696,0.172696,0.0,0.0,INR,14.39,14.39,0.0,0.9,True,ToD,single_greedy,0.0,0.0,False,False
GS-JOB-000253,data-engineering,ETL,IN-WB,21.252,152,2026-09-15T14:05:51.597289,2026-09-15T16:37:51.597289,738.0,15.683976,15.683976,0.0,0.0,2.792513,2.792513,0.0,0.0,INR,232.71,232.71,0.0,0.0,True,ToD,single_greedy,0.0,0.0,False,False
GS-JOB-000254,ml-platform,ML_TRAINING,IN-PB,83.172,430,2026-09-15T14:05:51.623054,2026-09-15T21:15:51.623054,501.0,41.669172,41.669172,0.0,0.0,8.982576,8.982576,0.0,0.0,INR,748.55,748.55,0.0,0.0,True,ToD,single_greedy,0.0,0.0,False,False
GS-JOB-000255,operations,DATA_PROCESSING,US-CA,2.06,62,2026-09-15T19:00:00,2026-09-15T20:02:00,129.0,0.26574,0.51706,0.25132,48.61,0.236529,0.236529,0.0,0.0,USD,0.24,0.24,0.0,4.9,True,ToD,single_greedy,0.0,0.0,False,False
GS-JOB-000257,finance,IMAGE_PROCESSING,US-TX,61.38,297,2026-09-15T15:00:00,2026-09-15T19:57:00,245.0,15.0381,15.40638,0.36828,2.39,3.75621,3.75621,0.0,0.0,USD,3.76,3.76,0.0,0.9,True,Flat,single_greedy,0.0,0.0,False,False
GS-JOB-000258,operations,BACKUP,SE,4.35,52,2026-09-15T14:05:51.724551,2026-09-15T14:57:51.724551,17.0,0.07395,0.07395,0.0,0.0,0.01405,0.01405,0.0,0.0,SEK,0.15,0.15,0.0,0.0,True,Demand,single_greedy,0.0,0.0,False,False
GS-JOB-000259,finance,ETL,AU-SA-Large,15.147,178,2026-09-15T14:05:51.758471,2026-09-15T17:03:51.758471,42.0,0.636174,0.636174,0.0,0.0,0.0,0.0,0.0,0.0,AUD,0.0,0.0,0.0,0.0,True,Demand,single_greedy,0.0,0.0,False,False
GS-JOB-000260,data-engineering,ETL,AU-SA-Small,7.524,119,2026-09-15T14:05:51.780360,2026-09-15T16:04:51.780360,42.0,0.316008,0.316008,0.0,0.0,0.440154,0.440154,0.0,0.0,AUD,0.68,0.68,0.0,0.0,True,ToD,single_greedy,0.0,0.0,False,False
GS-JOB-000261,data-engineering,REPORT_GENERATION,IN-TG,4.06,84,2026-09-15T14:05:51.801375,2026-09-15T15:29:51.801375,609.0,2.47254,2.47254,0.0,0.0,0.4263,0.4263,0.0,0.0,INR,35.52,35.52,0.0,0.0,True,ToD,single_greedy,0.0,0.0,False,False
GS-JOB-000262,finance,REPORT_GENERATION,IN-GJ,14.934,157,2026-09-15T15:00:00,2026-09-15T17:37:00,682.0,10.184988,10.199922,0.014934,0.15,0.797476,0.797476,0.0,0.0,INR,66.46,66.46,0.0,0.9,True,ToD,single_greedy,0.0,0.0,False,False
GS-JOB-000263,data-engineering,ETL,IN-WB,20.826,160,2026-09-15T14:05:51.864402,2026-09-15T16:45:51.864402,738.0,15.369588,15.369588,0.0,0.0,2.736536,2.736536,0.0,0.0,INR,228.04,228.04,0.0,0.0,True,ToD,single_greedy,0.0,0.0,False,False
GS-JOB-000264,finance,REPORT_GENERATION,IN-PB,5.129,134,2026-09-15T14:05:51.884158,2026-09-15T16:19:51.884158,501.0,2.569629,2.569629,0.0,0.0,0.553932,0.553932,0.0,0.0,INR,46.16,46.16,0.0,0.0,True,ToD,single_greedy,0.0,0.0,False,False
GS-JOB-000265,analytics,REPORT_GENERATION,US-CA,6.369,116,2026-09-15T14:05:51.902100,2026-09-15T16:01:51.902100,251.0,1.598619,1.598619,0.0,0.0,0.731289,0.731289,0.0,0.0,USD,0.73,0.73,0.0,0.0,True,ToD,single_greedy,0.0,0.0,False,False
GS-JOB-000266,finance,REPORT_GENERATION,US-NY,6.552,151,2026-09-15T14:05:51.929091,2026-09-15T16:36:51.929091,321.0,2.103192,2.103192,0.0,0.0,1.362816,1.362816,0.0,0.0,USD,1.36,1.36,0.0,0.0,True,Demand,single_greedy,0.0,0.0,False,False
GS-JOB-000267,operations,DATA_PROCESSING,US-TX,2.241,50,2026-09-15T15:00:00,2026-09-15T15:50:00,245.0,0.549045,0.562491,0.013446,2.39,0.13714,0.13714,0.0,0.0,USD,0.14,0.14,0.0,0.9,True,Flat,single_greedy,0.0,0.0,False,False
GS-JOB-000268,ml-platform,ANALYTICS,SE,2.378,35,2026-09-15T14:05:51.969917,2026-09-15T14:40:51.969917,17.0,0.040426,0.040426,0.0,0.0,0.007681,0.007681,0.0,0.0,SEK,0.08,0.08,0.0,0.0,True,Demand,single_greedy,0.0,0.0,False,False
GS-JOB-000269,data-engineering,ETL,AU-SA-Large,2.635,51,2026-09-15T14:05:52.035913,2026-09-15T14:56:52.035913,42.0,0.11067,0.11067,0.0,0.0,0.0,0.0,0.0,0.0,AUD,0.0,0.0,0.0,0.0,True,Demand,single_greedy,0.0,0.0,False,False
GS-JOB-000270,data-engineering,ETL,AU-SA-Small,13.12,197,2026-09-15T14:05:52.060246,2026-09-15T17:22:52.060246,42.0,0.55104,0.55104,0.0,0.0,0.76752,0.76752,0.0,0.0,AUD,1.18,1.18,0.0,0.0,True,ToD,single_greedy,0.0,0.0,False,False
GS-JOB-000271,ml-platform,ANALYTICS,IN-TG,0.75,30,2026-09-15T14:05:52.077769,2026-09-15T14:35:52.077769,609.0,0.45675,0.45675,0.0,0.0,0.07875,0.07875,0.0,0.0,INR,6.56,6.56,0.0,0.0,True,ToD,single_greedy,0.0,0.0,False,False
GS-JOB-000272,operations,BACKUP,IN-GJ,3.936,49,2026-09-15T15:00:00,2026-09-15T15:49:00,682.0,2.684352,2.688288,0.003936,0.15,0.210182,0.210182,0.0,0.0,INR,17.52,17.52,0.0,0.9,True,ToD,single_greedy,0.0,0.0,False,False
GS-JOB-000273,operations,BACKUP,IN-WB,16.77,155,2026-09-15T14:05:52.140915,2026-09-15T16:40:52.140915,738.0,12.37626,12.37626,0.0,0.0,2.203578,2.203578,0.0,0.0,INR,183.63,183.63,0.0,0.0,True,ToD,single_greedy,0.0,0.0,False,False
GS-JOB-000274,finance,REPORT_GENERATION,IN-PB,3.562,82,2026-09-15T14:05:52.168027,2026-09-15T15:27:52.168027,501.0,1.784562,1.784562,0.0,0.0,0.384696,0.384696,0.0,0.0,INR,32.06,32.06,0.0,0.0,True,ToD,single_greedy,0.0,0.0,False,False
GS-JOB-000275,ml-platform,ML_TRAINING,US-CA,119.36,192,2026-09-15T17:00:00,2026-09-15T20:12:00,134.0,15.99424,29.95936,13.96512,46.61,13.704915,13.704915,0.0,0.0,USD,13.7,13.7,0.0,2.9,True,ToD,single_greedy,0.0,0.0,False,False
GS-JOB-000276,data-engineering,ETL,US-NY,5.175,69,2026-09-15T14:05:52.214850,2026-09-15T15:14:52.214850,321.0,1.661175,1.661175,0.0,0.0,1.0764,1.0764,0.0,0.0,USD,1.08,1.08,0.0,0.0,True,Demand,single_greedy,0.0,0.0,False,False
GS-JOB-000277,analytics,IMAGE_PROCESSING,US-TX,73.944,281,2026-09-15T15:00:00,2026-09-15T19:41:00,245.0,18.11628,18.559944,0.443664,2.39,4.525077,4.525077,0.0,0.0,USD,4.53,4.53,0.0,0.9,True,Flat,single_greedy,0.0,0.0,False,False
GS-JOB-000278,analytics,ETL,SE,16.066,166,2026-09-15T14:05:52.323906,2026-09-15T16:51:52.323906,17.0,0.273122,0.273122,0.0,0.0,0.051893,0.051893,0.0,0.0,SEK,0.55,0.55,0.0,0.0,True,Demand,single_greedy,0.0,0.0,False,False
GS-JOB-000279,ml-platform,ANALYTICS,AU-SA-Large,1.8,30,2026-09-15T14:05:52.343552,2026-09-15T14:35:52.343552,42.0,0.0756,0.0756,0.0,0.0,0.0,0.0,0.0,0.0,AUD,0.0,0.0,0.0,0.0,True,Demand,single_greedy,0.0,0.0,False,False
GS-JOB-000280,operations,BACKUP,AU-SA-Small,3.956,55,2026-09-15T14:05:52.383345,2026-09-15T15:00:52.383345,42.0,0.166152,0.166152,0.0,0.0,0.231426,0.231426,0.0,0.0,AUD,0.36,0.36,0.0,0.0,True,ToD,single_greedy,0.0,0.0,False,False
GS-JOB-000281,finance,REPORT_GENERATION,IN-TG,4.4,48,2026-09-15T14:05:52.408584,2026-09-15T14:53:52.408584,609.0,2.6796,2.6796,0.0,0.0,0.462,0.462,0.0,0.0,INR,38.5,38.5,0.0,0.0,True,ToD,single_greedy,0.0,0.0,False,False
GS-JOB-000282,operations,DATA_PROCESSING,IN-GJ,1.444,23,2026-09-15T15:00:00,2026-09-15T15:23:00,682.0,0.984808,0.986252,0.001444,0.15,0.07711,0.07711,0.0,0.0,INR,6.43,6.43,0.0,0.9,True,ToD,single_greedy,0.0,0.0,False,False
GS-JOB-000283,ml-platform,ANALYTICS,IN-WB,2.256,29,2026-09-15T14:05:52.442603,2026-09-15T14:34:52.442603,738.0,1.664928,1.664928,0.0,0.0,0.296438,0.296438,0.0,0.0,INR,24.7,24.7,0.0,0.0,True,ToD,single_greedy,0.0,0.0,False,False
GS-JOB-000284,operations,DATA_PROCESSING,IN-PB,1.218,25,2026-09-15T14:05:52.477595,2026-09-15T14:30:52.477595,501.0,0.610218,0.610218,0.0,0.0,0.131544,0.131544,0.0,0.0,INR,10.96,10.96,0.0,0.0,True,ToD,single_greedy,0.0,0.0,False,False
GS-JOB-000285,operations,DATA_PROCESSING,US-CA,1.17,18,2026-09-15T14:05:52.492069,2026-09-15T14:23:52.492069,251.0,0.29367,0.29367,0.0,0.0,0.134339,0.134339,0.0,0.0,USD,0.13,0.13,0.0,0.0,True,ToD,single_greedy,0.0,0.0,False,False
GS-JOB-000286,data-engineering,ETL,US-NY,21.8,131,2026-09-15T14:05:52.530176,2026-09-15T16:16:52.530176,321.0,6.9978,6.9978,0.0,0.0,4.5344,4.5344,0.0,0.0,USD,4.53,4.53,0.0,0.0,True,Demand,single_greedy,0.0,0.0,False,False
GS-JOB-000287,data-engineering,BACKUP,US-TX,3.944,41,2026-09-15T15:00:00,2026-09-15T15:41:00,245.0,0.96628,0.989944,0.023664,2.39,0.241357,0.241357,0.0,0.0,USD,0.24,0.24,0.0,0.9,True,Flat,single_greedy,0.0,0.0,False,False
GS-JOB-000288,ml-platform,ANALYTICS,SE,2.926,46,2026-09-15T14:05:52.575435,2026-09-15T14:51:52.575435,17.0,0.049742,0.049742,0.0,0.0,0.009451,0.009451,0.0,0.0,SEK,0.1,0.1,0.0,0.0,True,Demand,single_greedy,0.0,0.0,False,False
GS-JOB-000289,finance,ML_TRAINING,AU-SA-Large,95.22,414,2026-09-15T14:05:52.619463,2026-09-15T20:59:52.619463,42.0,3.99924,3.99924,0.0,0.0,0.0,0.0,0.0,0.0,AUD,0.0,0.0,0.0,0.0,True,Demand,single_greedy,0.0,0.0,False,False
GS-JOB-000290,operations,BACKUP,AU-SA-Small,3.655,51,2026-09-15T14:05:52.638170,2026-09-15T14:56:52.638170,42.0,0.15351,0.15351,0.0,0.0,0.213817,0.213817,0.0,0.0,AUD,0.33,0.33,0.0,0.0,True,ToD,single_greedy,0.0,0.0,False,False
GS-JOB-000291,finance,REPORT_GENERATION,IN-TG,9.424,149,2026-09-15T14:05:52.669233,2026-09-15T16:34:52.669233,609.0,5.739216,5.739216,0.0,0.0,0.98952,0.98952,0.0,0.0,INR,82.46,82.46,0.0,0.0,True,ToD,single_greedy,0.0,0.0,False,False
GS-JOB-000292,operations,DATA_PROCESSING,IN-GJ,2.66,84,2026-09-15T15:00:00,2026-09-15T16:24:00,682.0,1.81412,1.81678,0.00266,0.15,0.142044,0.142044,0.0,0.0,INR,11.84,11.84,0.0,0.9,True,ToD,single_greedy,0.0,0.0,False,False
GS-JOB-000293,operations,DATA_PROCESSING,IN-WB,3.783,58,2026-09-15T14:05:52.706276,2026-09-15T15:03:52.706276,738.0,2.791854,2.791854,0.0,0.0,0.497086,0.497086,0.0,0.0,INR,41.42,41.42,0.0,0.0,True,ToD,single_greedy,0.0,0.0,False,False
GS-JOB-000294,operations,ETL,IN-PB,15.555,110,2026-09-15T14:05:52.734324,2026-09-15T15:55:52.734324,501.0,7.793055,7.793055,0.0,0.0,1.67994,1.67994,0.0,0.0,INR,140.0,140.0,0.0,0.0,True,ToD,single_greedy,0.0,0.0,False,False
GS-JOB-000295,ml-platform,ML_TRAINING,US-CA,181.435,393,2026-09-15T19:00:00,2026-09-16T01:33:00,129.0,23.405115,45.540185,22.13507,48.61,20.832367,20.832367,0.0,0.0,USD,20.83,20.83,0.0,4.9,True,ToD,single_greedy,0.0,0.0,False,False
GS-JOB-000296,ml-platform,ANALYTICS,US-NY,1.533,44,2026-09-15T14:05:52.784930,2026-09-15T14:49:52.784930,321.0,0.492093,0.492093,0.0,0.0,0.318864,0.318864,0.0,0.0,USD,0.32,0.32,0.0,0.0,True,Demand,single_greedy,0.0,0.0,False,False
GS-JOB-000297,data-engineering,ETL,US-TX,3.045,52,2026-09-15T15:00:00,2026-09-15T15:52:00,245.0,0.746025,0.764295,0.01827,2.39,0.186342,0.186342,0.0,0.0,USD,0.19,0.19,0.0,0.9,True,Flat,single_greedy,0.0,0.0,False,False
GS-JOB-000298,analytics,IMAGE_PROCESSING,SE,87.86,276,2026-09-15T14:05:52.831882,2026-09-15T18:41:52.831882,17.0,1.49362,1.49362,0.0,0.0,0.283788,0.283788,0.0,0.0,SEK,2.99,2.99,0.0,0.0,True,Demand,single_greedy,0.0,0.0,False,False
GS-JOB-000299,finance,ML_TRAINING,AU-SA-Large,171.938,265,2026-09-15T14:05:52.867345,2026-09-15T18:30:52.867345,42.0,7.221396,7.221396,0.0,0.0,0.0,0.0,0.0,0.0,AUD,0.0,0.0,0.0,0.0,True,Demand,single_greedy,0.0,0.0,False,False
GS-JOB-000300,finance,REPORT_GENERATION,AU-SA-Small,2.28,72,2026-09-15T14:05:52.888689,2026-09-15T15:17:52.888689,42.0,0.09576,0.09576,0.0,0.0,0.13338,0.13338,0.0,0.0,AUD,0.21,0.21,0.0,0.0,True,ToD,single_greedy,0.0,0.0,False,False
GS-JOB-000301,data-engineering,ETL,IN-TG,4.968,65,2026-09-15T14:05:52.917494,2026-09-15T15:10:52.917494,609.0,3.025512,3.025512,0.0,0.0,0.52164,0.52164,0.0,0.0,INR,43.47,43.47,0.0,0.0,True,ToD,single_greedy,0.0,0.0,False,False
GS-JOB-000302,data-engineering,ETL,IN-GJ,23.571,146,2026-09-15T15:00:00,2026-09-15T17:26:00,682.0,16.075422,16.098993,0.023571,0.15,1.258691,1.258691,0.0,0.0,INR,104.89,104.89,0.0,0.9,True,ToD,single_greedy,0.0,0.0,False,False
GS-JOB-000303,data-engineering,ETL,IN-WB,7.395,52,2026-09-15T14:05:52.961641,2026-09-15T14:57:52.961641,738.0,5.45751,5.45751,0.0,0.0,0.971703,0.971703,0.0,0.0,INR,80.98,80.98,0.0,0.0,True,ToD,single_greedy,0.0,0.0,False,False
GS-JOB-000304,ml-platform,ANALYTICS,IN-PB,3.28,48,2026-09-15T14:05:52.977263,2026-09-15T14:53:52.977263,501.0,1.64328,1.64328,0.0,0.0,0.35424,0.35424,0.0,0.0,INR,29.52,29.52,0.0,0.0,True,ToD,single_greedy,0.0,0.0,False,False
GS-JOB-000305,operations,BACKUP,US-CA,2.354,64,2026-09-15T19:00:00,2026-09-15T20:04:00,129.0,0.303666,0.590854,0.287188,48.61,0.270286,0.270286,0.0,0.0,USD,0.27,0.27,0.0,4.9,True,ToD,single_greedy,0.0,0.0,False,False
GS-JOB-000306,ml-platform,ANALYTICS,US-NY,1.32,24,2026-09-15T14:05:53.028902,2026-09-15T14:29:53.028902,321.0,0.42372,0.42372,0.0,0.0,0.27456,0.27456,0.0,0.0,USD,0.27,0.27,0.0,0.0,True,Demand,single_greedy,0.0,0.0,False,False
GS-JOB-000307,analytics,REPORT_GENERATION,US-TX,14.1,169,2026-09-15T15:00:00,2026-09-15T17:49:00,245.0,3.4545,3.5391,0.0846,2.39,0.862864,0.862864,0.0,0.0,USD,0.86,0.86,0.0,0.9,True,Flat,single_greedy,0.0,0.0,False,False
GS-JOB-000308,analytics,IMAGE_PROCESSING,SE,49.88,258,2026-09-15T14:05:53.088083,2026-09-15T18:23:53.088083,17.0,0.84796,0.84796,0.0,0.0,0.161112,0.161112,0.0,0.0,SEK,1.7,1.7,0.0,0.0,True,Demand,single_greedy,0.0,0.0,False,False
GS-JOB-000309,ml-platform,ANALYTICS,AU-SA-Large,2.052,65,2026-09-15T14:05:53.106353,2026-09-15T15:10:53.106353,42.0,0.086184,0.086184,0.0,0.0,0.0,0.0,0.0,0.0,AUD,0.0,0.0,0.0,0.0,True,Demand,single_greedy,0.0,0.0,False,False
GS-JOB-000310,finance,REPORT_GENERATION,AU-SA-Small,10.406,145,2026-09-15T14:05:53.123103,2026-09-15T16:30:53.123103,42.0,0.437052,0.437052,0.0,0.0,0.608751,0.608751,0.0,0.0,AUD,0.94,0.94,0.0,0.0,True,ToD,single_greedy,0.0,0.0,False,False
GS-JOB-000311,analytics,BACKUP,IN-TG,19.602,178,2026-09-15T14:05:53.144196,2026-09-15T17:03:53.144196,609.0,11.937618,11.937618,0.0,0.0,2.05821,2.05821,0.0,0.0,INR,171.52,171.52,0.0,0.0,True,ToD,single_greedy,0.0,0.0,False,False
GS-JOB-000312,finance,ETL,IN-GJ,4.599,44,2026-09-15T15:00:00,2026-09-15T15:44:00,682.0,3.136518,3.141117,0.004599,0.15,0.245587,0.245587,0.0,0.0,INR,20.47,20.47,0.0,0.9,True,ToD,single_greedy,0.0,0.0,False,False
GS-JOB-000313,finance,REPORT_GENERATION,IN-WB,6.107,118,2026-09-15T14:05:53.189449,2026-09-15T16:03:53.189449,738.0,4.506966,4.506966,0.0,0.0,0.80246,0.80246,0.0,0.0,INR,66.87,66.87,0.0,0.0,True,ToD,single_greedy,0.0,0.0,False,False
GS-JOB-000314,data-engineering,ETL,IN-PB,17.284,179,2026-09-15T14:05:53.236191,2026-09-15T17:04:53.236191,501.0,8.659284,8.659284,0.0,0.0,1.866672,1.866672,0.0,0.0,INR,155.56,155.56,0.0,0.0,True,ToD,single_greedy,0.0,0.0,False,False
GS-JOB-000315,data-engineering,ETL,US-CA,22.387,220,2026-09-15T14:05:53.255482,2026-09-15T17:45:53.255482,251.0,5.619137,5.619137,0.0,0.0,2.570475,2.570475,0.0,0.0,USD,2.57,2.57,0.0,0.0,True,ToD,single_greedy,0.0,0.0,False,False
GS-JOB-000316,ml-platform,DATA_PROCESSING,US-NY,2.739,50,2026-09-15T14:05:53.278390,2026-09-15T14:55:53.278390,321.0,0.879219,0.879219,0.0,0.0,0.569712,0.569712,0.0,0.0,USD,0.57,0.57,0.0,0.0,True,Demand,single_greedy,0.0,0.0,False,False
GS-JOB-000317,data-engineering,ETL,US-TX,10.302,121,2026-09-15T15:00:00,2026-09-15T17:01:00,245.0,2.52399,2.585802,0.061812,2.39,0.630441,0.630441,0.0,0.0,USD,0.63,0.63,0.0,0.9,True,Flat,single_greedy,0.0,0.0,False,False
GS-JOB-000318,finance,REPORT_GENERATION,SE,5.684,59,2026-09-15T14:05:53.380376,2026-09-15T15:04:53.380376,17.0,0.096628,0.096628,0.0,0.0,0.018359,0.018359,0.0,0.0,SEK,0.19,0.19,0.0,0.0,True,Demand,single_greedy,0.0,0.0,False,False
GS-JOB-000319,operations,BACKUP,AU-SA-Large,13.124,116,2026-09-15T14:05:53.416139,2026-09-15T16:01:53.416139,42.0,0.551208,0.551208,0.0,0.0,0.0,0.0,0.0,0.0,AUD,0.0,0.0,0.0,0.0,True,Demand,single_greedy,0.0,0.0,False,False
GS-JOB-000320,finance,ETL,AU-SA-Small,25.364,224,2026-09-15T14:05:53.437056,2026-09-15T17:49:53.437056,42.0,1.065288,1.065288,0.0,0.0,1.483794,1.483794,0.0,0.0,AUD,2.28,2.28,0.0,0.0,True,ToD,single_greedy,0.0,0.0,False,False
GS-JOB-000321,data-engineering,ETL,IN-TG,5.733,164,2026-09-15T14:05:53.455771,2026-09-15T16:49:53.455771,609.0,3.491397,3.491397,0.0,0.0,0.601965,0.601965,0.0,0.0,INR,50.16,50.16,0.0,0.0,True,ToD,single_greedy,0.0,0.0,False,False
GS-JOB-000322,data-engineering,ETL,IN-GJ,3.75,45,2026-09-15T15:00:00,2026-09-15T15:45:00,682.0,2.5575,2.56125,0.00375,0.15,0.20025,0.20025,0.0,0.0,INR,16.69,16.69,0.0,0.9,True,ToD,single_greedy,0.0,0.0,False,False
GS-JOB-000323,ml-platform,DATA_PROCESSING,IN-WB,3.51,70,2026-09-15T14:05:53.522058,2026-09-15T15:15:53.522058,738.0,2.59038,2.59038,0.0,0.0,0.461214,0.461214,0.0,0.0,INR,38.43,38.43,0.0,0.0,True,ToD,single_greedy,0.0,0.0,False,False
GS-JOB-000324,operations,BACKUP,IN-PB,6.608,67,2026-09-15T14:05:53.539679,2026-09-15T15:12:53.539679,501.0,3.310608,3.310608,0.0,0.0,0.713664,0.713664,0.0,0.0,INR,59.47,59.47,0.0,0.0,True,ToD,single_greedy,0.0,0.0,False,False
GS-JOB-000325,data-engineering,DATA_PROCESSING,US-CA,3.78,84,2026-09-15T14:05:53.558168,2026-09-15T15:29:53.558168,251.0,0.94878,0.94878,0.0,0.0,0.43402,0.43402,0.0,0.0,USD,0.43,0.43,0.0,0.0,True,ToD,single_greedy,0.0,0.0,False,False
GS-JOB-000327,operations,DATA_PROCESSING,US-TX,0.512,19,2026-09-15T15:00:00,2026-09-15T15:19:00,245.0,0.12544,0.128512,0.003072,2.39,0.031332,0.031332,0.0,0.0,USD,0.03,0.03,0.0,0.9,True,Flat,single_greedy,0.0,0.0,False,False
GS-JOB-000328,finance,DATA_PROCESSING,SE,2.66,80,2026-09-15T14:05:53.652442,2026-09-15T15:25:53.652442,17.0,0.04522,0.04522,0.0,0.0,0.008592,0.008592,0.0,0.0,SEK,0.09,0.09,0.0,0.0,True,Demand,single_greedy,0.0,0.0,False,False
GS-JOB-000329,operations,BACKUP,AU-SA-Large,5.159,40,2026-09-15T14:05:53.667952,2026-09-15T14:45:53.667952,42.0,0.216678,0.216678,0.0,0.0,0.0,0.0,0.0,0.0,AUD,0.0,0.0,0.0,0.0,True,Demand,single_greedy,0.0,0.0,False,False
GS-JOB-000330,data-engineering,ETL,AU-SA-Small,19.1,229,2026-09-15T14:05:53.691685,2026-09-15T17:54:53.691685,42.0,0.8022,0.8022,0.0,0.0,1.11735,1.11735,0.0,0.0,AUD,1.72,1.72,0.0,0.0,True,ToD,single_greedy,0.0,0.0,False,False
GS-JOB-000331,operations,DATA_PROCESSING,IN-TG,1.44,48,2026-09-15T14:05:53.716377,2026-09-15T14:53:53.716377,609.0,0.87696,0.87696,0.0,0.0,0.1512,0.1512,0.0,0.0,INR,12.6,12.6,0.0,0.0,True,ToD,single_greedy,0.0,0.0,False,False
GS-JOB-000332,data-engineering,ETL,IN-GJ,11.28,72,2026-09-15T14:05:53.732169,2026-09-15T15:17:53.732169,683.0,7.70424,7.70424,0.0,0.0,0.602352,0.602352,0.0,0.0,INR,50.2,50.2,0.0,0.0,True,ToD,single_greedy,0.0,0.0,False,False
GS-JOB-000333,finance,ETL,IN-WB,9.398,76,2026-09-15T14:05:53.749334,2026-09-15T15:21:53.749334,738.0,6.935724,6.935724,0.0,0.0,1.234897,1.234897,0.0,0.0,INR,102.91,102.91,0.0,0.0,True,ToD,single_greedy,0.0,0.0,False,False
GS-JOB-000334,finance,REPORT_GENERATION,IN-PB,6.996,79,2026-09-15T14:05:53.767432,2026-09-15T15:24:53.767432,501.0,3.504996,3.504996,0.0,0.0,0.755568,0.755568,0.0,0.0,INR,62.96,62.96,0.0,0.0,True,ToD,single_greedy,0.0,0.0,False,False
GS-JOB-000335,data-engineering,ETL,US-CA,28.236,217,2026-09-15T19:00:00,2026-09-15T22:37:00,129.0,3.642444,7.087236,3.444792,48.61,3.242058,3.242058,0.0,0.0,USD,3.24,3.24,0.0,4.9,True,ToD,single_greedy,0.0,0.0,False,False
GS-JOB-000336,operations,DATA_PROCESSING,US-NY,3.162,56,2026-09-15T14:05:53.854122,2026-09-15T15:01:53.854122,321.0,1.015002,1.015002,0.0,0.0,0.657696,0.657696,0.0,0.0,USD,0.66,0.66,0.0,0.0,True,Demand,single_greedy,0.0,0.0,False,False
GS-JOB-000338,ml-platform,DATA_PROCESSING,SE,4.224,77,2026-09-15T14:05:53.909264,2026-09-15T15:22:53.909264,17.0,0.071808,0.071808,0.0,0.0,0.013644,0.013644,0.0,0.0,SEK,0.14,0.14,0.0,0.0,True,Demand,single_greedy,0.0,0.0,False,False
GS-JOB-000339,data-engineering,ETL,AU-SA-Large,20.658,188,2026-09-15T14:05:53.974363,2026-09-15T17:13:53.974363,42.0,0.867636,0.867636,0.0,0.0,0.0,0.0,0.0,0.0,AUD,0.0,0.0,0.0,0.0,True,Demand,single_greedy,0.0,0.0,False,False
GS-JOB-000340,finance,REPORT_GENERATION,AU-SA-Small,3.078,97,2026-09-15T14:05:53.997454,2026-09-15T15:42:53.997454,42.0,0.129276,0.129276,0.0,0.0,0.180063,0.180063,0.0,0.0,AUD,0.28,0.28,0.0,0.0,True,ToD,single_greedy,0.0,0.0,False,False
GS-JOB-000341,data-engineering,ETL,IN-TG,10.71,92,2026-09-15T14:05:54.048675,2026-09-15T15:37:54.048675,609.0,6.52239,6.52239,0.0,0.0,1.12455,1.12455,0.0,0.0,INR,93.71,93.71,0.0,0.0,True,ToD,single_greedy,0.0,0.0,False,False
GS-JOB-000342,finance,ETL,IN-GJ,3.503,68,2026-09-15T14:05:54.067054,2026-09-15T15:13:54.067054,683.0,2.392549,2.392549,0.0,0.0,0.18706,0.18706,0.0,0.0,INR,15.59,15.59,0.0,0.0,True,ToD,single_greedy,0.0,0.0,False,False
GS-JOB-000343,operations,DATA_PROCESSING,IN-WB,1.215,27,2026-09-15T14:05:54.082399,2026-09-15T14:32:54.082399,738.0,0.89667,0.89667,0.0,0.0,0.159651,0.159651,0.0,0.0,INR,13.3,13.3,0.0,0.0,True,ToD,single_greedy,0.0,0.0,False,False
GS-JOB-000344,data-engineering,ETL,IN-PB,24.64,211,2026-09-15T14:05:54.104951,2026-09-15T17:36:54.104951,501.0,12.34464,12.34464,0.0,0.0,2.66112,2.66112,0.0,0.0,INR,221.76,221.76,0.0,0.0,True,ToD,single_greedy,0.0,0.0,False,False
GS-JOB-000345,operations,BACKUP,US-CA,3.955,68,2026-09-15T19:00:00,2026-09-15T20:08:00,129.0,0.510195,0.992705,0.48251,48.61,0.454113,0.454113,0.0,0.0,USD,0.45,0.45,0.0,4.9,True,ToD,single_greedy,0.0,0.0,False,False
GS-JOB-000346,analytics,DATA_PROCESSING,US-NY,1.675,40,2026-09-15T14:05:54.144119,2026-09-15T14:45:54.144119,321.0,0.537675,0.537675,0.0,0.0,0.3484,0.3484,0.0,0.0,USD,0.35,0.35,0.0,0.0,True,Demand,single_greedy,0.0,0.0,False,False
GS-JOB-000347,operations,BACKUP,US-TX,3.655,51,2026-09-15T15:00:00,2026-09-15T15:51:00,245.0,0.895475,0.917405,0.02193,2.39,0.223671,0.223671,0.0,0.0,USD,0.22,0.22,0.0,0.9,True,Flat,single_greedy,0.0,0.0,False,False
GS-JOB-000348,analytics,DATA_PROCESSING,SE,0.798,23,2026-09-15T14:05:54.212931,2026-09-15T14:28:54.212931,17.0,0.013566,0.013566,0.0,0.0,0.002578,0.002578,0.0,0.0,SEK,0.03,0.03,0.0,0.0,True,Demand,single_greedy,0.0,0.0,False,False
GS-JOB-000349,data-engineering,ETL,AU-SA-Large,7.83,81,2026-09-15T14:05:54.265421,2026-09-15T15:26:54.265421,42.0,0.32886,0.32886,0.0,0.0,0.0,0.0,0.0,0.0,AUD,0.0,0.0,0.0,0.0,True,Demand,single_greedy,0.0,0.0,False,False
GS-JOB-000350,data-engineering,ETL,AU-SA-Small,8.155,140,2026-09-15T14:05:54.301794,2026-09-15T16:25:54.301794,42.0,0.34251,0.34251,0.0,0.0,0.477067,0.477067,0.0,0.0,AUD,0.73,0.73,0.0,0.0,True,ToD,single_greedy,0.0,0.0,False,False
GS-JOB-000351,data-engineering,ETL,IN-TG,25.976,229,2026-09-15T14:05:54.327757,2026-09-15T17:54:54.327757,609.0,15.819384,15.819384,0.0,0.0,2.72748,2.72748,0.0,0.0,INR,227.29,227.29,0.0,0.0,True,ToD,single_greedy,0.0,0.0,False,False
GS-JOB-000352,finance,BACKUP,IN-GJ,2.482,44,2026-09-15T15:00:00,2026-09-15T15:44:00,682.0,1.692724,1.695206,0.002482,0.15,0.132539,0.132539,0.0,0.0,INR,11.04,11.04,0.0,0.9,True,ToD,single_greedy,0.0,0.0,False,False
GS-JOB-000354,data-engineering,ETL,IN-PB,7.665,63,2026-09-15T14:05:54.383525,2026-09-15T15:08:54.383525,501.0,3.840165,3.840165,0.0,0.0,0.82782,0.82782,0.0,0.0,INR,68.98,68.98,0.0,0.0,True,ToD,single_greedy,0.0,0.0,False,False
GS-JOB-000355,operations,BACKUP,US-CA,6.425,154,2026-09-15T17:00:00,2026-09-15T19:34:00,134.0,0.86095,1.612675,0.751725,46.61,0.737719,0.737719,0.0,0.0,USD,0.74,0.74,0.0,2.9,True,ToD,single_greedy,0.0,0.0,False,False
GS-JOB-000356,data-engineering,ETL,US-NY,9.15,110,2026-09-15T14:05:54.445517,2026-09-15T15:55:54.445517,321.0,2.93715,2.93715,0.0,0.0,1.9032,1.9032,0.0,0.0,USD,1.9,1.9,0.0,0.0,True,Demand,single_greedy,0.0,0.0,False,False
GS-JOB-000357,analytics,IMAGE_PROCESSING,US-TX,22.746,134,2026-09-15T15:00:00,2026-09-15T17:14:00,245.0,5.57277,5.709246,0.136476,2.39,1.391964,1.391964,0.0,0.0,USD,1.39,1.39,0.0,0.9,True,Flat,single_greedy,0.0,0.0,False,False
GS-JOB-000358,operations,BACKUP,SE,12.628,172,2026-09-15T14:05:54.536831,2026-09-15T16:57:54.536831,17.0,0.214676,0.214676,0.0,0.0,0.040788,0.040788,0.0,0.0,SEK,0.43,0.43,0.0,0.0,True,Demand,single_greedy,0.0,0.0,False,False
GS-JOB-000359,ml-platform,ANALYTICS,AU-SA-Large,3.872,53,2026-09-15T14:05:54.555849,2026-09-15T14:58:54.555849,42.0,0.162624,0.162624,0.0,0.0,0.0,0.0,0.0,0.0,AUD,0.0,0.0,0.0,0.0,True,Demand,single_greedy,0.0,0.0,False,False
GS-JOB-000360,operations,DATA_PROCESSING,AU-SA-Small,3.395,58,2026-09-15T14:05:54.586402,2026-09-15T15:03:54.586402,42.0,0.14259,0.14259,0.0,0.0,0.198608,0.198608,0.0,0.0,AUD,0.31,0.31,0.0,0.0,True,ToD,single_greedy,0.0,0.0,False,False
GS-JOB-000361,data-engineering,ANALYTICS,IN-TG,3.283,40,2026-09-15T14:05:54.608447,2026-09-15T14:45:54.608447,609.0,1.999347,1.999347,0.0,0.0,0.344715,0.344715,0.0,0.0,INR,28.73,28.73,0.0,0.0,True,ToD,single_greedy,0.0,0.0,False,False
GS-JOB-000362,finance,REPORT_GENERATION,IN-GJ,1.38,36,2026-09-15T15:00:00,2026-09-15T15:36:00,682.0,0.94116,0.94254,0.00138,0.15,0.073692,0.073692,0.0,0.0,INR,6.14,6.14,0.0,0.9,True,ToD,single_greedy,0.0,0.0,False,False
GS-JOB-000363,ml-platform,IMAGE_PROCESSING,IN-WB,68.705,273,2026-09-15T14:05:54.651451,2026-09-15T18:38:54.651451,738.0,50.70429,50.70429,0.0,0.0,9.027837,9.027837,0.0,0.0,INR,752.32,752.32,0.0,0.0,True,ToD,single_greedy,0.0,0.0,False,False
GS-JOB-000364,data-engineering,BACKUP,IN-PB,8.316,119,2026-09-15T14:05:54.668967,2026-09-15T16:04:54.668967,501.0,4.166316,4.166316,0.0,0.0,0.898128,0.898128,0.0,0.0,INR,74.84,74.84,0.0,0.0,True,ToD,single_greedy,0.0,0.0,False,False
GS-JOB-000365,operations,BACKUP,US-CA,4.884,79,2026-09-15T19:00:00,2026-09-15T20:19:00,129.0,0.630036,1.225884,0.595848,48.61,0.560781,0.560781,0.0,0.0,USD,0.56,0.56,0.0,4.9,True,ToD,single_greedy,0.0,0.0,False,False
GS-JOB-000366,ml-platform,ANALYTICS,US-NY,1.312,19,2026-09-15T14:05:54.730205,2026-09-15T14:24:54.730205,321.0,0.421152,0.421152,0.0,0.0,0.272896,0.272896,0.0,0.0,USD,0.27,0.27,0.0,0.0,True,Demand,single_greedy,0.0,0.0,False,False
GS-JOB-000367,data-engineering,ETL,US-TX,3.159,70,2026-09-15T15:00:00,2026-09-15T16:10:00,245.0,0.773955,0.792909,0.018954,2.39,0.193318,0.193318,0.0,0.0,USD,0.19,0.19,0.0,0.9,True,Flat,single_greedy,0.0,0.0,False,False
GS-JOB-000368,data-engineering,ETL,SE,6.5,75,2026-09-15T14:05:54.765991,2026-09-15T15:20:54.765991,17.0,0.1105,0.1105,0.0,0.0,0.020995,0.020995,0.0,0.0,SEK,0.22,0.22,0.0,0.0,True,Demand,single_greedy,0.0,0.0,False,False
GS-JOB-000369,operations,DATA_PROCESSING,AU-SA-Large,3.96,79,2026-09-15T14:05:54.800803,2026-09-15T15:24:54.800803,42.0,0.16632,0.16632,0.0,0.0,0.0,0.0,0.0,0.0,AUD,0.0,0.0,0.0,0.0,True,Demand,single_greedy,0.0,0.0,False,False
GS-JOB-000370,operations,BACKUP,AU-SA-Small,6.105,99,2026-09-15T14:05:54.819061,2026-09-15T15:44:54.819061,42.0,0.25641,0.25641,0.0,0.0,0.357143,0.357143,0.0,0.0,AUD,0.55,0.55,0.0,0.0,True,ToD,single_greedy,0.0,0.0,False,False
GS-JOB-000371,operations,DATA_PROCESSING,IN-TG,0.99,33,2026-09-15T14:05:54.836088,2026-09-15T14:38:54.836088,609.0,0.60291,0.60291,0.0,0.0,0.10395,0.10395,0.0,0.0,INR,8.66,8.66,0.0,0.0,True,ToD,single_greedy,0.0,0.0,False,False
GS-JOB-000372,ml-platform,ETL,IN-GJ,12.312,97,2026-09-15T15:00:00,2026-09-15T16:37:00,682.0,8.396784,8.409096,0.012312,0.15,0.657461,0.657461,0.0,0.0,INR,54.79,54.79,0.0,0.9,True,ToD,single_greedy,0.0,0.0,False,False
GS-JOB-000374,data-engineering,IMAGE_PROCESSING,IN-PB,82.39,321,2026-09-15T14:05:54.907419,2026-09-15T19:26:54.907419,501.0,41.27739,41.27739,0.0,0.0,8.89812,8.89812,0.0,0.0,INR,741.51,741.51,0.0,0.0,True,ToD,single_greedy,0.0,0.0,False,False
GS-JOB-000375,operations,BACKUP,US-CA,4.048,55,2026-09-15T17:00:00,2026-09-15T17:55:00,134.0,0.542432,1.016048,0.473616,46.61,0.464791,0.464791,0.0,0.0,USD,0.46,0.46,0.0,2.9,True,ToD,single_greedy,0.0,0.0,False,False
GS-JOB-000376,operations,REPORT_GENERATION,US-NY,4.34,93,2026-09-15T14:05:54.949237,2026-09-15T15:38:54.949237,321.0,1.39314,1.39314,0.0,0.0,0.90272,0.90272,0.0,0.0,USD,0.9,0.9,0.0,0.0,True,Demand,single_greedy,0.0,0.0,False,False
GS-JOB-000377,data-engineering,ETL,US-TX,27.86,239,2026-09-15T15:00:00,2026-09-15T18:59:00,245.0,6.8257,6.99286,0.16716,2.39,1.704921,1.704921,0.0,0.0,USD,1.7,1.7,0.0,0.9,True,Flat,single_greedy,0.0,0.0,False,False
GS-JOB-000378,ml-platform,ANALYTICS,SE,2.394,34,2026-09-15T14:05:54.989099,2026-09-15T14:39:54.989099,17.0,0.040698,0.040698,0.0,0.0,0.007733,0.007733,0.0,0.0,SEK,0.08,0.08,0.0,0.0,True,Demand,single_greedy,0.0,0.0,False,False
GS-JOB-000379,ml-platform,ANALYTICS,AU-SA-Large,3.68,48,2026-09-15T14:05:55.004636,2026-09-15T14:53:55.004636,42.0,0.15456,0.15456,0.0,0.0,0.0,0.0,0.0,0.0,AUD,0.0,0.0,0.0,0.0,True,Demand,single_greedy,0.0,0.0,False,False
GS-JOB-000380,finance,ETL,AU-SA-Small,38.115,231,2026-09-15T14:05:55.032035,2026-09-15T17:56:55.032035,42.0,1.60083,1.60083,0.0,0.0,2.229728,2.229728,0.0,0.0,AUD,3.43,3.43,0.0,0.0,True,ToD,single_greedy,0.0,0.0,False,False
GS-JOB-000381,finance,ANALYTICS,IN-TG,2.95,71,2026-09-15T14:05:55.058071,2026-09-15T15:16:55.058071,609.0,1.79655,1.79655,0.0,0.0,0.30975,0.30975,0.0,0.0,INR,25.81,25.81,0.0,0.0,True,ToD,single_greedy,0.0,0.0,False,False
GS-JOB-000382,ml-platform,REPORT_GENERATION,IN-GJ,2.771,98,2026-09-15T15:00:00,2026-09-15T16:38:00,682.0,1.889822,1.892593,0.002771,0.15,0.147971,0.147971,0.0,0.0,INR,12.33,12.33,0.0,0.9,True,ToD,single_greedy,0.0,0.0,False,False
GS-JOB-000383,finance,ANALYTICS,IN-WB,2.55,45,2026-09-15T14:05:55.095042,2026-09-15T14:50:55.095042,738.0,1.8819,1.8819,0.0,0.0,0.33507,0.33507,0.0,0.0,INR,27.92,27.92,0.0,0.0,True,ToD,single_greedy,0.0,0.0,False,False
GS-JOB-000384,ml-platform,DATA_PROCESSING,IN-PB,2.1,36,2026-09-15T14:05:55.137940,2026-09-15T14:41:55.137940,501.0,1.0521,1.0521,0.0,0.0,0.2268,0.2268,0.0,0.0,INR,18.9,18.9,0.0,0.0,True,ToD,single_greedy,0.0,0.0,False,False
GS-JOB-000385,analytics,IMAGE_PROCESSING,US-CA,35.476,217,2026-09-15T19:00:00,2026-09-15T22:37:00,129.0,4.576404,8.904476,4.328072,48.61,4.073354,4.073354,0.0,0.0,USD,4.07,4.07,0.0,4.9,True,ToD,single_greedy,0.0,0.0,False,False
GS-JOB-000386,ml-platform,ANALYTICS,US-NY,1.68,42,2026-09-15T14:05:55.181663,2026-09-15T14:47:55.181663,321.0,0.53928,0.53928,0.0,0.0,0.34944,0.34944,0.0,0.0,USD,0.35,0.35,0.0,0.0,True,Demand,single_greedy,0.0,0.0,False,False
GS-JOB-000387,ml-platform,ANALYTICS,US-TX,1.68,24,2026-09-15T14:05:55.201172,2026-09-15T14:29:55.201172,251.0,0.42168,0.42168,0.0,0.0,0.102809,0.102809,0.0,0.0,USD,0.1,0.1,0.0,0.0,True,Flat,single_greedy,0.0,0.0,False,False
GS-JOB-000388,operations,BACKUP,SE,11.656,149,2026-09-15T14:05:55.225672,2026-09-15T16:34:55.225672,17.0,0.198152,0.198152,0.0,0.0,0.037649,0.037649,0.0,0.0,SEK,0.4,0.4,0.0,0.0,True,Demand,single_greedy,0.0,0.0,False,False
GS-JOB-000389,data-engineering,ETL,AU-SA-Large,1.197,34,2026-09-15T14:05:55.240923,2026-09-15T14:39:55.240923,42.0,0.050274,0.050274,0.0,0.0,0.0,0.0,0.0,0.0,AUD,0.0,0.0,0.0,0.0,True,Demand,single_greedy,0.0,0.0,False,False
GS-JOB-000390,analytics,IMAGE_PROCESSING,AU-SA-Small,24.282,205,2026-09-15T14:05:55.283061,2026-09-15T17:30:55.283061,42.0,1.019844,1.019844,0.0,0.0,1.420497,1.420497,0.0,0.0,AUD,2.19,2.19,0.0,0.0,True,ToD,single_greedy,0.0,0.0,False,False
GS-JOB-000391,operations,BACKUP,IN-TG,5.508,65,2026-09-15T14:05:55.303080,2026-09-15T15:10:55.303080,609.0,3.354372,3.354372,0.0,0.0,0.57834,0.57834,0.0,0.0,INR,48.2,48.2,0.0,0.0,True,ToD,single_greedy,0.0,0.0,False,False
GS-JOB-000392,operations,REPORT_GENERATION,IN-GJ,4.505,159,2026-09-15T15:00:00,2026-09-15T17:39:00,682.0,3.07241,3.076915,0.004505,0.15,0.240567,0.240567,0.0,0.0,INR,20.05,20.05,0.0,0.9,True,ToD,single_greedy,0.0,0.0,False,False
GS-JOB-000393,data-engineering,ETL,IN-WB,13.44,126,2026-09-15T14:05:55.367013,2026-09-15T16:11:55.367013,738.0,9.91872,9.91872,0.0,0.0,1.766016,1.766016,0.0,0.0,INR,147.17,147.17,0.0,0.0,True,ToD,single_greedy,0.0,0.0,False,False
GS-JOB-000394,data-engineering,ETL,IN-PB,1.664,31,2026-09-15T14:05:55.383579,2026-09-15T14:36:55.383579,501.0,0.833664,0.833664,0.0,0.0,0.179712,0.179712,0.0,0.0,INR,14.98,14.98,0.0,0.0,True,ToD,single_greedy,0.0,0.0,False,False
GS-JOB-000395,finance,REPORT_GENERATION,US-CA,5.246,73,2026-09-15T19:00:00,2026-09-15T20:13:00,129.0,0.676734,1.316746,0.640012,48.61,0.602346,0.602346,0.0,0.0,USD,0.6,0.6,0.0,4.9,True,ToD,single_greedy,0.0,0.0,False,False
GS-JOB-000396,analytics,ETL,US-NY,21.2,159,2026-09-15T14:05:55.456432,2026-09-15T16:44:55.456432,321.0,6.8052,6.8052,0.0,0.0,4.4096,4.4096,0.0,0.0,USD,4.41,4.41,0.0,0.0,True,Demand,single_greedy,0.0,0.0,False,False
GS-JOB-000397,operations,DATA_PROCESSING,US-TX,2.208,55,2026-09-15T14:05:55.488293,2026-09-15T15:00:55.488293,251.0,0.554208,0.554208,0.0,0.0,0.135121,0.135121,0.0,0.0,USD,0.14,0.14,0.0,0.0,True,Flat,single_greedy,0.0,0.0,False,False
GS-JOB-000398,finance,REPORT_GENERATION,SE,6.831,124,2026-09-15T14:05:55.515593,2026-09-15T16:09:55.515593,17.0,0.116127,0.116127,0.0,0.0,0.022064,0.022064,0.0,0.0,SEK,0.23,0.23,0.0,0.0,True,Demand,single_greedy,0.0,0.0,False,False
GS-JOB-000399,analytics,ETL,AU-SA-Large,1.612,37,2026-09-15T14:05:55.591885,2026-09-15T14:42:55.591885,42.0,0.067704,0.067704,0.0,0.0,0.0,0.0,0.0,0.0,AUD,0.0,0.0,0.0,0.0,True,Demand,single_greedy,0.0,0.0,False,False
GS-JOB-000400,finance,ETL,AU-SA-Small,12.408,169,2026-09-15T14:05:55.612446,2026-09-15T16:54:55.612446,42.0,0.521136,0.521136,0.0,0.0,0.725868,0.725868,0.0,0.0,AUD,1.12,1.12,0.0,0.0,True,ToD,single_greedy,0.0,0.0,False,False
GS-JOB-000401,ml-platform,ETL,IN-TG,12.74,109,2026-09-15T14:05:55.630675,2026-09-15T15:54:55.630675,609.0,7.75866,7.75866,0.0,0.0,1.3377,1.3377,0.0,0.0,INR,111.47,111.47,0.0,0.0,True,ToD,single_greedy,0.0,0.0,False,False
GS-JOB-000402,operations,DATA_PROCESSING,IN-GJ,5.112,85,2026-09-15T15:00:00,2026-09-15T16:25:00,682.0,3.486384,3.491496,0.005112,0.15,0.272981,0.272981,0.0,0.0,INR,22.75,22.75,0.0,0.9,True,ToD,single_greedy,0.0,0.0,False,False
GS-JOB-000403,finance,DATA_PROCESSING,IN-WB,1.15,30,2026-09-15T14:05:55.703920,2026-09-15T14:35:55.703920,738.0,0.8487,0.8487,0.0,0.0,0.15111,0.15111,0.0,0.0,INR,12.59,12.59,0.0,0.0,True,ToD,single_greedy,0.0,0.0,False,False
GS-JOB-000404,finance,REPORT_GENERATION,IN-PB,4.278,83,2026-09-15T14:05:55.723998,2026-09-15T15:28:55.723998,501.0,2.143278,2.143278,0.0,0.0,0.462024,0.462024,0.0,0.0,INR,38.5,38.5,0.0,0.0,True,ToD,single_greedy,0.0,0.0,False,False
GS-JOB-000405,operations,ANALYTICS,US-CA,3.666,47,2026-09-15T14:05:55.739308,2026-09-15T14:52:55.739308,251.0,0.920166,0.920166,0.0,0.0,0.42093,0.42093,0.0,0.0,USD,0.42,0.42,0.0,0.0,True,ToD,single_greedy,0.0,0.0,False,False
GS-JOB-000407,finance,ANALYTICS,US-TX,2.79,56,2026-09-15T14:05:55.775948,2026-09-15T15:01:55.775948,251.0,0.70029,0.70029,0.0,0.0,0.170737,0.170737,0.0,0.0,USD,0.17,0.17,0.0,0.0,True,Flat,single_greedy,0.0,0.0,False,False
GS-JOB-000409,analytics,IMAGE_PROCESSING,AU-SA-Large,30.55,195,2026-09-15T14:05:55.815102,2026-09-15T17:20:55.815102,42.0,1.2831,1.2831,0.0,0.0,0.0,0.0,0.0,0.0,AUD,0.0,0.0,0.0,0.0,True,Demand,single_greedy,0.0,0.0,False,False
GS-JOB-000410,ml-platform,BACKUP,AU-SA-Small,7.203,88,2026-09-15T14:05:55.842605,2026-09-15T15:33:55.842605,42.0,0.302526,0.302526,0.0,0.0,0.421376,0.421376,0.0,0.0,AUD,0.65,0.65,0.0,0.0,True,ToD,single_greedy,0.0,0.0,False,False
GS-JOB-000411,finance,DATA_PROCESSING,IN-TG,1.8,60,2026-09-15T14:05:55.871228,2026-09-15T15:05:55.871228,609.0,1.0962,1.0962,0.0,0.0,0.189,0.189,0.0,0.0,INR,15.75,15.75,0.0,0.0,True,ToD,single_greedy,0.0,0.0,False,False
GS-JOB-000412,finance,REPORT_GENERATION,IN-GJ,6.7,161,2026-09-15T15:00:00,2026-09-15T17:41:00,682.0,4.5694,4.5761,0.0067,0.15,0.35778,0.35778,0.0,0.0,INR,29.82,29.82,0.0,0.9,True,ToD,single_greedy,0.0,0.0,False,False
GS-JOB-000413,ml-platform,DATA_PROCESSING,IN-WB,2.64,48,2026-09-15T14:05:55.970273,2026-09-15T14:53:55.970273,738.0,1.94832,1.94832,0.0,0.0,0.346896,0.346896,0.0,0.0,INR,28.91,28.91,0.0,0.0,True,ToD,single_greedy,0.0,0.0,False,False
GS-JOB-000414,finance,BACKUP,IN-PB,5.2,39,2026-09-15T14:05:55.987914,2026-09-15T14:44:55.987914,501.0,2.6052,2.6052,0.0,0.0,0.5616,0.5616,0.0,0.0,INR,46.8,46.8,0.0,0.0,True,ToD,single_greedy,0.0,0.0,False,False
GS-JOB-000415,analytics,IMAGE_PROCESSING,US-CA,46.948,233,2026-09-15T16:00:00,2026-09-15T19:53:00,139.0,6.525772,11.783948,5.258176,44.62,5.390569,5.390569,0.0,0.0,USD,5.39,5.39,0.0,1.9,True,ToD,single_greedy,0.0,0.0,False,False
GS-JOB-000416,analytics,ANALYTICS,US-NY,3.255,63,2026-09-15T14:05:56.035023,2026-09-15T15:08:56.035023,321.0,1.044855,1.044855,0.0,0.0,0.67704,0.67704,0.0,0.0,USD,0.68,0.68,0.0,0.0,True,Demand,single_greedy,0.0,0.0,False,False
GS-JOB-000417,analytics,IMAGE_PROCESSING,US-TX,32.319,308,2026-09-15T15:00:00,2026-09-15T20:08:00,245.0,7.918155,8.112069,0.193914,2.39,1.977794,1.977794,0.0,0.0,USD,1.98,1.98,0.0,0.9,True,Flat,single_greedy,0.0,0.0,False,False
GS-JOB-000418,ml-platform,ETL,SE,11.68,96,2026-09-15T14:05:56.090436,2026-09-15T15:41:56.090436,17.0,0.19856,0.19856,0.0,0.0,0.037726,0.037726,0.0,0.0,SEK,0.4,0.4,0.0,0.0,True,Demand,single_greedy,0.0,0.0,False,False
GS-JOB-000419,operations,BACKUP,AU-SA-Large,17.739,146,2026-09-15T14:05:56.145472,2026-09-15T16:31:56.145472,42.0,0.745038,0.745038,0.0,0.0,0.0,0.0,0.0,0.0,AUD,0.0,0.0,0.0,0.0,True,Demand,single_greedy,0.0,0.0,False,False
GS-JOB-000420,finance,REPORT_GENERATION,AU-SA-Small,8.004,83,2026-09-15T14:05:56.174297,2026-09-15T15:28:56.174297,42.0,0.336168,0.336168,0.0,0.0,0.468234,0.468234,0.0,0.0,AUD,0.72,0.72,0.0,0.0,True,ToD,single_greedy,0.0,0.0,False,False
GS-JOB-000421,finance,ANALYTICS,IN-TG,1.632,29,2026-09-15T14:05:56.194599,2026-09-15T14:34:56.194599,609.0,0.993888,0.993888,0.0,0.0,0.17136,0.17136,0.0,0.0,INR,14.28,14.28,0.0,0.0,True,ToD,single_greedy,0.0,0.0,False,False
GS-JOB-000422,operations,DATA_PROCESSING,IN-GJ,1.6,30,2026-09-15T15:00:00,2026-09-15T15:30:00,682.0,1.0912,1.0928,0.0016,0.15,0.08544,0.08544,0.0,0.0,INR,7.12,7.12,0.0,0.9,True,ToD,single_greedy,0.0,0.0,False,False
GS-JOB-000423,finance,ML_TRAINING,IN-WB,58.692,175,2026-09-15T14:05:56.232426,2026-09-15T17:00:56.232426,738.0,43.314696,43.314696,0.0,0.0,7.712129,7.712129,0.0,0.0,INR,642.68,642.68,0.0,0.0,True,ToD,single_greedy,0.0,0.0,False,False
GS-JOB-000424,data-engineering,ETL,IN-PB,2.278,40,2026-09-15T14:05:56.276717,2026-09-15T14:45:56.276717,501.0,1.141278,1.141278,0.0,0.0,0.246024,0.246024,0.0,0.0,INR,20.5,20.5,0.0,0.0,True,ToD,single_greedy,0.0,0.0,False,False
GS-JOB-000425,operations,DATA_PROCESSING,US-CA,3.22,84,2026-09-15T14:05:56.296060,2026-09-15T15:29:56.296060,251.0,0.80822,0.80822,0.0,0.0,0.36972,0.36972,0.0,0.0,USD,0.37,0.37,0.0,0.0,True,ToD,single_greedy,0.0,0.0,False,False
GS-JOB-000428,analytics,DATA_PROCESSING,SE,2.037,58,2026-09-15T14:05:56.351120,2026-09-15T15:03:56.351120,17.0,0.034629,0.034629,0.0,0.0,0.00658,0.00658,0.0,0.0,SEK,0.07,0.07,0.0,0.0,True,Demand,single_greedy,0.0,0.0,False,False
GS-JOB-000429,operations,DATA_PROCESSING,AU-SA-Large,1.344,29,2026-09-15T14:05:56.375618,2026-09-15T14:34:56.375618,42.0,0.056448,0.056448,0.0,0.0,0.0,0.0,0.0,0.0,AUD,0.0,0.0,0.0,0.0,True,Demand,single_greedy,0.0,0.0,False,False
GS-JOB-000430,operations,BACKUP,AU-SA-Small,6.12,92,2026-09-15T14:05:56.406848,2026-09-15T15:37:56.406848,42.0,0.25704,0.25704,0.0,0.0,0.35802,0.35802,0.0,0.0,AUD,0.55,0.55,0.0,0.0,True,ToD,single_greedy,0.0,0.0,False,False
GS-JOB-000432,operations,ETL,IN-GJ,27.972,200,2026-09-15T15:00:00,2026-09-15T18:20:00,682.0,19.076904,19.104876,0.027972,0.15,1.493705,1.493705,0.0,0.0,INR,124.48,124.48,0.0,0.9,True,ToD,single_greedy,0.0,0.0,False,False
GS-JOB-000433,data-engineering,ETL,IN-WB,18.48,168,2026-09-15T14:05:56.465161,2026-09-15T16:53:56.465161,738.0,13.63824,13.63824,0.0,0.0,2.428272,2.428272,0.0,0.0,INR,202.36,202.36,0.0,0.0,True,ToD,single_greedy,0.0,0.0,False,False
GS-JOB-000434,data-engineering,BACKUP,IN-PB,8.639,98,2026-09-15T14:05:56.482183,2026-09-15T15:43:56.482183,501.0,4.328139,4.328139,0.0,0.0,0.933012,0.933012,0.0,0.0,INR,77.75,77.75,0.0,0.0,True,ToD,single_greedy,0.0,0.0,False,False
GS-JOB-000435,operations,DATA_PROCESSING,US-CA,4.64,87,2026-09-15T19:00:00,2026-09-15T20:27:00,129.0,0.59856,1.16464,0.56608,48.61,0.532765,0.532765,0.0,0.0,USD,0.53,0.53,0.0,4.9,True,ToD,single_greedy,0.0,0.0,False,False
GS-JOB-000436,analytics,ETL,US-NY,17.983,220,2026-09-15T14:05:56.526273,2026-09-15T17:45:56.526273,321.0,5.772543,5.772543,0.0,0.0,3.740464,3.740464,0.0,0.0,USD,3.74,3.74,0.0,0.0,True,Demand,single_greedy,0.0,0.0,False,False
GS-JOB-000437,finance,ETL,US-TX,8.71,78,2026-09-15T15:00:00,2026-09-15T16:18:00,245.0,2.13395,2.18621,0.05226,2.39,0.533017,0.533017,0.0,0.0,USD,0.53,0.53,0.0,0.9,True,Flat,single_greedy,0.0,0.0,False,False
GS-JOB-000438,data-engineering,BACKUP,SE,17.884,158,2026-09-15T14:05:56.567399,2026-09-15T16:43:56.567399,17.0,0.304028,0.304028,0.0,0.0,0.057765,0.057765,0.0,0.0,SEK,0.61,0.61,0.0,0.0,True,Demand,single_greedy,0.0,0.0,False,False
GS-JOB-000439,operations,DATA_PROCESSING,AU-SA-Large,0.825,20,2026-09-15T14:05:56.627675,2026-09-15T14:25:56.627675,42.0,0.03465,0.03465,0.0,0.0,0.0,0.0,0.0,0.0,AUD,0.0,0.0,0.0,0.0,True,Demand,single_greedy,0.0,0.0,False,False
GS-JOB-000440,finance,REPORT_GENERATION,AU-SA-Small,4.312,46,2026-09-15T14:05:56.646166,2026-09-15T14:51:56.646166,42.0,0.181104,0.181104,0.0,0.0,0.252252,0.252252,0.0,0.0,AUD,0.39,0.39,0.0,0.0,True,ToD,single_greedy,0.0,0.0,False,False
GS-JOB-000441,operations,DATA_PROCESSING,IN-TG,1.596,34,2026-09-15T14:05:56.663832,2026-09-15T14:39:56.663832,609.0,0.971964,0.971964,0.0,0.0,0.16758,0.16758,0.0,0.0,INR,13.96,13.96,0.0,0.0,True,ToD,single_greedy,0.0,0.0,False,False
GS-JOB-000442,data-engineering,ETL,IN-GJ,8.25,75,2026-09-15T15:00:00,2026-09-15T16:15:00,682.0,5.6265,5.63475,0.00825,0.15,0.44055,0.44055,0.0,0.0,INR,36.71,36.71,0.0,0.9,True,ToD,single_greedy,0.0,0.0,False,False
GS-JOB-000443,operations,BACKUP,IN-WB,11.88,99,2026-09-15T14:05:56.709594,2026-09-15T15:44:56.709594,738.0,8.76744,8.76744,0.0,0.0,1.561032,1.561032,0.0,0.0,INR,130.09,130.09,0.0,0.0,True,ToD,single_greedy,0.0,0.0,False,False
GS-JOB-000444,finance,REPORT_GENERATION,IN-PB,8.077,118,2026-09-15T14:05:56.728211,2026-09-15T16:03:56.728211,501.0,4.046577,4.046577,0.0,0.0,0.872316,0.872316,0.0,0.0,INR,72.69,72.69,0.0,0.0,True,ToD,single_greedy,0.0,0.0,False,False
GS-JOB-000445,ml-platform,ANALYTICS,US-CA,1.935,27,2026-09-15T14:05:56.746263,2026-09-15T14:32:56.746263,251.0,0.485685,0.485685,0.0,0.0,0.222177,0.222177,0.0,0.0,USD,0.22,0.22,0.0,0.0,True,ToD,single_greedy,0.0,0.0,False,False
GS-JOB-000446,data-engineering,ETL,US-NY,5.822,49,2026-09-15T14:05:56.766115,2026-09-15T14:54:56.766115,321.0,1.868862,1.868862,0.0,0.0,1.210976,1.210976,0.0,0.0,USD,1.21,1.21,0.0,0.0,True,Demand,single_greedy,0.0,0.0,False,False
GS-JOB-000447,operations,REPORT_GENERATION,US-TX,6.38,66,2026-09-15T14:05:56.784267,2026-09-15T15:11:56.784267,251.0,1.60138,1.60138,0.0,0.0,0.39043,0.39043,0.0,0.0,USD,0.39,0.39,0.0,0.0,True,Flat,single_greedy,0.0,0.0,False,False
GS-JOB-000449,analytics,BACKUP,AU-SA-Large,3.432,86,2026-09-15T14:05:56.816067,2026-09-15T15:31:56.816067,42.0,0.144144,0.144144,0.0,0.0,0.0,0.0,0.0,0.0,AUD,0.0,0.0,0.0,0.0,True,Demand,single_greedy,0.0,0.0,False,False
GS-JOB-000450,data-engineering,ETL,AU-SA-Small,3.335,69,2026-09-15T14:05:56.845576,2026-09-15T15:14:56.845576,42.0,0.14007,0.14007,0.0,0.0,0.195098,0.195098,0.0,0.0,AUD,0.3,0.3,0.0,0.0,True,ToD,single_greedy,0.0,0.0,False,False
GS-JOB-000451,operations,BACKUP,IN-TG,8.7,87,2026-09-15T14:05:56.863150,2026-09-15T15:32:56.863150,609.0,5.2983,5.2983,0.0,0.0,0.9135,0.9135,0.0,0.0,INR,76.12,76.12,0.0,0.0,True,ToD,single_greedy,0.0,0.0,False,False
GS-JOB-000452,analytics,ANALYTICS,IN-GJ,3.08,42,2026-09-15T14:05:56.879336,2026-09-15T14:47:56.879336,683.0,2.10364,2.10364,0.0,0.0,0.164472,0.164472,0.0,0.0,INR,13.71,13.71,0.0,0.0,True,ToD,single_greedy,0.0,0.0,False,False
GS-JOB-000453,operations,BACKUP,IN-WB,9.453,82,2026-09-15T14:05:56.894843,2026-09-15T15:27:56.894843,738.0,6.976314,6.976314,0.0,0.0,1.242124,1.242124,0.0,0.0,INR,103.51,103.51,0.0,0.0,True,ToD,single_greedy,0.0,0.0,False,False
GS-JOB-000454,operations,DATA_PROCESSING,IN-PB,3.103,64,2026-09-15T14:05:56.946988,2026-09-15T15:09:56.946988,501.0,1.554603,1.554603,0.0,0.0,0.335124,0.335124,0.0,0.0,INR,27.93,27.93,0.0,0.0,True,ToD,single_greedy,0.0,0.0,False,False
GS-JOB-000455,data-engineering,ETL,US-CA,15.111,124,2026-09-15T18:00:00,2026-09-15T20:04:00,130.0,1.96443,3.792861,1.828431,48.21,1.735045,1.735045,0.0,0.0,USD,1.74,1.74,0.0,3.9,True,ToD,single_greedy,0.0,0.0,False,False
GS-JOB-000456,data-engineering,IMAGE_PROCESSING,US-NY,66.744,247,2026-09-15T14:05:56.995489,2026-09-15T18:12:56.995489,321.0,21.424824,21.424824,0.0,0.0,13.882752,13.882752,0.0,0.0,USD,13.88,13.88,0.0,0.0,True,Demand,single_greedy,0.0,0.0,False,False
GS-JOB-000457,ml-platform,REPORT_GENERATION,US-TX,4.96,93,2026-09-15T14:05:57.012764,2026-09-15T15:38:57.012764,251.0,1.24496,1.24496,0.0,0.0,0.303532,0.303532,0.0,0.0,USD,0.3,0.3,0.0,0.0,True,Flat,single_greedy,0.0,0.0,False,False
GS-JOB-000458,finance,ETL,SE,9.9,79,2026-09-15T14:05:57.051017,2026-09-15T15:24:57.051017,17.0,0.1683,0.1683,0.0,0.0,0.031977,0.031977,0.0,0.0,SEK,0.34,0.34,0.0,0.0,True,Demand,single_greedy,0.0,0.0,False,False
GS-JOB-000459,operations,DATA_PROCESSING,AU-SA-Large,0.962,22,2026-09-15T14:05:57.071186,2026-09-15T14:27:57.071186,42.0,0.040404,0.040404,0.0,0.0,0.0,0.0,0.0,0.0,AUD,0.0,0.0,0.0,0.0,True,Demand,single_greedy,0.0,0.0,False,False
GS-JOB-000460,data-engineering,ETL,AU-SA-Small,17.088,107,2026-09-15T14:05:57.099838,2026-09-15T15:52:57.099838,42.0,0.717696,0.717696,0.0,0.0,0.999648,0.999648,0.0,0.0,AUD,1.54,1.54,0.0,0.0,True,ToD,single_greedy,0.0,0.0,False,False
GS-JOB-000461,ml-platform,ANALYTICS,IN-TG,1.33,23,2026-09-15T14:05:57.116775,2026-09-15T14:28:57.116775,609.0,0.80997,0.80997,0.0,0.0,0.13965,0.13965,0.0,0.0,INR,11.64,11.64,0.0,0.0,True,ToD,single_greedy,0.0,0.0,False,False
GS-JOB-000462,ml-platform,ML_TRAINING,IN-GJ,179.904,562,2026-09-15T15:00:00,2026-09-16T00:22:00,682.0,122.694528,122.874432,0.179904,0.15,9.606874,9.606874,0.0,0.0,INR,800.57,800.57,0.0,0.9,True,ToD,single_greedy,0.0,0.0,False,False
GS-JOB-000463,data-engineering,ETL,IN-WB,10.778,190,2026-09-15T14:05:57.164896,2026-09-15T17:15:57.164896,738.0,7.954164,7.954164,0.0,0.0,1.416229,1.416229,0.0,0.0,INR,118.02,118.02,0.0,0.0,True,ToD,single_greedy,0.0,0.0,False,False
GS-JOB-000464,operations,BACKUP,IN-PB,3.835,39,2026-09-15T14:05:57.207381,2026-09-15T14:44:57.207381,501.0,1.921335,1.921335,0.0,0.0,0.41418,0.41418,0.0,0.0,INR,34.52,34.52,0.0,0.0,True,ToD,single_greedy,0.0,0.0,False,False
GS-JOB-000465,ml-platform,ML_TRAINING,US-CA,208.128,461,2026-09-15T17:00:00,2026-09-16T00:41:00,134.0,27.889152,52.240128,24.350976,46.61,23.897257,23.897257,0.0,0.0,USD,23.9,23.9,0.0,2.9,True,ToD,single_greedy,0.0,0.0,False,False
GS-JOB-000466,operations,DATA_PROCESSING,US-NY,2.96,48,2026-09-15T14:05:57.286738,2026-09-15T14:53:57.286738,321.0,0.95016,0.95016,0.0,0.0,0.61568,0.61568,0.0,0.0,USD,0.62,0.62,0.0,0.0,True,Demand,single_greedy,0.0,0.0,False,False
GS-JOB-000467,operations,DATA_PROCESSING,US-TX,4.94,78,2026-09-15T15:00:00,2026-09-15T16:18:00,245.0,1.2103,1.23994,0.02964,2.39,0.302308,0.302308,0.0,0.0,USD,0.3,0.3,0.0,0.9,True,Flat,single_greedy,0.0,0.0,False,False
GS-JOB-000468,data-engineering,ETL,SE,10.033,76,2026-09-15T14:05:57.349473,2026-09-15T15:21:57.349473,17.0,0.170561,0.170561,0.0,0.0,0.032407,0.032407,0.0,0.0,SEK,0.34,0.34,0.0,0.0,True,Demand,single_greedy,0.0,0.0,False,False
GS-JOB-000469,data-engineering,ETL,AU-SA-Large,8.769,142,2026-09-15T14:05:57.368309,2026-09-15T16:27:57.368309,42.0,0.368298,0.368298,0.0,0.0,0.0,0.0,0.0,0.0,AUD,0.0,0.0,0.0,0.0,True,Demand,single_greedy,0.0,0.0,False,False
GS-JOB-000470,data-engineering,ETL,AU-SA-Small,9.261,206,2026-09-15T14:05:57.394727,2026-09-15T17:31:57.394727,42.0,0.388962,0.388962,0.0,0.0,0.541768,0.541768,0.0,0.0,AUD,0.83,0.83,0.0,0.0,True,ToD,single_greedy,0.0,0.0,False,False
GS-JOB-000471,operations,BACKUP,IN-TG,13.16,113,2026-09-15T14:05:57.435628,2026-09-15T15:58:57.435628,609.0,8.01444,8.01444,0.0,0.0,1.3818,1.3818,0.0,0.0,INR,115.15,115.15,0.0,0.0,True,ToD,single_greedy,0.0,0.0,False,False
GS-JOB-000472,operations,DATA_PROCESSING,IN-GJ,4.8,90,2026-09-15T14:05:57.456818,2026-09-15T15:35:57.456818,683.0,3.2784,3.2784,0.0,0.0,0.25632,0.25632,0.0,0.0,INR,21.36,21.36,0.0,0.0,True,ToD,single_greedy,0.0,0.0,False,False
GS-JOB-000473,operations,DATA_PROCESSING,IN-WB,1.926,64,2026-09-15T14:05:57.476875,2026-09-15T15:09:57.476875,738.0,1.421388,1.421388,0.0,0.0,0.253076,0.253076,0.0,0.0,INR,21.09,21.09,0.0,0.0,True,ToD,single_greedy,0.0,0.0,False,False
GS-JOB-000474,operations,BACKUP,IN-PB,12.802,104,2026-09-15T14:05:57.493325,2026-09-15T15:49:57.493325,501.0,6.413802,6.413802,0.0,0.0,1.382616,1.382616,0.0,0.0,INR,115.22,115.22,0.0,0.0,True,ToD,single_greedy,0.0,0.0,False,False
GS-JOB-000475,finance,DATA_PROCESSING,US-CA,1.26,21,2026-09-15T15:00:00,2026-09-15T15:21:00,164.0,0.20664,0.31626,0.10962,34.66,0.144673,0.144673,0.0,0.0,USD,0.14,0.14,0.0,0.9,True,ToD,single_greedy,0.0,0.0,False,False
GS-JOB-000476,data-engineering,ML_TRAINING,US-NY,110.986,253,2026-09-15T14:05:57.531081,2026-09-15T18:18:57.531081,321.0,35.626506,35.626506,0.0,0.0,23.085088,23.085088,0.0,0.0,USD,23.09,23.09,0.0,0.0,True,Demand,single_greedy,0.0,0.0,False,False
GS-JOB-000477,data-engineering,ETL,US-TX,28.032,175,2026-09-15T15:00:00,2026-09-15T17:55:00,245.0,6.86784,7.036032,0.168192,2.39,1.715446,1.715446,0.0,0.0,USD,1.72,1.72,0.0,0.9,True,Flat,single_greedy,0.0,0.0,False,False
GS-JOB-000478,operations,REPORT_GENERATION,SE,8.874,92,2026-09-15T14:05:57.580926,2026-09-15T15:37:57.580926,17.0,0.150858,0.150858,0.0,0.0,0.028663,0.028663,0.0,0.0,SEK,0.3,0.3,0.0,0.0,True,Demand,single_greedy,0.0,0.0,False,False
GS-JOB-000479,operations,DATA_PROCESSING,AU-SA-Large,1.296,43,2026-09-15T14:05:57.627440,2026-09-15T14:48:57.627440,42.0,0.054432,0.054432,0.0,0.0,0.0,0.0,0.0,0.0,AUD,0.0,0.0,0.0,0.0,True,Demand,single_greedy,0.0,0.0,False,False
GS-JOB-000480,ml-platform,ETL,AU-SA-Small,8.52,128,2026-09-15T14:05:57.653983,2026-09-15T16:13:57.653983,42.0,0.35784,0.35784,0.0,0.0,0.49842,0.49842,0.0,0.0,AUD,0.77,0.77,0.0,0.0,True,ToD,single_greedy,0.0,0.0,False,False
GS-JOB-000481,data-engineering,ETL,IN-TG,17.484,113,2026-09-15T14:05:57.719419,2026-09-15T15:58:57.719419,609.0,10.647756,10.647756,0.0,0.0,1.83582,1.83582,0.0,0.0,INR,152.99,152.99,0.0,0.0,True,ToD,single_greedy,0.0,0.0,False,False
GS-JOB-000482,ml-platform,ML_TRAINING,IN-GJ,76.83,234,2026-09-15T15:00:00,2026-09-15T18:54:00,682.0,52.39806,52.47489,0.07683,0.15,4.102722,4.102722,0.0,0.0,INR,341.89,341.89,0.0,0.9,True,ToD,single_greedy,0.0,0.0,False,False
GS-JOB-000483,ml-platform,ML_TRAINING,IN-WB,87.48,216,2026-09-15T14:05:57.765139,2026-09-15T17:41:57.765139,738.0,64.56024,64.56024,0.0,0.0,11.494872,11.494872,0.0,0.0,INR,957.91,957.91,0.0,0.0,True,ToD,single_greedy,0.0,0.0,False,False
GS-JOB-000484,operations,ANALYTICS,IN-PB,0.48,18,2026-09-15T14:05:57.785131,2026-09-15T14:23:57.785131,501.0,0.24048,0.24048,0.0,0.0,0.05184,0.05184,0.0,0.0,INR,4.32,4.32,0.0,0.0,True,ToD,single_greedy,0.0,0.0,False,False
GS-JOB-000485,finance,BACKUP,US-CA,6.54,131,2026-09-15T19:00:00,2026-09-15T21:11:00,129.0,0.84366,1.64154,0.79788,48.61,0.750923,0.750923,0.0,0.0,USD,0.75,0.75,0.0,4.9,True,ToD,single_greedy,0.0,0.0,False,False
GS-JOB-000486,data-engineering,ETL,US-NY,12.76,139,2026-09-15T14:05:57.829464,2026-09-15T16:24:57.829464,321.0,4.09596,4.09596,0.0,0.0,2.65408,2.65408,0.0,0.0,USD,2.65,2.65,0.0,0.0,True,Demand,single_greedy,0.0,0.0,False,False
GS-JOB-000489,data-engineering,ETL,AU-SA-Large,9.45,105,2026-09-15T14:05:57.884073,2026-09-15T15:50:57.884073,42.0,0.3969,0.3969,0.0,0.0,0.0,0.0,0.0,0.0,AUD,0.0,0.0,0.0,0.0,True,Demand,single_greedy,0.0,0.0,False,False
GS-JOB-000490,data-engineering,ETL,AU-SA-Small,2.645,69,2026-09-15T14:05:57.912026,2026-09-15T15:14:57.912026,42.0,0.11109,0.11109,0.0,0.0,0.154733,0.154733,0.0,0.0,AUD,0.24,0.24,0.0,0.0,True,ToD,single_greedy,0.0,0.0,False,False
GS-JOB-000491,ml-platform,ANALYTICS,IN-TG,1.786,28,2026-09-15T14:05:57.929382,2026-09-15T14:33:57.929382,609.0,1.087674,1.087674,0.0,0.0,0.18753,0.18753,0.0,0.0,INR,15.63,15.63,0.0,0.0,True,ToD,single_greedy,0.0,0.0,False,False
GS-JOB-000492,operations,DATA_PROCESSING,IN-GJ,1.612,31,2026-09-15T15:00:00,2026-09-15T15:31:00,682.0,1.099384,1.100996,0.001612,0.15,0.086081,0.086081,0.0,0.0,INR,7.17,7.17,0.0,0.9,True,ToD,single_greedy,0.0,0.0,False,False
GS-JOB-000493,data-engineering,ETL,IN-WB,2.236,31,2026-09-15T14:05:57.965077,2026-09-15T14:36:57.965077,738.0,1.650168,1.650168,0.0,0.0,0.29381,0.29381,0.0,0.0,INR,24.48,24.48,0.0,0.0,True,ToD,single_greedy,0.0,0.0,False,False
GS-JOB-000494,data-engineering,ETL,IN-PB,7.672,82,2026-09-15T14:05:57.991493,2026-09-15T15:27:57.991493,501.0,3.843672,3.843672,0.0,0.0,0.828576,0.828576,0.0,0.0,INR,69.05,69.05,0.0,0.0,True,ToD,single_greedy,0.0,0.0,False,False
GS-JOB-000496,ml-platform,ML_TRAINING,US-NY,28.975,183,2026-09-15T14:05:58.045006,2026-09-15T17:08:58.045006,321.0,9.300975,9.300975,0.0,0.0,6.0268,6.0268,0.0,0.0,USD,6.03,6.03,0.0,0.0,True,Demand,single_greedy,0.0,0.0,False,False
GS-JOB-000497,data-engineering,ETL,US-TX,6.125,147,2026-09-15T15:00:00,2026-09-15T17:27:00,245.0,1.500625,1.537375,0.03675,2.39,0.374825,0.374825,0.0,0.0,USD,0.37,0.37,0.0,0.9,True,Flat,single_greedy,0.0,0.0,False,False
GS-JOB-000498,analytics,ETL,SE,14.28,101,2026-09-15T14:05:58.107624,2026-09-15T15:46:58.107624,17.0,0.24276,0.24276,0.0,0.0,0.046124,0.046124,0.0,0.0,SEK,0.49,0.49,0.0,0.0,True,Demand,single_greedy,0.0,0.0,False,False
GS-JOB-000499,operations,BACKUP,AU-SA-Large,13.872,163,2026-09-15T14:05:58.145896,2026-09-15T16:48:58.145896,42.0,0.582624,0.582624,0.0,0.0,0.0,0.0,0.0,0.0,AUD,0.0,0.0,0.0,0.0,True,Demand,single_greedy,0.0,0.0,False,False
GS-JOB-000500,ml-platform,ANALYTICS,AU-SA-Small,1.435,21,2026-09-15T14:05:58.165406,2026-09-15T14:26:58.165406,42.0,0.06027,0.06027,0.0,0.0,0.083948,0.083948,0.0,0.0,AUD,0.13,0.13,0.0,0.0,True,ToD,single_greedy,0.0,0.0,False,False
GS-JOB-000501,analytics,REPORT_GENERATION,IN-TG,9.765,130,2026-09-15T14:05:58.191841,2026-09-15T16:15:58.191841,609.0,5.946885,5.946885,0.0,0.0,1.025325,1.025325,0.0,0.0,INR,85.44,85.44,0.0,0.0,True,ToD,single_greedy,0.0,0.0,False,False
GS-JOB-000502,operations,DATA_PROCESSING,IN-GJ,1.591,26,2026-09-15T15:00:00,2026-09-15T15:26:00,682.0,1.085062,1.086653,0.001591,0.15,0.084959,0.084959,0.0,0.0,INR,7.08,7.08,0.0,0.9,True,ToD,single_greedy,0.0,0.0,False,False
GS-JOB-000503,data-engineering,ETL,IN-WB,8.624,235,2026-09-15T14:05:58.275550,2026-09-15T18:00:58.275550,738.0,6.364512,6.364512,0.0,0.0,1.133194,1.133194,0.0,0.0,INR,94.43,94.43,0.0,0.0,True,ToD,single_greedy,0.0,0.0,False,False
GS-JOB-000504,ml-platform,ANALYTICS,IN-PB,2.088,35,2026-09-15T14:05:58.296117,2026-09-15T14:40:58.296117,501.0,1.046088,1.046088,0.0,0.0,0.225504,0.225504,0.0,0.0,INR,18.79,18.79,0.0,0.0,True,ToD,single_greedy,0.0,0.0,False,False
GS-JOB-000505,analytics,ETL,US-CA,24.24,182,2026-09-15T19:00:00,2026-09-15T22:02:00,129.0,3.12696,6.08424,2.95728,48.61,2.783237,2.783237,0.0,0.0,USD,2.78,2.78,0.0,4.9,True,ToD,single_greedy,0.0,0.0,False,False
GS-JOB-000506,operations,DATA_PROCESSING,US-NY,3.051,68,2026-09-15T14:05:58.356577,2026-09-15T15:13:58.356577,321.0,0.979371,0.979371,0.0,0.0,0.634608,0.634608,0.0,0.0,USD,0.63,0.63,0.0,0.0,True,Demand,single_greedy,0.0,0.0,False,False
GS-JOB-000507,operations,REPORT_GENERATION,US-TX,4.15,50,2026-09-15T15:00:00,2026-09-15T15:50:00,245.0,1.01675,1.04165,0.0249,2.39,0.253963,0.253963,0.0,0.0,USD,0.25,0.25,0.0,0.9,True,Flat,single_greedy,0.0,0.0,False,False
GS-JOB-000508,operations,ETL,SE,13.4,161,2026-09-15T14:05:58.409639,2026-09-15T16:46:58.409639,17.0,0.2278,0.2278,0.0,0.0,0.043282,0.043282,0.0,0.0,SEK,0.46,0.46,0.0,0.0,True,Demand,single_greedy,0.0,0.0,False,False
GS-JOB-000509,ml-platform,ETL,AU-SA-Large,5.005,86,2026-09-15T14:05:58.450421,2026-09-15T15:31:58.450421,42.0,0.21021,0.21021,0.0,0.0,0.0,0.0,0.0,0.0,AUD,0.0,0.0,0.0,0.0,True,Demand,single_greedy,0.0,0.0,False,False
GS-JOB-000510,operations,DATA_PROCESSING,AU-SA-Small,2.825,68,2026-09-15T14:05:58.517714,2026-09-15T15:13:58.517714,42.0,0.11865,0.11865,0.0,0.0,0.165263,0.165263,0.0,0.0,AUD,0.25,0.25,0.0,0.0,True,ToD,single_greedy,0.0,0.0,False,False
GS-JOB-000511,data-engineering,ETL,IN-TG,17.325,135,2026-09-15T14:05:58.547429,2026-09-15T16:20:58.547429,609.0,10.550925,10.550925,0.0,0.0,1.819125,1.819125,0.0,0.0,INR,151.59,151.59,0.0,0.0,True,ToD,single_greedy,0.0,0.0,False,False
GS-JOB-000512,operations,BACKUP,IN-GJ,10.441,118,2026-09-15T14:05:58.563944,2026-09-15T16:03:58.563944,683.0,7.131203,7.131203,0.0,0.0,0.557549,0.557549,0.0,0.0,INR,46.46,46.46,0.0,0.0,True,ToD,single_greedy,0.0,0.0,False,False
GS-JOB-000513,operations,BACKUP,IN-WB,7.45,179,2026-09-15T14:05:58.590114,2026-09-15T17:04:58.590114,738.0,5.4981,5.4981,0.0,0.0,0.97893,0.97893,0.0,0.0,INR,81.58,81.58,0.0,0.0,True,ToD,single_greedy,0.0,0.0,False,False
GS-JOB-000514,data-engineering,ETL,IN-PB,17.82,162,2026-09-15T14:05:58.617880,2026-09-15T16:47:58.617880,501.0,8.92782,8.92782,0.0,0.0,1.92456,1.92456,0.0,0.0,INR,160.38,160.38,0.0,0.0,True,ToD,single_greedy,0.0,0.0,False,False
GS-JOB-000515,finance,REPORT_GENERATION,US-CA,1.482,34,2026-09-15T14:05:58.634387,2026-09-15T14:39:58.634387,251.0,0.371982,0.371982,0.0,0.0,0.170163,0.170163,0.0,0.0,USD,0.17,0.17,0.0,0.0,True,ToD,single_greedy,0.0,0.0,False,False
GS-JOB-000516,analytics,ETL,US-NY,14.85,178,2026-09-15T14:05:58.677756,2026-09-15T17:03:58.677756,321.0,4.76685,4.76685,0.0,0.0,3.0888,3.0888,0.0,0.0,USD,3.09,3.09,0.0,0.0,True,Demand,single_greedy,0.0,0.0,False,False
GS-JOB-000517,finance,REPORT_GENERATION,US-TX,9.962,176,2026-09-15T15:00:00,2026-09-15T17:56:00,245.0,2.44069,2.500462,0.059772,2.39,0.609635,0.609635,0.0,0.0,USD,0.61,0.61,0.0,0.9,True,Flat,single_greedy,0.0,0.0,False,False
GS-JOB-000519,analytics,REPORT_GENERATION,AU-SA-Large,6.39,85,2026-09-15T14:05:58.755510,2026-09-15T15:30:58.755510,42.0,0.26838,0.26838,0.0,0.0,0.0,0.0,0.0,0.0,AUD,0.0,0.0,0.0,0.0,True,Demand,single_greedy,0.0,0.0,False,False
GS-JOB-000520,analytics,IMAGE_PROCESSING,AU-SA-Small,68.6,206,2026-09-15T14:05:58.779797,2026-09-15T17:31:58.779797,42.0,2.8812,2.8812,0.0,0.0,4.0131,4.0131,0.0,0.0,AUD,6.17,6.17,0.0,0.0,True,ToD,single_greedy,0.0,0.0,False,False
GS-JOB-000521,finance,REPORT_GENERATION,IN-TG,2.603,82,2026-09-15T14:05:58.860179,2026-09-15T15:27:58.860179,609.0,1.585227,1.585227,0.0,0.0,0.273315,0.273315,0.0,0.0,INR,22.78,22.78,0.0,0.0,True,ToD,single_greedy,0.0,0.0,False,False
GS-JOB-000523,finance,REPORT_GENERATION,IN-WB,3.652,50,2026-09-15T14:05:58.914578,2026-09-15T14:55:58.914578,738.0,2.695176,2.695176,0.0,0.0,0.479873,0.479873,0.0,0.0,INR,39.99,39.99,0.0,0.0,True,ToD,single_greedy,0.0,0.0,False,False
GS-JOB-000524,ml-platform,ML_TRAINING,IN-PB,335.35,570,2026-09-15T14:05:58.941884,2026-09-15T23:35:58.941884,501.0,168.01035,168.01035,0.0,0.0,36.2178,36.2178,0.0,0.0,INR,3018.15,3018.15,0.0,0.0,True,ToD,single_greedy,0.0,0.0,False,False
GS-JOB-000527,operations,ETL,US-TX,6.596,41,2026-09-15T15:00:00,2026-09-15T15:41:00,245.0,1.61602,1.655596,0.039576,2.39,0.403649,0.403649,0.0,0.0,USD,0.4,0.4,0.0,0.9,True,Flat,single_greedy,0.0,0.0,False,False
GS-JOB-000528,analytics,ETL,SE,7.182,80,2026-09-15T14:05:59.015203,2026-09-15T15:25:59.015203,17.0,0.122094,0.122094,0.0,0.0,0.023198,0.023198,0.0,0.0,SEK,0.24,0.24,0.0,0.0,True,Demand,single_greedy,0.0,0.0,False,False
GS-JOB-000529,operations,BACKUP,AU-SA-Large,9.72,97,2026-09-15T14:05:59.039214,2026-09-15T15:42:59.039214,42.0,0.40824,0.40824,0.0,0.0,0.0,0.0,0.0,0.0,AUD,0.0,0.0,0.0,0.0,True,Demand,single_greedy,0.0,0.0,False,False
GS-JOB-000530,operations,DATA_PROCESSING,AU-SA-Small,2.352,67,2026-09-15T14:05:59.058393,2026-09-15T15:12:59.058393,42.0,0.098784,0.098784,0.0,0.0,0.137592,0.137592,0.0,0.0,AUD,0.21,0.21,0.0,0.0,True,ToD,single_greedy,0.0,0.0,False,False
GS-JOB-000531,data-engineering,ETL,IN-TG,29.068,203,2026-09-15T14:05:59.108319,2026-09-15T17:28:59.108319,609.0,17.702412,17.702412,0.0,0.0,3.05214,3.05214,0.0,0.0,INR,254.34,254.34,0.0,0.0,True,ToD,single_greedy,0.0,0.0,False,False
GS-JOB-000532,ml-platform,ML_TRAINING,IN-GJ,313.775,489,2026-09-15T15:00:00,2026-09-15T23:09:00,682.0,213.99455,214.308325,0.313775,0.15,16.755585,16.755585,0.0,0.0,INR,1396.3,1396.3,0.0,0.9,True,ToD,single_greedy,0.0,0.0,False,False
GS-JOB-000533,operations,ETL,IN-WB,21.08,204,2026-09-15T14:05:59.183391,2026-09-15T17:29:59.183391,738.0,15.55704,15.55704,0.0,0.0,2.769912,2.769912,0.0,0.0,INR,230.83,230.83,0.0,0.0,True,ToD,single_greedy,0.0,0.0,False,False
GS-JOB-000534,data-engineering,ETL,IN-PB,2.4,60,2026-09-15T14:05:59.229770,2026-09-15T15:05:59.229770,501.0,1.2024,1.2024,0.0,0.0,0.2592,0.2592,0.0,0.0,INR,21.6,21.6,0.0,0.0,True,ToD,single_greedy,0.0,0.0,False,False
GS-JOB-000535,data-engineering,ETL,US-CA,11.529,110,2026-09-15T14:05:59.247493,2026-09-15T15:55:59.247493,251.0,2.893779,2.893779,0.0,0.0,1.32376,1.32376,0.0,0.0,USD,1.32,1.32,0.0,0.0,True,ToD,single_greedy,0.0,0.0,False,False
GS-JOB-000536,ml-platform,ETL,US-NY,27.048,193,2026-09-15T14:05:59.272542,2026-09-15T17:18:59.272542,321.0,8.682408,8.682408,0.0,0.0,5.625984,5.625984,0.0,0.0,USD,5.63,5.63,0.0,0.0,True,Demand,single_greedy,0.0,0.0,False,False
GS-JOB-000537,data-engineering,ETL,US-TX,16.75,201,2026-09-15T15:00:00,2026-09-15T18:21:00,245.0,4.10375,4.20425,0.1005,2.39,1.025033,1.025033,0.0,0.0,USD,1.02,1.02,0.0,0.9,True,Flat,single_greedy,0.0,0.0,False,False
GS-JOB-000538,finance,REPORT_GENERATION,SE,5.221,136,2026-09-15T14:05:59.347913,2026-09-15T16:21:59.347913,17.0,0.088757,0.088757,0.0,0.0,0.016864,0.016864,0.0,0.0,SEK,0.18,0.18,0.0,0.0,True,Demand,single_greedy,0.0,0.0,False,False
GS-JOB-000539,finance,REPORT_GENERATION,AU-SA-Large,15.39,171,2026-09-15T14:05:59.388442,2026-09-15T16:56:59.388442,42.0,0.64638,0.64638,0.0,0.0,0.0,0.0,0.0,0.0,AUD,0.0,0.0,0.0,0.0,True,Demand,single_greedy,0.0,0.0,False,False
GS-JOB-000540,data-engineering,REPORT_GENERATION,AU-SA-Small,6.92,104,2026-09-15T14:05:59.411060,2026-09-15T15:49:59.411060,42.0,0.29064,0.29064,0.0,0.0,0.40482,0.40482,0.0,0.0,AUD,0.62,0.62,0.0,0.0,True,ToD,single_greedy,0.0,0.0,False,False
GS-JOB-000541,ml-platform,ETL,IN-TG,10.08,101,2026-09-15T14:05:59.441266,2026-09-15T15:46:59.441266,609.0,6.13872,6.13872,0.0,0.0,1.0584,1.0584,0.0,0.0,INR,88.2,88.2,0.0,0.0,True,ToD,single_greedy,0.0,0.0,False,False
GS-JOB-000542,analytics,IMAGE_PROCESSING,IN-GJ,80.475,333,2026-09-15T15:00:00,2026-09-15T20:33:00,682.0,54.88395,54.964425,0.080475,0.15,4.297365,4.297365,0.0,0.0,INR,358.11,358.11,0.0,0.9,True,ToD,single_greedy,0.0,0.0,False,False
GS-JOB-000543,operations,DATA_PROCESSING,IN-WB,4.25,75,2026-09-15T14:05:59.497538,2026-09-15T15:20:59.497538,738.0,3.1365,3.1365,0.0,0.0,0.55845,0.55845,0.0,0.0,INR,46.54,46.54,0.0,0.0,True,ToD,single_greedy,0.0,0.0,False,False
GS-JOB-000545,operations,REPORT_GENERATION,US-CA,2.66,80,2026-09-15T14:05:59.532521,2026-09-15T15:25:59.532521,251.0,0.66766,0.66766,0.0,0.0,0.305421,0.305421,0.0,0.0,USD,0.31,0.31,0.0,0.0,True,ToD,single_greedy,0.0,0.0,False,False
GS-JOB-000546,ml-platform,DATA_PROCESSING,US-NY,2.24,84,2026-09-15T14:05:59.588637,2026-09-15T15:29:59.588637,321.0,0.71904,0.71904,0.0,0.0,0.46592,0.46592,0.0,0.0,USD,0.47,0.47,0.0,0.0,True,Demand,single_greedy,0.0,0.0,False,False
GS-JOB-000547,operations,DATA_PROCESSING,US-TX,3.432,53,2026-09-15T15:00:00,2026-09-15T15:53:00,245.0,0.84084,0.861432,0.020592,2.39,0.210025,0.210025,0.0,0.0,USD,0.21,0.21,0.0,0.9,True,Flat,single_greedy,0.0,0.0,False,False
GS-JOB-000549,operations,ETL,AU-SA-Large,28.801,208,2026-09-15T14:05:59.675109,2026-09-15T17:33:59.675109,42.0,1.209642,1.209642,0.0,0.0,0.0,0.0,0.0,0.0,AUD,0.0,0.0,0.0,0.0,True,Demand,single_greedy,0.0,0.0,False,False
GS-JOB-000550,finance,REPORT_GENERATION,AU-SA-Small,6.845,111,2026-09-15T14:05:59.698476,2026-09-15T15:56:59.698476,42.0,0.28749,0.28749,0.0,0.0,0.400433,0.400433,0.0,0.0,AUD,0.62,0.62,0.0,0.0,True,ToD,single_greedy,0.0,0.0,False,False
GS-JOB-000551,data-engineering,ETL,IN-TG,17.119,194,2026-09-15T14:05:59.723571,2026-09-15T17:19:59.723571,609.0,10.425471,10.425471,0.0,0.0,1.797495,1.797495,0.0,0.0,INR,149.79,149.79,0.0,0.0,True,ToD,single_greedy,0.0,0.0,False,False
GS-JOB-000552,data-engineering,DATA_PROCESSING,IN-GJ,2.457,38,2026-09-15T14:05:59.741073,2026-09-15T14:43:59.741073,683.0,1.678131,1.678131,0.0,0.0,0.131204,0.131204,0.0,0.0,INR,10.93,10.93,0.0,0.0,True,ToD,single_greedy,0.0,0.0,False,False
GS-JOB-000553,data-engineering,ETL,IN-WB,5.85,117,2026-09-15T14:05:59.758975,2026-09-15T16:02:59.758975,738.0,4.3173,4.3173,0.0,0.0,0.76869,0.76869,0.0,0.0,INR,64.06,64.06,0.0,0.0,True,ToD,single_greedy,0.0,0.0,False,False
GS-JOB-000554,operations,DATA_PROCESSING,IN-PB,2.52,63,2026-09-15T14:05:59.795143,2026-09-15T15:08:59.795143,501.0,1.26252,1.26252,0.0,0.0,0.27216,0.27216,0.0,0.0,INR,22.68,22.68,0.0,0.0,True,ToD,single_greedy,0.0,0.0,False,False
GS-JOB-000555,analytics,BACKUP,US-CA,11.072,104,2026-09-15T14:05:59.813655,2026-09-15T15:49:59.813655,251.0,2.779072,2.779072,0.0,0.0,1.271287,1.271287,0.0,0.0,USD,1.27,1.27,0.0,0.0,True,ToD,single_greedy,0.0,0.0,False,False
GS-JOB-000556,finance,REPORT_GENERATION,US-NY,15.96,168,2026-09-15T14:05:59.875060,2026-09-15T16:53:59.875060,321.0,5.12316,5.12316,0.0,0.0,3.31968,3.31968,0.0,0.0,USD,3.32,3.32,0.0,0.0,True,Demand,single_greedy,0.0,0.0,False,False
GS-JOB-000557,finance,DATA_PROCESSING,US-TX,1.296,43,2026-09-15T15:00:00,2026-09-15T15:43:00,245.0,0.31752,0.325296,0.007776,2.39,0.07931,0.07931,0.0,0.0,USD,0.08,0.08,0.0,0.9,True,Flat,single_greedy,0.0,0.0,False,False
GS-JOB-000558,data-engineering,ETL,SE,3.66,73,2026-09-15T14:05:59.928455,2026-09-15T15:18:59.928455,17.0,0.06222,0.06222,0.0,0.0,0.011822,0.011822,0.0,0.0,SEK,0.12,0.12,0.0,0.0,True,Demand,single_greedy,0.0,0.0,False,False
GS-JOB-000559,analytics,BACKUP,AU-SA-Large,6.758,131,2026-09-15T14:05:59.971655,2026-09-15T16:16:59.971655,42.0,0.283836,0.283836,0.0,0.0,0.0,0.0,0.0,0.0,AUD,0.0,0.0,0.0,0.0,True,Demand,single_greedy,0.0,0.0,False,False
GS-JOB-000560,data-engineering,ETL,AU-SA-Small,8.968,71,2026-09-15T14:05:59.994004,2026-09-15T15:16:59.994004,42.0,0.376656,0.376656,0.0,0.0,0.524628,0.524628,0.0,0.0,AUD,0.81,0.81,0.0,0.0,True,ToD,single_greedy,0.0,0.0,False,False
