job_id,job_type,team,priority,region,submit_time,earliest_start_time,deadline,runtime_hours,power_kw,deferrable,container_image,cpu_request,memory_request,carbon_budget_kg
GS-JOB-000001,DATA_PROCESSING,operations,MEDIUM,IN-TG,2026-04-01T01:15:00+00:00,2026-04-01T01:15:00+00:00,2026-04-01T08:41:00+00:00,0.78,3.0,TRUE,greenshift/sample-workload:latest,500m,1Gi,2.17
GS-JOB-000002,ETL,ml-platform,MEDIUM,IN-GJ,2026-04-01T05:45:00+00:00,2026-04-01T05:45:00+00:00,2026-04-01T11:55:00+00:00,1.28,4.7,TRUE,greenshift/sample-workload:latest,500m,1Gi,5.82
GS-JOB-000003,ETL,data-engineering,CRITICAL,IN-WB,2026-04-01T06:30:00+00:00,2026-04-01T06:30:00+00:00,2026-04-01T08:13:48+00:00,1.73,6.7,FALSE,greenshift/sample-workload:latest,1000m,2Gi,14.4
GS-JOB-000004,ETL,data-engineering,HIGH,IN-PB,2026-04-01T06:30:00+00:00,2026-04-01T06:30:00+00:00,2026-04-01T11:13:00+00:00,1.67,3.0,TRUE,greenshift/sample-workload:latest,500m,1Gi,4.13
GS-JOB-000005,ETL,finance,MEDIUM,US-CA,2026-04-01T08:45:00+00:00,2026-04-01T08:45:00+00:00,2026-04-01T12:44:00+00:00,1.37,8.3,TRUE,greenshift/sample-workload:latest,1000m,2Gi,10.03
GS-JOB-000006,REPORT_GENERATION,analytics,LOW,US-NY,2026-04-01T09:45:00+00:00,2026-04-01T09:45:00+00:00,2026-04-01T17:16:00+00:00,0.97,3.0,TRUE,greenshift/sample-workload:latest,500m,1Gi,3.38
GS-JOB-000007,BACKUP,finance,MEDIUM,US-TX,2026-04-01T10:15:00+00:00,2026-04-01T10:15:00+00:00,2026-04-02T21:22:00+00:00,1.37,5.0,TRUE,greenshift/sample-workload:latest,500m,1Gi,5.59
GS-JOB-000008,REPORT_GENERATION,analytics,HIGH,SE,2026-04-01T10:30:00+00:00,2026-04-01T10:30:00+00:00,2026-04-01T15:37:00+00:00,2.92,3.0,TRUE,greenshift/sample-workload:latest,500m,1Gi,8.14
GS-JOB-000009,ETL,data-engineering,LOW,AU-SA-Large,2026-04-01T15:30:00+00:00,2026-04-01T15:30:00+00:00,2026-04-02T14:54:00+00:00,2.22,5.3,TRUE,greenshift/sample-workload:latest,500m,1Gi,14.32
GS-JOB-000010,ETL,data-engineering,HIGH,AU-SA-Small,2026-04-01T15:30:00+00:00,2026-04-01T15:30:00+00:00,2026-04-01T21:07:00+00:00,1.88,8.2,TRUE,greenshift/sample-workload:latest,1000m,2Gi,20.02
GS-JOB-000011,REPORT_GENERATION,operations,HIGH,IN-TG,2026-04-01T16:00:00+00:00,2026-04-01T16:00:00+00:00,2026-04-01T19:46:00+00:00,1.7,2.7,TRUE,greenshift/sample-workload:latest,250m,256Mi,5.86
GS-JOB-000012,ETL,data-engineering,MEDIUM,IN-GJ,2026-04-01T17:00:00+00:00,2026-04-01T17:00:00+00:00,2026-04-02T05:26:00+00:00,2.6,3.7,TRUE,greenshift/sample-workload:latest,500m,1Gi,12.9
GS-JOB-000013,ETL,ml-platform,HIGH,IN-WB,2026-04-01T17:30:00+00:00,2026-04-01T17:30:00+00:00,2026-04-02T07:50:00+00:00,2.33,6.8,TRUE,greenshift/sample-workload:latest,1000m,2Gi,15.51
GS-JOB-000014,IMAGE_PROCESSING,analytics,HIGH,IN-PB,2026-04-01T17:30:00+00:00,2026-04-01T17:30:00+00:00,2026-04-02T03:33:00+00:00,4.1,16.9,TRUE,greenshift/sample-workload:latest,2000m,4Gi,82.46
GS-JOB-000015,ETL,data-engineering,MEDIUM,US-CA,2026-04-01T17:45:00+00:00,2026-04-01T17:45:00+00:00,2026-04-03T09:57:00+00:00,1.75,6.4,TRUE,greenshift/sample-workload:latest,1000m,2Gi,12.28
GS-JOB-000016,ANALYTICS,ml-platform,LOW,US-NY,2026-04-01T18:00:00+00:00,2026-04-01T18:00:00+00:00,2026-04-01T18:24:00+00:00,0.4,4.0,FALSE,greenshift/sample-workload:latest,500m,1Gi,2.41
GS-JOB-000017,DATA_PROCESSING,finance,MEDIUM,US-TX,2026-04-01T18:30:00+00:00,2026-04-01T18:30:00+00:00,2026-04-02T23:13:00+00:00,0.97,2.8,TRUE,greenshift/sample-workload:latest,250m,512Mi,2.74
GS-JOB-000018,DATA_PROCESSING,operations,LOW,SE,2026-04-01T18:30:00+00:00,2026-04-01T18:30:00+00:00,2026-04-02T01:28:00+00:00,0.73,2.3,TRUE,greenshift/sample-workload:latest,250m,512Mi,1.95
GS-JOB-000019,BACKUP,operations,MEDIUM,AU-SA-Large,2026-04-01T18:45:00+00:00,2026-04-01T18:45:00+00:00,2026-04-03T12:51:00+00:00,2.1,4.4,TRUE,greenshift/sample-workload:latest,500m,1Gi,10.23
GS-JOB-000020,REPORT_GENERATION,operations,LOW,AU-SA-Small,2026-04-01T19:15:00+00:00,2026-04-01T19:15:00+00:00,2026-04-02T00:37:00+00:00,1.93,3.7,TRUE,greenshift/sample-workload:latest,500m,1Gi,8.52
GS-JOB-000021,ETL,data-engineering,MEDIUM,IN-TG,2026-04-01T20:30:00+00:00,2026-04-01T20:30:00+00:00,2026-04-02T00:27:00+00:00,3.95,2.3,FALSE,greenshift/sample-workload:latest,250m,512Mi,11.82
GS-JOB-000022,ETL,data-engineering,MEDIUM,IN-GJ,2026-04-01T22:30:00+00:00,2026-04-01T22:30:00+00:00,2026-04-02T02:01:12+00:00,3.52,2.5,FALSE,greenshift/sample-workload:latest,250m,512Mi,13.21
GS-JOB-000023,ETL,ml-platform,MEDIUM,IN-WB,2026-04-01T23:30:00+00:00,2026-04-01T23:30:00+00:00,2026-04-03T16:22:00+00:00,0.87,8.2,TRUE,greenshift/sample-workload:latest,1000m,2Gi,9.27
GS-JOB-000024,ETL,data-engineering,MEDIUM,IN-PB,2026-04-02T00:45:00+00:00,2026-04-02T00:45:00+00:00,2026-04-02T05:31:00+00:00,3.6,8.7,TRUE,greenshift/sample-workload:latest,1000m,2Gi,28.48
GS-JOB-000025,DATA_PROCESSING,operations,MEDIUM,US-CA,2026-04-02T01:45:00+00:00,2026-04-02T01:45:00+00:00,2026-04-03T18:46:00+00:00,1.02,2.7,TRUE,greenshift/sample-workload:latest,250m,512Mi,2.7
GS-JOB-000026,ETL,operations,MEDIUM,US-NY,2026-04-02T05:30:00+00:00,2026-04-02T05:30:00+00:00,2026-04-02T10:10:00+00:00,2.37,3.3,TRUE,greenshift/sample-workload:latest,500m,1Gi,8.89
GS-JOB-000027,ETL,analytics,MEDIUM,US-TX,2026-04-02T07:45:00+00:00,2026-04-02T07:45:00+00:00,2026-04-02T09:45:00+00:00,1.07,6.3,TRUE,greenshift/sample-workload:latest,1000m,2Gi,7.36
GS-JOB-000028,DATA_PROCESSING,operations,MEDIUM,SE,2026-04-02T08:15:00+00:00,2026-04-02T08:15:00+00:00,2026-04-02T12:00:00+00:00,0.62,2.9,TRUE,greenshift/sample-workload:latest,250m,512Mi,1.89
GS-JOB-000029,ETL,data-engineering,MEDIUM,AU-SA-Large,2026-04-02T09:15:00+00:00,2026-04-02T09:15:00+00:00,2026-04-03T08:38:00+00:00,2.22,3.1,TRUE,greenshift/sample-workload:latest,500m,1Gi,6.62
GS-JOB-000030,ANALYTICS,ml-platform,MEDIUM,AU-SA-Small,2026-04-02T09:45:00+00:00,2026-04-02T09:45:00+00:00,2026-04-02T10:31:12+00:00,0.77,3.1,FALSE,greenshift/sample-workload:latest,500m,1Gi,3.63
GS-JOB-000031,BACKUP,operations,HIGH,IN-TG,2026-04-02T10:00:00+00:00,2026-04-02T10:00:00+00:00,2026-04-02T10:55:48+00:00,0.93,3.8,FALSE,greenshift/sample-workload:latest,500m,1Gi,5.48
GS-JOB-000032,ANALYTICS,ml-platform,HIGH,IN-GJ,2026-04-02T10:45:00+00:00,2026-04-02T10:45:00+00:00,2026-04-02T11:37:48+00:00,0.88,3.1,FALSE,greenshift/sample-workload:latest,500m,1Gi,3.84
GS-JOB-000033,ETL,data-engineering,HIGH,IN-WB,2026-04-02T11:00:00+00:00,2026-04-02T11:00:00+00:00,2026-04-02T16:58:00+00:00,1.9,2.5,TRUE,greenshift/sample-workload:latest,250m,512Mi,5.19
GS-JOB-000034,DATA_PROCESSING,finance,MEDIUM,IN-PB,2026-04-02T11:30:00+00:00,2026-04-02T11:30:00+00:00,2026-04-02T17:29:00+00:00,0.62,3.8,TRUE,greenshift/sample-workload:latest,500m,1Gi,2.95
GS-JOB-000035,ETL,finance,MEDIUM,US-CA,2026-04-02T11:45:00+00:00,2026-04-02T11:45:00+00:00,2026-04-03T07:17:00+00:00,3.77,4.9,TRUE,greenshift/sample-workload:latest,500m,1Gi,22.53
GS-JOB-000036,BACKUP,operations,HIGH,US-NY,2026-04-02T12:00:00+00:00,2026-04-02T12:00:00+00:00,2026-04-02T14:33:00+00:00,2.55,2.8,FALSE,greenshift/sample-workload:latest,250m,512Mi,11.03
GS-JOB-000037,DATA_PROCESSING,finance,LOW,US-TX,2026-04-02T12:15:00+00:00,2026-04-02T12:15:00+00:00,2026-04-02T14:46:00+00:00,0.43,3.4,TRUE,greenshift/sample-workload:latest,500m,1Gi,1.78
GS-JOB-000038,ML_TRAINING,ml-platform,CRITICAL,SE,2026-04-02T13:00:00+00:00,2026-04-02T13:00:00+00:00,2026-04-02T20:25:12+00:00,7.42,18.0,FALSE,greenshift/sample-workload:latest,2000m,4Gi,193.88
GS-JOB-000039,DATA_PROCESSING,operations,MEDIUM,AU-SA-Large,2026-04-02T13:45:00+00:00,2026-04-02T13:45:00+00:00,2026-04-02T20:23:00+00:00,0.68,1.9,TRUE,greenshift/sample-workload:latest,250m,512Mi,1.37
GS-JOB-000040,ML_TRAINING,ml-platform,MEDIUM,AU-SA-Small,2026-04-02T14:15:00+00:00,2026-04-02T14:15:00+00:00,2026-04-03T16:18:00+00:00,4.7,24.4,TRUE,greenshift/sample-workload:latest,2000m,4Gi,127.8
GS-JOB-000041,ETL,data-engineering,MEDIUM,IN-TG,2026-04-02T14:45:00+00:00,2026-04-02T14:45:00+00:00,2026-04-02T17:19:48+00:00,2.58,4.3,FALSE,greenshift/sample-workload:latest,500m,1Gi,15.35
GS-JOB-000042,REPORT_GENERATION,operations,HIGH,IN-GJ,2026-04-02T15:00:00+00:00,2026-04-02T15:00:00+00:00,2026-04-02T19:52:00+00:00,0.6,2.8,TRUE,greenshift/sample-workload:latest,250m,256Mi,1.51
GS-JOB-000043,REPORT_GENERATION,finance,HIGH,IN-WB,2026-04-02T15:15:00+00:00,2026-04-02T15:15:00+00:00,2026-04-02T15:52:12+00:00,0.62,4.7,FALSE,greenshift/sample-workload:latest,500m,1Gi,3.57
GS-JOB-000044,DATA_PROCESSING,analytics,MEDIUM,IN-PB,2026-04-02T18:00:00+00:00,2026-04-02T18:00:00+00:00,2026-04-03T07:30:00+00:00,1.28,3.4,TRUE,greenshift/sample-workload:latest,500m,1Gi,4.95
GS-JOB-000045,ETL,finance,MEDIUM,US-CA,2026-04-02T20:45:00+00:00,2026-04-02T20:45:00+00:00,2026-04-03T03:02:00+00:00,2.5,5.6,TRUE,greenshift/sample-workload:latest,500m,1Gi,17.04
GS-JOB-000046,REPORT_GENERATION,finance,HIGH,US-NY,2026-04-02T21:00:00+00:00,2026-04-02T21:00:00+00:00,2026-04-03T02:15:00+00:00,2.12,2.9,TRUE,greenshift/sample-workload:latest,250m,256Mi,5.92
GS-JOB-000047,ANALYTICS,operations,LOW,US-TX,2026-04-02T21:15:00+00:00,2026-04-02T21:15:00+00:00,2026-04-02T21:58:12+00:00,0.72,4.3,FALSE,greenshift/sample-workload:latest,500m,1Gi,4.29
GS-JOB-000048,DATA_PROCESSING,operations,LOW,SE,2026-04-02T21:30:00+00:00,2026-04-02T21:30:00+00:00,2026-04-03T10:06:00+00:00,0.95,2.1,TRUE,greenshift/sample-workload:latest,250m,512Mi,1.78
GS-JOB-000049,IMAGE_PROCESSING,analytics,MEDIUM,AU-SA-Large,2026-04-02T23:45:00+00:00,2026-04-02T23:45:00+00:00,2026-04-04T04:43:00+00:00,4.22,6.8,TRUE,greenshift/sample-workload:latest,1000m,2Gi,30.91
GS-JOB-000050,ETL,data-engineering,MEDIUM,AU-SA-Small,2026-04-03T01:00:00+00:00,2026-04-03T01:00:00+00:00,2026-04-03T10:15:00+00:00,1.9,9.5,TRUE,greenshift/sample-workload:latest,1000m,2Gi,16.82
GS-JOB-000051,BACKUP,operations,HIGH,IN-TG,2026-04-03T03:15:00+00:00,2026-04-03T03:15:00+00:00,2026-04-03T07:34:00+00:00,0.95,3.2,TRUE,greenshift/sample-workload:latest,500m,1Gi,3.65
GS-JOB-000052,ANALYTICS,ml-platform,MEDIUM,IN-GJ,2026-04-03T05:00:00+00:00,2026-04-03T05:00:00+00:00,2026-04-03T06:03:00+00:00,1.05,3.7,FALSE,greenshift/sample-workload:latest,500m,1Gi,4.92
GS-JOB-000053,ETL,data-engineering,LOW,IN-WB,2026-04-03T06:00:00+00:00,2026-04-03T06:00:00+00:00,2026-04-03T08:42:00+00:00,0.77,6.7,TRUE,greenshift/sample-workload:latest,1000m,2Gi,6.11
GS-JOB-000054,BACKUP,operations,HIGH,IN-PB,2026-04-03T07:45:00+00:00,2026-04-03T07:45:00+00:00,2026-04-03T15:18:00+00:00,1.08,6.9,TRUE,greenshift/sample-workload:latest,1000m,2Gi,8.5
GS-JOB-000055,REPORT_GENERATION,finance,HIGH,US-CA,2026-04-03T09:30:00+00:00,2026-04-03T09:30:00+00:00,2026-04-03T11:49:12+00:00,2.32,1.9,FALSE,greenshift/sample-workload:latest,250m,256Mi,6.54
GS-JOB-000056,ETL,finance,MEDIUM,US-NY,2026-04-03T11:15:00+00:00,2026-04-03T11:15:00+00:00,2026-04-04T02:44:00+00:00,3.8,8.0,TRUE,greenshift/sample-workload:latest,1000m,2Gi,32.72
GS-JOB-000057,BACKUP,operations,MEDIUM,US-TX,2026-04-03T17:45:00+00:00,2026-04-03T17:45:00+00:00,2026-04-04T05:26:00+00:00,1.05,4.3,TRUE,greenshift/sample-workload:latest,500m,1Gi,6.04
GS-JOB-000058,ETL,data-engineering,MEDIUM,SE,2026-04-03T18:15:00+00:00,2026-04-03T18:15:00+00:00,2026-04-04T12:24:00+00:00,1.43,9.7,TRUE,greenshift/sample-workload:latest,1000m,2Gi,13.42
GS-JOB-000059,DATA_PROCESSING,operations,MEDIUM,AU-SA-Large,2026-04-03T18:15:00+00:00,2026-04-03T18:15:00+00:00,2026-04-03T22:33:00+00:00,1.17,1.7,TRUE,greenshift/sample-workload:latest,250m,512Mi,2.67
GS-JOB-000060,ETL,finance,LOW,AU-SA-Small,2026-04-03T19:15:00+00:00,2026-04-03T19:15:00+00:00,2026-04-04T22:48:00+00:00,1.82,5.9,TRUE,greenshift/sample-workload:latest,500m,1Gi,10.42
GS-JOB-000061,ETL,data-engineering,MEDIUM,IN-TG,2026-04-03T21:30:00+00:00,2026-04-03T21:30:00+00:00,2026-04-04T07:29:00+00:00,3.1,8.6,TRUE,greenshift/sample-workload:latest,1000m,2Gi,30.17
GS-JOB-000062,REPORT_GENERATION,finance,MEDIUM,IN-GJ,2026-04-03T22:15:00+00:00,2026-04-03T22:15:00+00:00,2026-04-04T23:02:00+00:00,1.67,2.6,TRUE,greenshift/sample-workload:latest,250m,256Mi,5.73
GS-JOB-000063,ETL,analytics,MEDIUM,IN-WB,2026-04-04T03:30:00+00:00,2026-04-04T03:30:00+00:00,2026-04-05T20:02:00+00:00,0.53,2.3,TRUE,greenshift/sample-workload:latest,250m,512Mi,1.36
GS-JOB-000064,ETL,data-engineering,MEDIUM,IN-PB,2026-04-04T04:00:00+00:00,2026-04-04T04:00:00+00:00,2026-04-04T07:39:00+00:00,3.65,5.7,FALSE,greenshift/sample-workload:latest,500m,1Gi,27.82
GS-JOB-000065,REPORT_GENERATION,finance,LOW,US-CA,2026-04-04T06:00:00+00:00,2026-04-04T06:00:00+00:00,2026-04-04T14:17:00+00:00,0.87,3.6,TRUE,greenshift/sample-workload:latest,500m,1Gi,3.45
GS-JOB-000066,REPORT_GENERATION,ml-platform,LOW,US-NY,2026-04-04T06:15:00+00:00,2026-04-04T06:15:00+00:00,2026-04-05T13:51:00+00:00,2.77,3.5,TRUE,greenshift/sample-workload:latest,500m,1Gi,9.47
GS-JOB-000067,BACKUP,finance,MEDIUM,US-TX,2026-04-04T06:45:00+00:00,2026-04-04T06:45:00+00:00,2026-04-05T01:34:00+00:00,1.97,2.2,TRUE,greenshift/sample-workload:latest,250m,512Mi,4.02
GS-JOB-000068,REPORT_GENERATION,finance,MEDIUM,SE,2026-04-04T07:15:00+00:00,2026-04-04T07:15:00+00:00,2026-04-04T07:49:48+00:00,0.58,4.7,FALSE,greenshift/sample-workload:latest,500m,1Gi,4.05
GS-JOB-000069,IMAGE_PROCESSING,analytics,MEDIUM,AU-SA-Large,2026-04-04T08:15:00+00:00,2026-04-04T08:15:00+00:00,2026-04-05T04:40:00+00:00,3.63,6.2,TRUE,greenshift/sample-workload:latest,1000m,2Gi,28.02
GS-JOB-000070,ETL,data-engineering,MEDIUM,AU-SA-Small,2026-04-04T08:45:00+00:00,2026-04-04T08:45:00+00:00,2026-04-05T06:42:00+00:00,1.4,8.4,TRUE,greenshift/sample-workload:latest,1000m,2Gi,13.81
GS-JOB-000071,BACKUP,operations,HIGH,IN-TG,2026-04-04T09:30:00+00:00,2026-04-04T09:30:00+00:00,2026-04-04T13:47:00+00:00,2.97,3.9,TRUE,greenshift/sample-workload:latest,500m,1Gi,13.88
GS-JOB-000072,ETL,operations,HIGH,IN-GJ,2026-04-04T10:00:00+00:00,2026-04-04T10:00:00+00:00,2026-04-04T16:30:00+00:00,1.78,4.1,TRUE,greenshift/sample-workload:latest,500m,1Gi,7.98
GS-JOB-000073,ANALYTICS,finance,LOW,IN-WB,2026-04-04T10:45:00+00:00,2026-04-04T10:45:00+00:00,2026-04-04T11:43:12+00:00,0.97,4.6,FALSE,greenshift/sample-workload:latest,500m,1Gi,5.56
GS-JOB-000074,DATA_PROCESSING,finance,MEDIUM,IN-PB,2026-04-04T11:30:00+00:00,2026-04-04T11:30:00+00:00,2026-04-06T04:54:00+00:00,1.4,3.0,TRUE,greenshift/sample-workload:latest,500m,1Gi,4.62
GS-JOB-000075,DATA_PROCESSING,analytics,MEDIUM,US-CA,2026-04-04T14:00:00+00:00,2026-04-04T14:00:00+00:00,2026-04-04T15:41:00+00:00,0.57,3.5,TRUE,greenshift/sample-workload:latest,500m,1Gi,2.45
GS-JOB-000076,DATA_PROCESSING,analytics,LOW,US-NY,2026-04-04T15:00:00+00:00,2026-04-04T15:00:00+00:00,2026-04-05T11:24:00+00:00,1.03,2.2,TRUE,greenshift/sample-workload:latest,250m,512Mi,2.79
GS-JOB-000077,ML_TRAINING,ml-platform,HIGH,US-TX,2026-04-04T15:30:00+00:00,2026-04-04T15:30:00+00:00,2026-04-05T04:44:00+00:00,7.55,37.1,TRUE,greenshift/sample-workload:latest,2000m,4Gi,374.65
GS-JOB-000078,BACKUP,operations,MEDIUM,SE,2026-04-04T17:30:00+00:00,2026-04-04T17:30:00+00:00,2026-04-05T02:28:00+00:00,1.32,6.3,TRUE,greenshift/sample-workload:latest,1000m,2Gi,10.69
GS-JOB-000079,DATA_PROCESSING,operations,MEDIUM,AU-SA-Large,2026-04-04T17:45:00+00:00,2026-04-04T17:45:00+00:00,2026-04-05T23:09:00+00:00,0.85,2.2,TRUE,greenshift/sample-workload:latest,250m,512Mi,2.24
GS-JOB-000080,IMAGE_PROCESSING,analytics,CRITICAL,AU-SA-Small,2026-04-04T20:30:00+00:00,2026-04-04T20:30:00+00:00,2026-04-04T21:46:12+00:00,1.27,9.9,FALSE,greenshift/sample-workload:latest,1000m,2Gi,17.86
GS-JOB-000081,ETL,analytics,MEDIUM,IN-TG,2026-04-04T22:00:00+00:00,2026-04-04T22:00:00+00:00,2026-04-05T01:34:12+00:00,3.57,5.4,FALSE,greenshift/sample-workload:latest,500m,1Gi,31.27
GS-JOB-000082,ETL,data-engineering,CRITICAL,IN-GJ,2026-04-05T05:30:00+00:00,2026-04-05T05:30:00+00:00,2026-04-05T09:12:00+00:00,3.7,5.7,FALSE,greenshift/sample-workload:latest,500m,1Gi,30.73
GS-JOB-000083,ETL,data-engineering,HIGH,IN-WB,2026-04-05T07:30:00+00:00,2026-04-05T07:30:00+00:00,2026-04-05T11:17:00+00:00,1.88,8.2,TRUE,greenshift/sample-workload:latest,1000m,2Gi,17.43
GS-JOB-000084,REPORT_GENERATION,ml-platform,MEDIUM,IN-PB,2026-04-05T08:45:00+00:00,2026-04-05T08:45:00+00:00,2026-04-05T11:57:00+00:00,2.42,2.1,TRUE,greenshift/sample-workload:latest,250m,256Mi,6.13
GS-JOB-000085,DATA_PROCESSING,data-engineering,LOW,US-CA,2026-04-05T09:00:00+00:00,2026-04-05T09:00:00+00:00,2026-04-06T05:14:00+00:00,0.6,3.0,TRUE,greenshift/sample-workload:latest,500m,1Gi,1.9
GS-JOB-000086,BACKUP,analytics,MEDIUM,US-NY,2026-04-05T09:00:00+00:00,2026-04-05T09:00:00+00:00,2026-04-06T05:57:00+00:00,0.77,5.6,TRUE,greenshift/sample-workload:latest,500m,1Gi,4.3
GS-JOB-000087,ETL,data-engineering,HIGH,US-TX,2026-04-05T09:15:00+00:00,2026-04-05T09:15:00+00:00,2026-04-05T13:53:00+00:00,2.68,8.1,TRUE,greenshift/sample-workload:latest,1000m,2Gi,26.4
GS-JOB-000088,ETL,data-engineering,MEDIUM,SE,2026-04-05T09:45:00+00:00,2026-04-05T09:45:00+00:00,2026-04-05T20:03:00+00:00,2.72,8.1,TRUE,greenshift/sample-workload:latest,1000m,2Gi,27.57
GS-JOB-000089,REPORT_GENERATION,finance,MEDIUM,AU-SA-Large,2026-04-05T11:30:00+00:00,2026-04-05T11:30:00+00:00,2026-04-05T12:46:12+00:00,1.27,5.6,FALSE,greenshift/sample-workload:latest,500m,1Gi,9.43
GS-JOB-000090,IMAGE_PROCESSING,analytics,CRITICAL,AU-SA-Small,2026-04-05T13:15:00+00:00,2026-04-05T13:15:00+00:00,2026-04-05T19:06:00+00:00,5.85,14.0,FALSE,greenshift/sample-workload:latest,2000m,4Gi,122.58
GS-JOB-000091,ML_TRAINING,ml-platform,LOW,IN-TG,2026-04-05T13:30:00+00:00,2026-04-05T13:30:00+00:00,2026-04-06T04:11:00+00:00,8.4,30.0,TRUE,greenshift/sample-workload:latest,2000m,4Gi,246.4
GS-JOB-000092,BACKUP,operations,LOW,IN-GJ,2026-04-05T14:30:00+00:00,2026-04-05T14:30:00+00:00,2026-04-06T10:54:00+00:00,1.02,5.2,TRUE,greenshift/sample-workload:latest,500m,1Gi,7.02
GS-JOB-000093,BACKUP,finance,MEDIUM,IN-WB,2026-04-05T16:00:00+00:00,2026-04-05T16:00:00+00:00,2026-04-07T05:46:00+00:00,1.92,3.8,TRUE,greenshift/sample-workload:latest,500m,1Gi,7.75
GS-JOB-000094,IMAGE_PROCESSING,analytics,HIGH,IN-PB,2026-04-05T17:45:00+00:00,2026-04-05T17:45:00+00:00,2026-04-05T23:36:00+00:00,1.57,15.5,TRUE,greenshift/sample-workload:latest,2000m,4Gi,28.27
GS-JOB-000095,ETL,analytics,HIGH,US-CA,2026-04-05T18:00:00+00:00,2026-04-05T18:00:00+00:00,2026-04-06T01:15:00+00:00,2.93,8.6,TRUE,greenshift/sample-workload:latest,1000m,2Gi,24.79
GS-JOB-000096,ML_TRAINING,operations,MEDIUM,US-NY,2026-04-05T18:45:00+00:00,2026-04-05T18:45:00+00:00,2026-04-07T17:54:00+00:00,7.15,31.5,TRUE,greenshift/sample-workload:latest,2000m,4Gi,300.88
GS-JOB-000097,ETL,ml-platform,MEDIUM,US-TX,2026-04-05T21:00:00+00:00,2026-04-05T21:00:00+00:00,2026-04-06T15:20:00+00:00,1.65,9.5,TRUE,greenshift/sample-workload:latest,1000m,2Gi,18.89
GS-JOB-000098,DATA_PROCESSING,operations,MEDIUM,SE,2026-04-06T04:45:00+00:00,2026-04-06T04:45:00+00:00,2026-04-06T05:09:00+00:00,0.4,3.5,FALSE,greenshift/sample-workload:latest,500m,1Gi,1.84
GS-JOB-000099,ETL,data-engineering,MEDIUM,AU-SA-Large,2026-04-06T07:00:00+00:00,2026-04-06T07:00:00+00:00,2026-04-06T12:50:00+00:00,2.13,5.0,TRUE,greenshift/sample-workload:latest,500m,1Gi,8.35
GS-JOB-000100,DATA_PROCESSING,operations,LOW,AU-SA-Small,2026-04-06T08:00:00+00:00,2026-04-06T08:00:00+00:00,2026-04-08T05:13:00+00:00,1.22,1.9,TRUE,greenshift/sample-workload:latest,250m,512Mi,2.74
GS-JOB-000101,DATA_PROCESSING,operations,LOW,IN-TG,2026-04-06T08:30:00+00:00,2026-04-06T08:30:00+00:00,2026-04-07T03:06:00+00:00,1.05,2.9,TRUE,greenshift/sample-workload:latest,250m,512Mi,2.53
GS-JOB-000102,ANALYTICS,ml-platform,HIGH,IN-GJ,2026-04-06T08:45:00+00:00,2026-04-06T08:45:00+00:00,2026-04-06T09:43:12+00:00,0.97,4.7,FALSE,greenshift/sample-workload:latest,500m,1Gi,7.01
GS-JOB-000103,ETL,data-engineering,MEDIUM,IN-WB,2026-04-06T09:30:00+00:00,2026-04-06T09:30:00+00:00,2026-04-07T10:34:00+00:00,1.55,5.0,TRUE,greenshift/sample-workload:latest,500m,1Gi,7.72
GS-JOB-000104,DATA_PROCESSING,finance,MEDIUM,IN-PB,2026-04-06T09:45:00+00:00,2026-04-06T09:45:00+00:00,2026-04-06T10:10:48+00:00,0.43,1.7,FALSE,greenshift/sample-workload:latest,250m,512Mi,1.05
GS-JOB-000105,ML_TRAINING,ml-platform,LOW,US-CA,2026-04-06T10:00:00+00:00,2026-04-06T10:00:00+00:00,2026-04-06T21:07:00+00:00,5.42,37.8,TRUE,greenshift/sample-workload:latest,2000m,4Gi,262.57
GS-JOB-000106,DATA_PROCESSING,operations,MEDIUM,US-NY,2026-04-06T10:30:00+00:00,2026-04-06T10:30:00+00:00,2026-04-07T16:36:00+00:00,0.98,2.8,TRUE,greenshift/sample-workload:latest,250m,512Mi,3.18
GS-JOB-000107,REPORT_GENERATION,operations,MEDIUM,US-TX,2026-04-06T11:15:00+00:00,2026-04-06T11:15:00+00:00,2026-04-07T11:41:00+00:00,2.65,3.3,TRUE,greenshift/sample-workload:latest,500m,1Gi,11.14
GS-JOB-000108,BACKUP,finance,LOW,SE,2026-04-06T11:45:00+00:00,2026-04-06T11:45:00+00:00,2026-04-07T16:09:00+00:00,2.67,6.7,TRUE,greenshift/sample-workload:latest,1000m,2Gi,23.81
GS-JOB-000109,ETL,data-engineering,LOW,AU-SA-Large,2026-04-06T13:15:00+00:00,2026-04-06T13:15:00+00:00,2026-04-07T01:11:00+00:00,2.3,9.5,TRUE,greenshift/sample-workload:latest,1000m,2Gi,23.75
GS-JOB-000110,REPORT_GENERATION,finance,LOW,AU-SA-Small,2026-04-06T13:30:00+00:00,2026-04-06T13:30:00+00:00,2026-04-07T20:20:00+00:00,1.42,4.4,TRUE,greenshift/sample-workload:latest,500m,1Gi,5.53
GS-JOB-000111,ML_TRAINING,operations,MEDIUM,IN-TG,2026-04-06T13:30:00+00:00,2026-04-06T13:30:00+00:00,2026-04-06T17:46:12+00:00,4.27,36.9,FALSE,greenshift/sample-workload:latest,2000m,4Gi,201.78
GS-JOB-000112,BACKUP,operations,MEDIUM,IN-GJ,2026-04-06T14:45:00+00:00,2026-04-06T14:45:00+00:00,2026-04-06T21:31:00+00:00,2.87,3.4,TRUE,greenshift/sample-workload:latest,500m,1Gi,12.81
GS-JOB-000113,ANALYTICS,ml-platform,MEDIUM,IN-WB,2026-04-06T17:15:00+00:00,2026-04-06T17:15:00+00:00,2026-04-06T17:37:48+00:00,0.38,4.8,FALSE,greenshift/sample-workload:latest,500m,1Gi,2.34
GS-JOB-000114,ETL,analytics,MEDIUM,IN-PB,2026-04-06T17:30:00+00:00,2026-04-06T17:30:00+00:00,2026-04-07T03:00:00+00:00,0.63,6.4,TRUE,greenshift/sample-workload:latest,1000m,2Gi,5.17
GS-JOB-000115,ML_TRAINING,analytics,MEDIUM,US-CA,2026-04-06T20:15:00+00:00,2026-04-06T20:15:00+00:00,2026-04-08T02:02:00+00:00,4.7,18.2,TRUE,greenshift/sample-workload:latest,2000m,4Gi,68.97
GS-JOB-000116,ANALYTICS,ml-platform,HIGH,US-NY,2026-04-06T23:45:00+00:00,2026-04-06T23:45:00+00:00,2026-04-07T00:40:48+00:00,0.93,2.6,FALSE,greenshift/sample-workload:latest,250m,512Mi,3.06
GS-JOB-000117,REPORT_GENERATION,finance,MEDIUM,US-TX,2026-04-07T00:30:00+00:00,2026-04-07T00:30:00+00:00,2026-04-07T20:29:00+00:00,2.85,5.5,TRUE,greenshift/sample-workload:latest,500m,1Gi,17.54
GS-JOB-000118,DATA_PROCESSING,analytics,LOW,SE,2026-04-07T05:15:00+00:00,2026-04-07T05:15:00+00:00,2026-04-07T05:40:48+00:00,0.43,2.1,FALSE,greenshift/sample-workload:latest,250m,512Mi,1.13
GS-JOB-000119,DATA_PROCESSING,operations,LOW,AU-SA-Large,2026-04-07T05:45:00+00:00,2026-04-07T05:45:00+00:00,2026-04-08T19:08:00+00:00,0.73,2.5,TRUE,greenshift/sample-workload:latest,250m,512Mi,1.98
GS-JOB-000120,REPORT_GENERATION,operations,MEDIUM,AU-SA-Small,2026-04-07T07:30:00+00:00,2026-04-07T07:30:00+00:00,2026-04-07T10:53:00+00:00,1.67,4.2,TRUE,greenshift/sample-workload:latest,500m,1Gi,8.82
GS-JOB-000121,ML_TRAINING,ml-platform,LOW,IN-TG,2026-04-07T09:15:00+00:00,2026-04-07T09:15:00+00:00,2026-04-09T11:55:00+00:00,6.67,16.0,TRUE,greenshift/sample-workload:latest,2000m,4Gi,118.45
GS-JOB-000122,DATA_PROCESSING,operations,LOW,IN-GJ,2026-04-07T09:45:00+00:00,2026-04-07T09:45:00+00:00,2026-04-07T10:54:00+00:00,0.42,3.1,TRUE,greenshift/sample-workload:latest,500m,1Gi,1.26
GS-JOB-000123,ETL,data-engineering,MEDIUM,IN-WB,2026-04-07T10:00:00+00:00,2026-04-07T10:00:00+00:00,2026-04-07T11:49:12+00:00,1.82,4.5,FALSE,greenshift/sample-workload:latest,500m,1Gi,12.55
GS-JOB-000124,REPORT_GENERATION,finance,LOW,IN-PB,2026-04-07T10:00:00+00:00,2026-04-07T10:00:00+00:00,2026-04-07T16:30:00+00:00,0.58,4.4,TRUE,greenshift/sample-workload:latest,500m,1Gi,2.77
GS-JOB-000125,IMAGE_PROCESSING,analytics,LOW,US-CA,2026-04-07T11:15:00+00:00,2026-04-07T11:15:00+00:00,2026-04-09T03:51:00+00:00,2.97,12.1,TRUE,greenshift/sample-workload:latest,2000m,4Gi,28.73
GS-JOB-000126,DATA_PROCESSING,operations,LOW,US-NY,2026-04-07T13:30:00+00:00,2026-04-07T13:30:00+00:00,2026-04-08T07:03:00+00:00,0.62,3.1,TRUE,greenshift/sample-workload:latest,500m,1Gi,2.3
GS-JOB-000127,REPORT_GENERATION,finance,HIGH,US-TX,2026-04-07T15:30:00+00:00,2026-04-07T15:30:00+00:00,2026-04-07T17:52:48+00:00,2.38,3.8,FALSE,greenshift/sample-workload:latest,500m,1Gi,13.54
GS-JOB-000128,DATA_PROCESSING,operations,MEDIUM,SE,2026-04-07T16:15:00+00:00,2026-04-07T16:15:00+00:00,2026-04-08T03:04:00+00:00,1.25,3.5,TRUE,greenshift/sample-workload:latest,500m,1Gi,3.47
GS-JOB-000129,IMAGE_PROCESSING,analytics,CRITICAL,AU-SA-Large,2026-04-07T16:15:00+00:00,2026-04-07T16:15:00+00:00,2026-04-07T19:07:12+00:00,2.87,18.7,FALSE,greenshift/sample-workload:latest,2000m,4Gi,86.74
GS-JOB-000130,IMAGE_PROCESSING,analytics,MEDIUM,AU-SA-Small,2026-04-07T17:00:00+00:00,2026-04-07T17:00:00+00:00,2026-04-08T06:19:00+00:00,3.87,7.7,TRUE,greenshift/sample-workload:latest,1000m,2Gi,36.25
GS-JOB-000131,REPORT_GENERATION,finance,MEDIUM,IN-TG,2026-04-07T17:45:00+00:00,2026-04-07T17:45:00+00:00,2026-04-07T19:20:00+00:00,1.08,4.0,TRUE,greenshift/sample-workload:latest,500m,1Gi,4.67
GS-JOB-000132,ETL,ml-platform,MEDIUM,IN-GJ,2026-04-07T18:15:00+00:00,2026-04-07T18:15:00+00:00,2026-04-08T02:17:00+00:00,2.53,2.4,TRUE,greenshift/sample-workload:latest,250m,512Mi,7.14
GS-JOB-000133,ETL,data-engineering,MEDIUM,IN-WB,2026-04-07T18:30:00+00:00,2026-04-07T18:30:00+00:00,2026-04-09T08:45:00+00:00,2.73,6.7,TRUE,greenshift/sample-workload:latest,1000m,2Gi,14.86
GS-JOB-000134,BACKUP,operations,MEDIUM,IN-PB,2026-04-07T18:30:00+00:00,2026-04-07T18:30:00+00:00,2026-04-08T01:38:00+00:00,2.52,7.2,TRUE,greenshift/sample-workload:latest,1000m,2Gi,15.0
GS-JOB-000135,ETL,ml-platform,HIGH,US-CA,2026-04-07T19:45:00+00:00,2026-04-07T19:45:00+00:00,2026-04-07T21:13:12+00:00,1.47,2.0,FALSE,greenshift/sample-workload:latest,250m,512Mi,4.15
GS-JOB-000136,DATA_PROCESSING,operations,MEDIUM,US-NY,2026-04-07T23:00:00+00:00,2026-04-07T23:00:00+00:00,2026-04-08T14:24:00+00:00,1.45,3.6,TRUE,greenshift/sample-workload:latest,500m,1Gi,4.52
GS-JOB-000137,REPORT_GENERATION,finance,LOW,US-TX,2026-04-08T01:15:00+00:00,2026-04-08T01:15:00+00:00,2026-04-08T08:29:00+00:00,1.28,1.8,TRUE,greenshift/sample-workload:latest,250m,256Mi,2.99
GS-JOB-000138,ANALYTICS,data-engineering,MEDIUM,SE,2026-04-08T06:45:00+00:00,2026-04-08T06:45:00+00:00,2026-04-08T07:13:48+00:00,0.48,2.8,FALSE,greenshift/sample-workload:latest,250m,512Mi,2.09
GS-JOB-000139,ETL,data-engineering,HIGH,AU-SA-Large,2026-04-08T07:00:00+00:00,2026-04-08T07:00:00+00:00,2026-04-08T09:55:00+00:00,0.97,9.1,TRUE,greenshift/sample-workload:latest,1000m,2Gi,10.68
GS-JOB-000140,DATA_PROCESSING,operations,LOW,AU-SA-Small,2026-04-08T07:15:00+00:00,2026-04-08T07:15:00+00:00,2026-04-09T09:46:00+00:00,1.13,2.6,TRUE,greenshift/sample-workload:latest,250m,512Mi,3.85
GS-JOB-000141,ETL,data-engineering,LOW,IN-TG,2026-04-08T07:30:00+00:00,2026-04-08T07:30:00+00:00,2026-04-08T14:47:00+00:00,1.33,8.6,TRUE,greenshift/sample-workload:latest,1000m,2Gi,13.43
GS-JOB-000142,DATA_PROCESSING,operations,MEDIUM,IN-GJ,2026-04-08T07:30:00+00:00,2026-04-08T07:30:00+00:00,2026-04-09T23:48:00+00:00,0.3,2.0,TRUE,greenshift/sample-workload:latest,250m,512Mi,0.71
GS-JOB-000143,ANALYTICS,finance,MEDIUM,IN-WB,2026-04-08T07:45:00+00:00,2026-04-08T07:45:00+00:00,2026-04-08T08:06:00+00:00,0.35,4.9,FALSE,greenshift/sample-workload:latest,500m,1Gi,2.57
GS-JOB-000144,BACKUP,operations,LOW,IN-PB,2026-04-08T08:30:00+00:00,2026-04-08T08:30:00+00:00,2026-04-09T03:59:00+00:00,2.78,8.0,TRUE,greenshift/sample-workload:latest,1000m,2Gi,20.7
GS-JOB-000145,BACKUP,operations,LOW,US-CA,2026-04-08T09:00:00+00:00,2026-04-08T09:00:00+00:00,2026-04-09T14:40:00+00:00,0.5,7.4,TRUE,greenshift/sample-workload:latest,1000m,2Gi,4.15
GS-JOB-000146,DATA_PROCESSING,operations,MEDIUM,US-NY,2026-04-08T09:15:00+00:00,2026-04-08T09:15:00+00:00,2026-04-08T21:36:00+00:00,1.4,2.2,TRUE,greenshift/sample-workload:latest,250m,512Mi,3.03
GS-JOB-000147,IMAGE_PROCESSING,ml-platform,MEDIUM,US-TX,2026-04-08T10:15:00+00:00,2026-04-08T10:15:00+00:00,2026-04-09T14:40:00+00:00,5.33,11.4,TRUE,greenshift/sample-workload:latest,1000m,2Gi,65.01
GS-JOB-000148,DATA_PROCESSING,operations,LOW,SE,2026-04-08T10:15:00+00:00,2026-04-08T10:15:00+00:00,2026-04-10T02:54:00+00:00,0.43,2.1,TRUE,greenshift/sample-workload:latest,250m,512Mi,0.98
GS-JOB-000149,ETL,finance,LOW,AU-SA-Large,2026-04-08T10:30:00+00:00,2026-04-08T10:30:00+00:00,2026-04-08T22:30:00+00:00,0.77,6.6,TRUE,greenshift/sample-workload:latest,1000m,2Gi,4.62
GS-JOB-000150,ETL,data-engineering,HIGH,AU-SA-Small,2026-04-08T14:00:00+00:00,2026-04-08T14:00:00+00:00,2026-04-08T14:43:12+00:00,0.72,7.6,FALSE,greenshift/sample-workload:latest,1000m,2Gi,6.92
GS-JOB-000151,ML_TRAINING,ml-platform,MEDIUM,IN-TG,2026-04-08T15:45:00+00:00,2026-04-08T15:45:00+00:00,2026-04-09T09:33:00+00:00,6.73,25.1,TRUE,greenshift/sample-workload:latest,2000m,4Gi,132.38
GS-JOB-000152,BACKUP,ml-platform,LOW,IN-GJ,2026-04-08T18:30:00+00:00,2026-04-08T18:30:00+00:00,2026-04-09T06:46:00+00:00,1.98,4.3,TRUE,greenshift/sample-workload:latest,500m,1Gi,9.33
GS-JOB-000153,ML_TRAINING,ml-platform,MEDIUM,IN-WB,2026-04-08T20:45:00+00:00,2026-04-08T20:45:00+00:00,2026-04-10T07:53:00+00:00,4.62,17.7,TRUE,greenshift/sample-workload:latest,2000m,4Gi,86.38
GS-JOB-000154,DATA_PROCESSING,operations,LOW,IN-PB,2026-04-08T21:00:00+00:00,2026-04-08T21:00:00+00:00,2026-04-09T03:27:00+00:00,1.47,2.8,TRUE,greenshift/sample-workload:latest,250m,512Mi,4.54
GS-JOB-000155,ETL,data-engineering,CRITICAL,US-CA,2026-04-08T21:00:00+00:00,2026-04-08T21:00:00+00:00,2026-04-09T00:16:12+00:00,3.27,8.6,FALSE,greenshift/sample-workload:latest,1000m,2Gi,34.42
GS-JOB-000156,REPORT_GENERATION,finance,HIGH,US-NY,2026-04-08T23:45:00+00:00,2026-04-08T23:45:00+00:00,2026-04-09T01:36:00+00:00,1.85,3.4,FALSE,greenshift/sample-workload:latest,500m,1Gi,9.22
GS-JOB-000157,BACKUP,operations,HIGH,US-TX,2026-04-09T06:30:00+00:00,2026-04-09T06:30:00+00:00,2026-04-09T10:06:00+00:00,0.5,7.1,TRUE,greenshift/sample-workload:latest,1000m,2Gi,4.15
GS-JOB-000158,ETL,data-engineering,MEDIUM,SE,2026-04-09T09:30:00+00:00,2026-04-09T09:30:00+00:00,2026-04-09T16:14:00+00:00,2.7,6.9,TRUE,greenshift/sample-workload:latest,1000m,2Gi,22.38
GS-JOB-000159,ML_TRAINING,analytics,MEDIUM,AU-SA-Large,2026-04-09T10:00:00+00:00,2026-04-09T10:00:00+00:00,2026-04-09T18:46:00+00:00,3.97,38.5,TRUE,greenshift/sample-workload:latest,2000m,4Gi,151.34
GS-JOB-000160,BACKUP,operations,MEDIUM,AU-SA-Small,2026-04-09T10:00:00+00:00,2026-04-09T10:00:00+00:00,2026-04-09T13:25:00+00:00,2.92,5.7,TRUE,greenshift/sample-workload:latest,500m,1Gi,18.38
GS-JOB-000161,BACKUP,operations,MEDIUM,IN-TG,2026-04-09T12:15:00+00:00,2026-04-09T12:15:00+00:00,2026-04-09T18:20:00+00:00,2.87,5.7,TRUE,greenshift/sample-workload:latest,500m,1Gi,18.4
GS-JOB-000162,IMAGE_PROCESSING,operations,MEDIUM,IN-GJ,2026-04-09T13:45:00+00:00,2026-04-09T13:45:00+00:00,2026-04-09T17:08:00+00:00,2.47,19.1,TRUE,greenshift/sample-workload:latest,2000m,4Gi,55.43
GS-JOB-000163,ETL,finance,CRITICAL,IN-WB,2026-04-09T14:15:00+00:00,2026-04-09T14:15:00+00:00,2026-04-09T16:43:48+00:00,2.48,5.3,FALSE,greenshift/sample-workload:latest,500m,1Gi,16.06
GS-JOB-000164,ETL,analytics,HIGH,IN-PB,2026-04-09T14:30:00+00:00,2026-04-09T14:30:00+00:00,2026-04-09T21:43:00+00:00,3.78,9.8,TRUE,greenshift/sample-workload:latest,1000m,2Gi,44.71
GS-JOB-000165,BACKUP,data-engineering,LOW,US-CA,2026-04-09T15:15:00+00:00,2026-04-09T15:15:00+00:00,2026-04-10T01:41:00+00:00,1.5,5.6,TRUE,greenshift/sample-workload:latest,500m,1Gi,10.92
GS-JOB-000166,ETL,data-engineering,MEDIUM,US-NY,2026-04-09T19:00:00+00:00,2026-04-09T19:00:00+00:00,2026-04-10T00:06:00+00:00,3.78,10.0,TRUE,greenshift/sample-workload:latest,1000m,2Gi,50.18
GS-JOB-000167,ML_TRAINING,analytics,CRITICAL,US-TX,2026-04-09T19:30:00+00:00,2026-04-09T19:30:00+00:00,2026-04-09T22:28:12+00:00,2.97,10.7,FALSE,greenshift/sample-workload:latest,1000m,2Gi,39.55
GS-JOB-000168,BACKUP,operations,HIGH,SE,2026-04-09T20:00:00+00:00,2026-04-09T20:00:00+00:00,2026-04-09T22:30:00+00:00,1.08,6.9,TRUE,greenshift/sample-workload:latest,1000m,2Gi,7.43
GS-JOB-000169,ETL,data-engineering,LOW,AU-SA-Large,2026-04-09T21:00:00+00:00,2026-04-09T21:00:00+00:00,2026-04-10T07:40:00+00:00,1.93,9.9,TRUE,greenshift/sample-workload:latest,1000m,2Gi,15.8
GS-JOB-000170,ETL,data-engineering,LOW,AU-SA-Small,2026-04-09T21:45:00+00:00,2026-04-09T21:45:00+00:00,2026-04-09T23:01:48+00:00,1.28,3.2,FALSE,greenshift/sample-workload:latest,500m,1Gi,6.36
GS-JOB-000171,ETL,data-engineering,HIGH,IN-TG,2026-04-09T22:15:00+00:00,2026-04-09T22:15:00+00:00,2026-04-10T07:39:00+00:00,1.32,7.9,TRUE,greenshift/sample-workload:latest,1000m,2Gi,13.39
GS-JOB-000172,DATA_PROCESSING,analytics,HIGH,IN-GJ,2026-04-09T23:00:00+00:00,2026-04-09T23:00:00+00:00,2026-04-10T03:18:00+00:00,1.4,2.5,TRUE,greenshift/sample-workload:latest,250m,512Mi,4.24
GS-JOB-000173,REPORT_GENERATION,finance,LOW,IN-WB,2026-04-09T23:45:00+00:00,2026-04-09T23:45:00+00:00,2026-04-11T03:35:00+00:00,0.68,5.6,TRUE,greenshift/sample-workload:latest,500m,1Gi,4.98
GS-JOB-000174,ETL,operations,MEDIUM,IN-PB,2026-04-10T06:15:00+00:00,2026-04-10T06:15:00+00:00,2026-04-11T23:43:00+00:00,1.47,5.1,TRUE,greenshift/sample-workload:latest,500m,1Gi,8.74
GS-JOB-000175,ETL,data-engineering,MEDIUM,US-CA,2026-04-10T08:00:00+00:00,2026-04-10T08:00:00+00:00,2026-04-10T13:51:00+00:00,1.37,3.5,TRUE,greenshift/sample-workload:latest,500m,1Gi,5.42
GS-JOB-000176,DATA_PROCESSING,operations,MEDIUM,US-NY,2026-04-10T08:15:00+00:00,2026-04-10T08:15:00+00:00,2026-04-10T09:54:00+00:00,1.15,3.7,TRUE,greenshift/sample-workload:latest,500m,1Gi,5.08
GS-JOB-000177,REPORT_GENERATION,finance,HIGH,US-TX,2026-04-10T08:30:00+00:00,2026-04-10T08:30:00+00:00,2026-04-10T17:43:00+00:00,1.42,2.1,TRUE,greenshift/sample-workload:latest,250m,256Mi,3.34
GS-JOB-000178,ETL,data-engineering,LOW,SE,2026-04-10T09:15:00+00:00,2026-04-10T09:15:00+00:00,2026-04-10T11:43:00+00:00,1.58,4.8,TRUE,greenshift/sample-workload:latest,500m,1Gi,8.79
GS-JOB-000179,ETL,data-engineering,MEDIUM,AU-SA-Large,2026-04-10T10:15:00+00:00,2026-04-10T10:15:00+00:00,2026-04-10T13:24:00+00:00,3.15,6.7,FALSE,greenshift/sample-workload:latest,1000m,2Gi,28.43
GS-JOB-000180,DATA_PROCESSING,operations,MEDIUM,AU-SA-Small,2026-04-10T10:30:00+00:00,2026-04-10T10:30:00+00:00,2026-04-11T10:22:00+00:00,1.3,3.3,TRUE,greenshift/sample-workload:latest,500m,1Gi,5.39
GS-JOB-000181,DATA_PROCESSING,data-engineering,LOW,IN-TG,2026-04-10T11:15:00+00:00,2026-04-10T11:15:00+00:00,2026-04-10T18:31:00+00:00,1.3,2.6,TRUE,greenshift/sample-workload:latest,250m,512Mi,4.51
GS-JOB-000182,ETL,analytics,MEDIUM,IN-GJ,2026-04-10T11:30:00+00:00,2026-04-10T11:30:00+00:00,2026-04-10T15:37:00+00:00,1.07,5.2,TRUE,greenshift/sample-workload:latest,500m,1Gi,5.2
GS-JOB-000183,BACKUP,operations,MEDIUM,IN-WB,2026-04-10T14:15:00+00:00,2026-04-10T14:15:00+00:00,2026-04-11T00:43:00+00:00,1.42,4.3,TRUE,greenshift/sample-workload:latest,500m,1Gi,7.4
GS-JOB-000184,ML_TRAINING,ml-platform,LOW,IN-PB,2026-04-10T14:30:00+00:00,2026-04-10T14:30:00+00:00,2026-04-11T02:48:00+00:00,8.85,11.6,TRUE,greenshift/sample-workload:latest,1000m,2Gi,98.59
GS-JOB-000185,DATA_PROCESSING,operations,HIGH,US-CA,2026-04-10T14:45:00+00:00,2026-04-10T14:45:00+00:00,2026-04-10T15:15:00+00:00,0.5,1.9,FALSE,greenshift/sample-workload:latest,250m,512Mi,1.48
GS-JOB-000186,ML_TRAINING,ml-platform,LOW,US-NY,2026-04-10T15:15:00+00:00,2026-04-10T15:15:00+00:00,2026-04-11T18:40:00+00:00,9.7,38.0,TRUE,greenshift/sample-workload:latest,2000m,4Gi,457.02
GS-JOB-000187,ETL,ml-platform,LOW,US-TX,2026-04-10T15:45:00+00:00,2026-04-10T15:45:00+00:00,2026-04-11T07:34:00+00:00,3.98,2.0,TRUE,greenshift/sample-workload:latest,250m,512Mi,10.11
GS-JOB-000188,REPORT_GENERATION,finance,LOW,SE,2026-04-10T16:30:00+00:00,2026-04-10T16:30:00+00:00,2026-04-10T23:11:00+00:00,0.92,4.3,TRUE,greenshift/sample-workload:latest,500m,1Gi,4.98
GS-JOB-000189,ANALYTICS,analytics,LOW,AU-SA-Large,2026-04-10T17:00:00+00:00,2026-04-10T17:00:00+00:00,2026-04-10T18:03:00+00:00,1.05,2.6,FALSE,greenshift/sample-workload:latest,250m,512Mi,4.33
GS-JOB-000190,ETL,finance,HIGH,AU-SA-Small,2026-04-10T17:00:00+00:00,2026-04-10T17:00:00+00:00,2026-04-11T01:49:00+00:00,2.8,9.3,TRUE,greenshift/sample-workload:latest,1000m,2Gi,32.14
GS-JOB-000191,ETL,data-engineering,HIGH,IN-TG,2026-04-10T17:15:00+00:00,2026-04-10T17:15:00+00:00,2026-04-11T01:08:00+00:00,2.62,3.3,TRUE,greenshift/sample-workload:latest,500m,1Gi,10.97
GS-JOB-000192,DATA_PROCESSING,analytics,MEDIUM,IN-GJ,2026-04-10T19:15:00+00:00,2026-04-10T19:15:00+00:00,2026-04-11T18:44:00+00:00,1.3,2.0,TRUE,greenshift/sample-workload:latest,250m,512Mi,3.46
GS-JOB-000193,ETL,operations,HIGH,IN-WB,2026-04-10T20:00:00+00:00,2026-04-10T20:00:00+00:00,2026-04-11T10:08:00+00:00,3.52,5.5,TRUE,greenshift/sample-workload:latest,500m,1Gi,25.9
GS-JOB-000194,BACKUP,operations,MEDIUM,IN-PB,2026-04-10T22:15:00+00:00,2026-04-10T22:15:00+00:00,2026-04-12T12:47:00+00:00,2.03,5.0,TRUE,greenshift/sample-workload:latest,500m,1Gi,9.66
GS-JOB-000195,REPORT_GENERATION,operations,HIGH,US-CA,2026-04-11T05:30:00+00:00,2026-04-11T05:30:00+00:00,2026-04-11T07:30:00+00:00,1.27,2.8,TRUE,greenshift/sample-workload:latest,250m,256Mi,3.5
GS-JOB-000196,ETL,data-engineering,MEDIUM,US-NY,2026-04-11T06:00:00+00:00,2026-04-11T06:00:00+00:00,2026-04-11T16:28:00+00:00,3.05,9.1,TRUE,greenshift/sample-workload:latest,1000m,2Gi,21.92
GS-JOB-000197,ETL,data-engineering,LOW,US-TX,2026-04-11T06:45:00+00:00,2026-04-11T06:45:00+00:00,2026-04-12T06:54:00+00:00,2.27,8.5,TRUE,greenshift/sample-workload:latest,1000m,2Gi,20.82
GS-JOB-000198,DATA_PROCESSING,operations,MEDIUM,SE,2026-04-11T07:00:00+00:00,2026-04-11T07:00:00+00:00,2026-04-12T23:10:00+00:00,0.52,3.3,TRUE,greenshift/sample-workload:latest,500m,1Gi,1.89
GS-JOB-000199,ETL,data-engineering,HIGH,AU-SA-Large,2026-04-11T10:30:00+00:00,2026-04-11T10:30:00+00:00,2026-04-11T17:03:00+00:00,3.65,5.2,TRUE,greenshift/sample-workload:latest,500m,1Gi,23.19
GS-JOB-000200,ETL,data-engineering,MEDIUM,AU-SA-Small,2026-04-11T11:15:00+00:00,2026-04-11T11:15:00+00:00,2026-04-11T19:31:00+00:00,0.53,6.3,TRUE,greenshift/sample-workload:latest,1000m,2Gi,4.03
GS-JOB-000201,BACKUP,operations,HIGH,IN-TG,2026-04-11T11:45:00+00:00,2026-04-11T11:45:00+00:00,2026-04-11T13:32:00+00:00,1.13,7.2,TRUE,greenshift/sample-workload:latest,1000m,2Gi,8.0
GS-JOB-000202,ETL,finance,HIGH,IN-GJ,2026-04-11T12:15:00+00:00,2026-04-11T12:15:00+00:00,2026-04-11T14:10:00+00:00,1.42,6.5,TRUE,greenshift/sample-workload:latest,1000m,2Gi,11.35
GS-JOB-000203,ML_TRAINING,data-engineering,MEDIUM,IN-WB,2026-04-11T13:30:00+00:00,2026-04-11T13:30:00+00:00,2026-04-13T13:18:00+00:00,9.63,28.0,TRUE,greenshift/sample-workload:latest,2000m,4Gi,210.48
GS-JOB-000204,DATA_PROCESSING,operations,MEDIUM,IN-PB,2026-04-11T14:15:00+00:00,2026-04-11T14:15:00+00:00,2026-04-11T17:25:00+00:00,1.42,3.7,TRUE,greenshift/sample-workload:latest,500m,1Gi,5.65
GS-JOB-000205,ETL,data-engineering,CRITICAL,US-CA,2026-04-11T14:45:00+00:00,2026-04-11T14:45:00+00:00,2026-04-11T17:04:48+00:00,2.33,8.0,FALSE,greenshift/sample-workload:latest,1000m,2Gi,27.89
GS-JOB-000206,ETL,data-engineering,LOW,US-NY,2026-04-11T15:15:00+00:00,2026-04-11T15:15:00+00:00,2026-04-12T09:09:00+00:00,1.78,2.7,TRUE,greenshift/sample-workload:latest,250m,512Mi,6.17
GS-JOB-000207,DATA_PROCESSING,finance,MEDIUM,US-TX,2026-04-11T16:00:00+00:00,2026-04-11T16:00:00+00:00,2026-04-12T07:37:00+00:00,0.48,1.6,TRUE,greenshift/sample-workload:latest,250m,512Mi,0.89
GS-JOB-000208,DATA_PROCESSING,operations,MEDIUM,SE,2026-04-11T16:15:00+00:00,2026-04-11T16:15:00+00:00,2026-04-11T17:49:00+00:00,0.9,1.5,TRUE,greenshift/sample-workload:latest,250m,512Mi,1.32
GS-JOB-000209,ETL,operations,HIGH,AU-SA-Large,2026-04-11T16:45:00+00:00,2026-04-11T16:45:00+00:00,2026-04-12T04:36:00+00:00,2.92,3.3,TRUE,greenshift/sample-workload:latest,500m,1Gi,11.18
GS-JOB-000210,REPORT_GENERATION,finance,MEDIUM,AU-SA-Small,2026-04-11T22:00:00+00:00,2026-04-11T22:00:00+00:00,2026-04-12T07:06:00+00:00,2.82,4.4,TRUE,greenshift/sample-workload:latest,500m,1Gi,13.62
GS-JOB-000211,DATA_PROCESSING,operations,HIGH,IN-TG,2026-04-12T00:45:00+00:00,2026-04-12T00:45:00+00:00,2026-04-12T02:40:00+00:00,0.5,2.1,TRUE,greenshift/sample-workload:latest,250m,512Mi,1.4
GS-JOB-000212,ETL,data-engineering,MEDIUM,IN-GJ,2026-04-12T02:30:00+00:00,2026-04-12T02:30:00+00:00,2026-04-12T05:56:00+00:00,0.73,2.2,TRUE,greenshift/sample-workload:latest,250m,512Mi,1.88
GS-JOB-000213,ANALYTICS,ml-platform,MEDIUM,IN-WB,2026-04-12T03:00:00+00:00,2026-04-12T03:00:00+00:00,2026-04-12T03:34:12+00:00,0.57,3.9,FALSE,greenshift/sample-workload:latest,500m,1Gi,3.39
GS-JOB-000214,ETL,ml-platform,HIGH,IN-PB,2026-04-12T04:45:00+00:00,2026-04-12T04:45:00+00:00,2026-04-12T06:51:00+00:00,2.1,4.4,FALSE,greenshift/sample-workload:latest,500m,1Gi,13.39
GS-JOB-000215,REPORT_GENERATION,finance,MEDIUM,US-CA,2026-04-12T07:00:00+00:00,2026-04-12T07:00:00+00:00,2026-04-12T17:18:00+00:00,1.62,2.7,TRUE,greenshift/sample-workload:latest,250m,256Mi,3.61
GS-JOB-000216,DATA_PROCESSING,operations,MEDIUM,US-NY,2026-04-12T07:45:00+00:00,2026-04-12T07:45:00+00:00,2026-04-12T23:51:00+00:00,0.32,1.7,TRUE,greenshift/sample-workload:latest,250m,512Mi,0.63
GS-JOB-000217,ETL,ml-platform,MEDIUM,US-TX,2026-04-12T08:30:00+00:00,2026-04-12T08:30:00+00:00,2026-04-12T12:50:00+00:00,0.78,2.2,TRUE,greenshift/sample-workload:latest,250m,512Mi,1.41
GS-JOB-000218,ETL,data-engineering,LOW,SE,2026-04-12T09:00:00+00:00,2026-04-12T09:00:00+00:00,2026-04-12T14:02:00+00:00,2.07,5.1,TRUE,greenshift/sample-workload:latest,500m,1Gi,11.46
GS-JOB-000219,REPORT_GENERATION,finance,HIGH,AU-SA-Large,2026-04-12T09:30:00+00:00,2026-04-12T09:30:00+00:00,2026-04-12T12:11:00+00:00,2.18,2.9,TRUE,greenshift/sample-workload:latest,250m,256Mi,6.05
GS-JOB-000220,ML_TRAINING,ml-platform,LOW,AU-SA-Small,2026-04-12T11:15:00+00:00,2026-04-12T11:15:00+00:00,2026-04-12T22:04:00+00:00,3.85,30.6,TRUE,greenshift/sample-workload:latest,2000m,4Gi,144.49
GS-JOB-000221,ETL,data-engineering,MEDIUM,IN-TG,2026-04-12T12:30:00+00:00,2026-04-12T12:30:00+00:00,2026-04-12T13:49:12+00:00,1.32,8.0,FALSE,greenshift/sample-workload:latest,1000m,2Gi,15.93
GS-JOB-000222,DATA_PROCESSING,ml-platform,MEDIUM,IN-GJ,2026-04-12T13:00:00+00:00,2026-04-12T13:00:00+00:00,2026-04-12T17:20:00+00:00,1.22,2.3,TRUE,greenshift/sample-workload:latest,250m,512Mi,3.33
GS-JOB-000223,ML_TRAINING,ml-platform,MEDIUM,IN-WB,2026-04-12T15:00:00+00:00,2026-04-12T15:00:00+00:00,2026-04-13T06:16:00+00:00,2.27,22.3,TRUE,greenshift/sample-workload:latest,2000m,4Gi,45.9
GS-JOB-000224,DATA_PROCESSING,operations,MEDIUM,IN-PB,2026-04-12T15:30:00+00:00,2026-04-12T15:30:00+00:00,2026-04-13T03:11:00+00:00,0.75,2.3,TRUE,greenshift/sample-workload:latest,250m,512Mi,2.03
GS-JOB-000225,ETL,data-engineering,MEDIUM,US-CA,2026-04-12T16:00:00+00:00,2026-04-12T16:00:00+00:00,2026-04-12T21:42:00+00:00,3.75,8.1,TRUE,greenshift/sample-workload:latest,1000m,2Gi,40.27
GS-JOB-000226,ETL,data-engineering,MEDIUM,US-NY,2026-04-12T17:00:00+00:00,2026-04-12T17:00:00+00:00,2026-04-13T23:19:00+00:00,2.97,4.7,TRUE,greenshift/sample-workload:latest,500m,1Gi,12.27
GS-JOB-000227,DATA_PROCESSING,data-engineering,HIGH,US-TX,2026-04-12T22:30:00+00:00,2026-04-12T22:30:00+00:00,2026-04-13T09:19:00+00:00,0.58,2.4,TRUE,greenshift/sample-workload:latest,250m,512Mi,1.16
GS-JOB-000228,DATA_PROCESSING,operations,MEDIUM,SE,2026-04-13T02:00:00+00:00,2026-04-13T02:00:00+00:00,2026-04-13T15:08:00+00:00,1.33,2.0,TRUE,greenshift/sample-workload:latest,250m,512Mi,3.46
GS-JOB-000229,ETL,data-engineering,HIGH,AU-SA-Large,2026-04-13T03:45:00+00:00,2026-04-13T03:45:00+00:00,2026-04-13T11:50:00+00:00,1.98,3.8,TRUE,greenshift/sample-workload:latest,500m,1Gi,10.15
GS-JOB-000230,REPORT_GENERATION,analytics,LOW,AU-SA-Small,2026-04-13T06:30:00+00:00,2026-04-13T06:30:00+00:00,2026-04-15T04:18:00+00:00,1.8,2.9,TRUE,greenshift/sample-workload:latest,250m,256Mi,6.5
GS-JOB-000231,ETL,data-engineering,HIGH,IN-TG,2026-04-13T07:45:00+00:00,2026-04-13T07:45:00+00:00,2026-04-13T11:09:00+00:00,2.32,3.4,TRUE,greenshift/sample-workload:latest,500m,1Gi,10.41
GS-JOB-000232,DATA_PROCESSING,operations,MEDIUM,IN-GJ,2026-04-13T08:00:00+00:00,2026-04-13T08:00:00+00:00,2026-04-13T10:01:00+00:00,1.3,2.1,TRUE,greenshift/sample-workload:latest,250m,512Mi,3.06
GS-JOB-000233,IMAGE_PROCESSING,operations,LOW,IN-WB,2026-04-13T08:45:00+00:00,2026-04-13T08:45:00+00:00,2026-04-14T11:55:00+00:00,2.97,11.1,TRUE,greenshift/sample-workload:latest,1000m,2Gi,42.3
GS-JOB-000234,ANALYTICS,ml-platform,LOW,IN-PB,2026-04-13T09:30:00+00:00,2026-04-13T09:30:00+00:00,2026-04-13T10:10:12+00:00,0.67,3.4,FALSE,greenshift/sample-workload:latest,500m,1Gi,2.94
GS-JOB-000235,DATA_PROCESSING,analytics,HIGH,US-CA,2026-04-13T09:45:00+00:00,2026-04-13T09:45:00+00:00,2026-04-13T16:15:00+00:00,1.22,1.6,TRUE,greenshift/sample-workload:latest,250m,512Mi,1.87
GS-JOB-000236,ETL,data-engineering,LOW,US-NY,2026-04-13T10:45:00+00:00,2026-04-13T10:45:00+00:00,2026-04-14T03:14:00+00:00,1.28,2.7,TRUE,greenshift/sample-workload:latest,250m,512Mi,3.64
GS-JOB-000237,DATA_PROCESSING,operations,HIGH,US-TX,2026-04-13T11:15:00+00:00,2026-04-13T11:15:00+00:00,2026-04-13T14:27:00+00:00,1.02,3.9,TRUE,greenshift/sample-workload:latest,500m,1Gi,4.9
GS-JOB-000238,BACKUP,operations,MEDIUM,SE,2026-04-13T11:45:00+00:00,2026-04-13T11:45:00+00:00,2026-04-13T12:49:12+00:00,1.07,2.2,FALSE,greenshift/sample-workload:latest,250m,512Mi,3.67
GS-JOB-000239,ETL,data-engineering,MEDIUM,AU-SA-Large,2026-04-13T12:00:00+00:00,2026-04-13T12:00:00+00:00,2026-04-13T14:16:12+00:00,2.27,4.9,FALSE,greenshift/sample-workload:latest,500m,1Gi,14.54
GS-JOB-000240,ML_TRAINING,data-engineering,CRITICAL,AU-SA-Small,2026-04-13T12:00:00+00:00,2026-04-13T12:00:00+00:00,2026-04-13T18:58:48+00:00,6.98,25.1,FALSE,greenshift/sample-workload:latest,2000m,4Gi,277.21
GS-JOB-000241,ETL,operations,CRITICAL,IN-TG,2026-04-13T12:15:00+00:00,2026-04-13T12:15:00+00:00,2026-04-13T14:39:00+00:00,2.4,8.2,FALSE,greenshift/sample-workload:latest,1000m,2Gi,24.12
GS-JOB-000242,ETL,finance,MEDIUM,IN-GJ,2026-04-13T14:15:00+00:00,2026-04-13T14:15:00+00:00,2026-04-13T17:33:00+00:00,0.93,2.8,TRUE,greenshift/sample-workload:latest,250m,512Mi,2.6
GS-JOB-000243,IMAGE_PROCESSING,data-engineering,MEDIUM,IN-WB,2026-04-13T15:45:00+00:00,2026-04-13T15:45:00+00:00,2026-04-14T01:19:00+00:00,2.68,10.2,TRUE,greenshift/sample-workload:latest,1000m,2Gi,26.44
GS-JOB-000244,IMAGE_PROCESSING,operations,LOW,IN-PB,2026-04-13T16:15:00+00:00,2026-04-13T16:15:00+00:00,2026-04-14T15:47:00+00:00,4.23,10.1,TRUE,greenshift/sample-workload:latest,1000m,2Gi,37.1
GS-JOB-000245,IMAGE_PROCESSING,analytics,CRITICAL,US-CA,2026-04-13T18:15:00+00:00,2026-04-13T18:15:00+00:00,2026-04-13T21:24:00+00:00,3.15,15.1,FALSE,greenshift/sample-workload:latest,2000m,4Gi,61.39
GS-JOB-000246,REPORT_GENERATION,finance,MEDIUM,US-NY,2026-04-13T18:45:00+00:00,2026-04-13T18:45:00+00:00,2026-04-14T00:10:00+00:00,0.57,3.4,TRUE,greenshift/sample-workload:latest,500m,1Gi,2.33
GS-JOB-000247,ETL,operations,LOW,US-TX,2026-04-13T19:30:00+00:00,2026-04-13T19:30:00+00:00,2026-04-14T03:36:00+00:00,3.38,6.5,TRUE,greenshift/sample-workload:latest,1000m,2Gi,21.03
GS-JOB-000248,REPORT_GENERATION,finance,MEDIUM,SE,2026-04-13T19:30:00+00:00,2026-04-13T19:30:00+00:00,2026-04-14T00:16:00+00:00,1.52,5.7,TRUE,greenshift/sample-workload:latest,500m,1Gi,7.67
GS-JOB-000249,IMAGE_PROCESSING,ml-platform,MEDIUM,AU-SA-Large,2026-04-13T19:45:00+00:00,2026-04-13T19:45:00+00:00,2026-04-14T02:22:00+00:00,3.05,12.7,TRUE,greenshift/sample-workload:latest,2000m,4Gi,34.53
GS-JOB-000250,ETL,data-engineering,MEDIUM,AU-SA-Small,2026-04-13T20:15:00+00:00,2026-04-13T20:15:00+00:00,2026-04-13T23:58:00+00:00,2.8,4.9,TRUE,greenshift/sample-workload:latest,500m,1Gi,17.33
GS-JOB-000251,REPORT_GENERATION,finance,MEDIUM,IN-TG,2026-04-13T21:00:00+00:00,2026-04-13T21:00:00+00:00,2026-04-13T23:25:12+00:00,2.42,5.8,FALSE,greenshift/sample-workload:latest,500m,1Gi,23.04
GS-JOB-000252,DATA_PROCESSING,data-engineering,LOW,IN-GJ,2026-04-13T23:00:00+00:00,2026-04-13T23:00:00+00:00,2026-04-15T19:59:00+00:00,0.98,3.3,TRUE,greenshift/sample-workload:latest,500m,1Gi,3.44
GS-JOB-000253,ETL,data-engineering,MEDIUM,IN-WB,2026-04-13T23:30:00+00:00,2026-04-13T23:30:00+00:00,2026-04-14T08:56:00+00:00,2.53,8.4,TRUE,greenshift/sample-workload:latest,1000m,2Gi,22.58
GS-JOB-000254,ML_TRAINING,ml-platform,CRITICAL,IN-PB,2026-04-14T01:00:00+00:00,2026-04-14T01:00:00+00:00,2026-04-14T08:10:12+00:00,7.17,11.6,FALSE,greenshift/sample-workload:latest,1000m,2Gi,132.89
GS-JOB-000255,DATA_PROCESSING,operations,MEDIUM,US-CA,2026-04-14T01:00:00+00:00,2026-04-14T01:00:00+00:00,2026-04-14T11:36:00+00:00,1.03,2.0,TRUE,greenshift/sample-workload:latest,250m,512Mi,1.83
GS-JOB-000256,ML_TRAINING,finance,MEDIUM,US-NY,2026-04-14T02:00:00+00:00,2026-04-14T02:00:00+00:00,2026-04-14T05:43:48+00:00,3.73,18.6,FALSE,greenshift/sample-workload:latest,2000m,4Gi,86.12
GS-JOB-000257,IMAGE_PROCESSING,finance,HIGH,US-TX,2026-04-14T03:15:00+00:00,2026-04-14T03:15:00+00:00,2026-04-14T17:03:00+00:00,4.95,12.4,TRUE,greenshift/sample-workload:latest,2000m,4Gi,82.5
GS-JOB-000258,BACKUP,operations,HIGH,SE,2026-04-14T04:45:00+00:00,2026-04-14T04:45:00+00:00,2026-04-14T05:37:12+00:00,0.87,5.0,FALSE,greenshift/sample-workload:latest,500m,1Gi,6.12
GS-JOB-000259,ETL,finance,MEDIUM,AU-SA-Large,2026-04-14T06:30:00+00:00,2026-04-14T06:30:00+00:00,2026-04-14T21:16:00+00:00,2.97,5.1,TRUE,greenshift/sample-workload:latest,500m,1Gi,14.51
GS-JOB-000260,ETL,data-engineering,MEDIUM,AU-SA-Small,2026-04-14T08:45:00+00:00,2026-04-14T08:45:00+00:00,2026-04-14T12:34:00+00:00,1.98,3.8,TRUE,greenshift/sample-workload:latest,500m,1Gi,8.22
GS-JOB-000261,REPORT_GENERATION,data-engineering,MEDIUM,IN-TG,2026-04-14T11:00:00+00:00,2026-04-14T11:00:00+00:00,2026-04-14T16:58:00+00:00,1.4,2.9,TRUE,greenshift/sample-workload:latest,250m,256Mi,3.22
GS-JOB-000262,REPORT_GENERATION,finance,MEDIUM,IN-GJ,2026-04-14T15:30:00+00:00,2026-04-14T15:30:00+00:00,2026-04-15T09:45:00+00:00,2.62,5.7,TRUE,greenshift/sample-workload:latest,500m,1Gi,18.81
GS-JOB-000263,ETL,data-engineering,LOW,IN-WB,2026-04-14T15:30:00+00:00,2026-04-14T15:30:00+00:00,2026-04-15T02:33:00+00:00,2.67,7.8,TRUE,greenshift/sample-workload:latest,1000m,2Gi,27.75
GS-JOB-000264,REPORT_GENERATION,finance,MEDIUM,IN-PB,2026-04-14T19:15:00+00:00,2026-04-14T19:15:00+00:00,2026-04-15T00:39:00+00:00,2.23,2.3,TRUE,greenshift/sample-workload:latest,250m,256Mi,6.17
GS-JOB-000265,REPORT_GENERATION,analytics,HIGH,US-CA,2026-04-14T20:00:00+00:00,2026-04-14T20:00:00+00:00,2026-04-14T21:55:48+00:00,1.93,3.3,FALSE,greenshift/sample-workload:latest,500m,1Gi,8.8
GS-JOB-000266,REPORT_GENERATION,finance,HIGH,US-NY,2026-04-14T21:45:00+00:00,2026-04-14T21:45:00+00:00,2026-04-15T10:08:00+00:00,2.52,2.6,TRUE,greenshift/sample-workload:latest,250m,256Mi,7.11
GS-JOB-000267,DATA_PROCESSING,operations,MEDIUM,US-TX,2026-04-14T22:30:00+00:00,2026-04-14T22:30:00+00:00,2026-04-15T05:43:00+00:00,0.83,2.7,TRUE,greenshift/sample-workload:latest,250m,512Mi,2.54
GS-JOB-000268,ANALYTICS,ml-platform,MEDIUM,SE,2026-04-14T22:45:00+00:00,2026-04-14T22:45:00+00:00,2026-04-14T23:19:48+00:00,0.58,4.1,FALSE,greenshift/sample-workload:latest,500m,1Gi,3.18
GS-JOB-000269,ETL,data-engineering,MEDIUM,AU-SA-Large,2026-04-14T22:45:00+00:00,2026-04-14T22:45:00+00:00,2026-04-16T15:36:00+00:00,0.85,3.1,TRUE,greenshift/sample-workload:latest,500m,1Gi,3.26
GS-JOB-000270,ETL,data-engineering,MEDIUM,AU-SA-Small,2026-04-15T07:30:00+00:00,2026-04-15T07:30:00+00:00,2026-04-15T12:55:00+00:00,3.28,4.0,TRUE,greenshift/sample-workload:latest,500m,1Gi,15.4
GS-JOB-000271,ANALYTICS,ml-platform,LOW,IN-TG,2026-04-15T07:45:00+00:00,2026-04-15T07:45:00+00:00,2026-04-15T08:15:00+00:00,0.5,1.5,FALSE,greenshift/sample-workload:latest,250m,512Mi,1.04
GS-JOB-000272,BACKUP,operations,LOW,IN-GJ,2026-04-15T07:45:00+00:00,2026-04-15T07:45:00+00:00,2026-04-15T09:04:00+00:00,0.82,4.8,TRUE,greenshift/sample-workload:latest,500m,1Gi,4.83
GS-JOB-000273,BACKUP,operations,LOW,IN-WB,2026-04-15T08:30:00+00:00,2026-04-15T08:30:00+00:00,2026-04-16T09:46:00+00:00,2.58,6.5,TRUE,greenshift/sample-workload:latest,1000m,2Gi,17.79
GS-JOB-000274,REPORT_GENERATION,finance,MEDIUM,IN-PB,2026-04-15T08:45:00+00:00,2026-04-15T08:45:00+00:00,2026-04-15T20:23:00+00:00,1.37,2.6,TRUE,greenshift/sample-workload:latest,250m,256Mi,4.24
GS-JOB-000275,ML_TRAINING,ml-platform,HIGH,US-CA,2026-04-15T13:15:00+00:00,2026-04-15T13:15:00+00:00,2026-04-15T19:29:00+00:00,3.2,37.3,TRUE,greenshift/sample-workload:latest,2000m,4Gi,145.83
GS-JOB-000276,ETL,data-engineering,HIGH,US-NY,2026-04-15T15:30:00+00:00,2026-04-15T15:30:00+00:00,2026-04-15T21:46:00+00:00,1.15,4.5,TRUE,greenshift/sample-workload:latest,500m,1Gi,6.53
GS-JOB-000277,IMAGE_PROCESSING,analytics,MEDIUM,US-TX,2026-04-15T15:45:00+00:00,2026-04-15T15:45:00+00:00,2026-04-16T15:48:00+00:00,4.68,15.8,TRUE,greenshift/sample-workload:latest,2000m,4Gi,92.11
GS-JOB-000278,ETL,analytics,LOW,SE,2026-04-15T16:30:00+00:00,2026-04-15T16:30:00+00:00,2026-04-17T02:52:00+00:00,2.77,5.8,TRUE,greenshift/sample-workload:latest,500m,1Gi,20.67
GS-JOB-000279,ANALYTICS,ml-platform,MEDIUM,AU-SA-Large,2026-04-15T16:30:00+00:00,2026-04-15T16:30:00+00:00,2026-04-15T17:00:00+00:00,0.5,3.6,FALSE,greenshift/sample-workload:latest,500m,1Gi,2.6
GS-JOB-000280,BACKUP,operations,MEDIUM,AU-SA-Small,2026-04-15T18:45:00+00:00,2026-04-15T18:45:00+00:00,2026-04-16T10:24:00+00:00,0.92,4.3,TRUE,greenshift/sample-workload:latest,500m,1Gi,4.9
GS-JOB-000281,REPORT_GENERATION,finance,HIGH,IN-TG,2026-04-15T18:45:00+00:00,2026-04-15T18:45:00+00:00,2026-04-16T01:03:00+00:00,0.8,5.5,TRUE,greenshift/sample-workload:latest,500m,1Gi,5.3
GS-JOB-000282,DATA_PROCESSING,operations,HIGH,IN-GJ,2026-04-15T23:45:00+00:00,2026-04-15T23:45:00+00:00,2026-04-16T00:38:00+00:00,0.38,3.8,TRUE,greenshift/sample-workload:latest,500m,1Gi,1.43
GS-JOB-000283,ANALYTICS,ml-platform,MEDIUM,IN-WB,2026-04-16T04:30:00+00:00,2026-04-16T04:30:00+00:00,2026-04-16T04:58:48+00:00,0.48,4.7,FALSE,greenshift/sample-workload:latest,500m,1Gi,3.65
GS-JOB-000284,DATA_PROCESSING,operations,MEDIUM,IN-PB,2026-04-16T07:30:00+00:00,2026-04-16T07:30:00+00:00,2026-04-16T16:09:00+00:00,0.42,2.9,TRUE,greenshift/sample-workload:latest,250m,512Mi,1.47
GS-JOB-000285,DATA_PROCESSING,operations,HIGH,US-CA,2026-04-16T08:00:00+00:00,2026-04-16T08:00:00+00:00,2026-04-16T08:18:00+00:00,0.3,3.9,FALSE,greenshift/sample-workload:latest,500m,1Gi,1.83
GS-JOB-000286,ETL,data-engineering,MEDIUM,US-NY,2026-04-16T08:00:00+00:00,2026-04-16T08:00:00+00:00,2026-04-17T06:53:00+00:00,2.18,10.0,TRUE,greenshift/sample-workload:latest,1000m,2Gi,28.37
GS-JOB-000287,BACKUP,data-engineering,LOW,US-TX,2026-04-16T08:00:00+00:00,2026-04-16T08:00:00+00:00,2026-04-16T16:34:00+00:00,0.68,5.8,TRUE,greenshift/sample-workload:latest,500m,1Gi,4.27
GS-JOB-000288,ANALYTICS,ml-platform,HIGH,SE,2026-04-16T08:30:00+00:00,2026-04-16T08:30:00+00:00,2026-04-16T09:16:12+00:00,0.77,3.8,FALSE,greenshift/sample-workload:latest,500m,1Gi,3.61
GS-JOB-000289,ML_TRAINING,finance,LOW,AU-SA-Large,2026-04-16T09:30:00+00:00,2026-04-16T09:30:00+00:00,2026-04-17T01:53:00+00:00,6.9,13.8,TRUE,greenshift/sample-workload:latest,2000m,4Gi,82.92
GS-JOB-000290,BACKUP,operations,HIGH,AU-SA-Small,2026-04-16T10:30:00+00:00,2026-04-16T10:30:00+00:00,2026-04-16T11:21:00+00:00,0.85,4.3,FALSE,greenshift/sample-workload:latest,500m,1Gi,4.85
GS-JOB-000291,REPORT_GENERATION,finance,LOW,IN-TG,2026-04-16T11:00:00+00:00,2026-04-16T11:00:00+00:00,2026-04-17T03:28:00+00:00,2.48,3.8,TRUE,greenshift/sample-workload:latest,500m,1Gi,10.38
GS-JOB-000292,DATA_PROCESSING,operations,MEDIUM,IN-GJ,2026-04-16T12:30:00+00:00,2026-04-16T12:30:00+00:00,2026-04-16T15:15:00+00:00,1.4,1.9,TRUE,greenshift/sample-workload:latest,250m,512Mi,3.39
GS-JOB-000293,DATA_PROCESSING,operations,MEDIUM,IN-WB,2026-04-16T13:45:00+00:00,2026-04-16T13:45:00+00:00,2026-04-16T15:13:00+00:00,0.97,3.9,TRUE,greenshift/sample-workload:latest,500m,1Gi,4.91
GS-JOB-000294,ETL,operations,MEDIUM,IN-PB,2026-04-16T16:30:00+00:00,2026-04-16T16:30:00+00:00,2026-04-17T03:41:00+00:00,1.83,8.5,TRUE,greenshift/sample-workload:latest,1000m,2Gi,14.29
GS-JOB-000295,ML_TRAINING,ml-platform,MEDIUM,US-CA,2026-04-16T17:30:00+00:00,2026-04-16T17:30:00+00:00,2026-04-17T09:51:00+00:00,6.55,27.7,TRUE,greenshift/sample-workload:latest,2000m,4Gi,223.22
GS-JOB-000296,ANALYTICS,ml-platform,MEDIUM,US-NY,2026-04-16T17:30:00+00:00,2026-04-16T17:30:00+00:00,2026-04-16T18:13:48+00:00,0.73,2.1,FALSE,greenshift/sample-workload:latest,250m,512Mi,1.92
GS-JOB-000297,ETL,data-engineering,MEDIUM,US-TX,2026-04-16T21:45:00+00:00,2026-04-16T21:45:00+00:00,2026-04-17T03:33:00+00:00,0.87,3.5,TRUE,greenshift/sample-workload:latest,500m,1Gi,4.07
GS-JOB-000298,IMAGE_PROCESSING,analytics,MEDIUM,SE,2026-04-17T02:00:00+00:00,2026-04-17T02:00:00+00:00,2026-04-17T10:16:00+00:00,4.6,19.1,TRUE,greenshift/sample-workload:latest,2000m,4Gi,72.45
GS-JOB-000299,ML_TRAINING,finance,MEDIUM,AU-SA-Large,2026-04-17T04:45:00+00:00,2026-04-17T04:45:00+00:00,2026-04-17T09:40:00+00:00,4.42,38.9,TRUE,greenshift/sample-workload:latest,2000m,4Gi,216.01
GS-JOB-000300,REPORT_GENERATION,finance,HIGH,AU-SA-Small,2026-04-17T06:30:00+00:00,2026-04-17T06:30:00+00:00,2026-04-17T12:14:00+00:00,1.2,1.9,TRUE,greenshift/sample-workload:latest,250m,256Mi,2.1
GS-JOB-000301,ETL,data-engineering,MEDIUM,IN-TG,2026-04-17T07:15:00+00:00,2026-04-17T07:15:00+00:00,2026-04-17T18:39:00+00:00,1.08,4.6,TRUE,greenshift/sample-workload:latest,500m,1Gi,5.23
GS-JOB-000302,ETL,data-engineering,MEDIUM,IN-GJ,2026-04-17T07:30:00+00:00,2026-04-17T07:30:00+00:00,2026-04-17T18:41:00+00:00,2.43,9.7,TRUE,greenshift/sample-workload:latest,1000m,2Gi,28.46
GS-JOB-000303,ETL,data-engineering,HIGH,IN-WB,2026-04-17T07:45:00+00:00,2026-04-17T07:45:00+00:00,2026-04-17T10:17:00+00:00,0.87,8.5,TRUE,greenshift/sample-workload:latest,1000m,2Gi,8.14
GS-JOB-000304,ANALYTICS,ml-platform,MEDIUM,IN-PB,2026-04-17T08:30:00+00:00,2026-04-17T08:30:00+00:00,2026-04-17T09:18:00+00:00,0.8,4.1,FALSE,greenshift/sample-workload:latest,500m,1Gi,5.17
GS-JOB-000305,BACKUP,operations,MEDIUM,US-CA,2026-04-17T08:45:00+00:00,2026-04-17T08:45:00+00:00,2026-04-17T22:43:00+00:00,1.07,2.2,TRUE,greenshift/sample-workload:latest,250m,512Mi,1.9
GS-JOB-000306,ANALYTICS,ml-platform,MEDIUM,US-NY,2026-04-17T10:15:00+00:00,2026-04-17T10:15:00+00:00,2026-04-17T10:39:00+00:00,0.4,3.3,FALSE,greenshift/sample-workload:latest,500m,1Gi,2.08
GS-JOB-000307,REPORT_GENERATION,analytics,HIGH,US-TX,2026-04-17T12:15:00+00:00,2026-04-17T12:15:00+00:00,2026-04-17T20:09:00+00:00,2.82,5.0,TRUE,greenshift/sample-workload:latest,500m,1Gi,11.03
GS-JOB-000308,IMAGE_PROCESSING,analytics,MEDIUM,SE,2026-04-17T15:30:00+00:00,2026-04-17T15:30:00+00:00,2026-04-18T08:34:00+00:00,4.3,11.6,TRUE,greenshift/sample-workload:latest,1000m,2Gi,58.25
GS-JOB-000309,ANALYTICS,ml-platform,MEDIUM,AU-SA-Large,2026-04-17T17:00:00+00:00,2026-04-17T17:00:00+00:00,2026-04-17T18:04:48+00:00,1.08,1.9,FALSE,greenshift/sample-workload:latest,250m,512Mi,2.53
GS-JOB-000310,REPORT_GENERATION,finance,HIGH,AU-SA-Small,2026-04-17T17:15:00+00:00,2026-04-17T17:15:00+00:00,2026-04-17T19:40:12+00:00,2.42,4.3,FALSE,greenshift/sample-workload:latest,500m,1Gi,16.03
GS-JOB-000311,BACKUP,analytics,HIGH,IN-TG,2026-04-17T18:00:00+00:00,2026-04-17T18:00:00+00:00,2026-04-17T22:59:00+00:00,2.97,6.6,TRUE,greenshift/sample-workload:latest,1000m,2Gi,23.34
GS-JOB-000312,ETL,finance,HIGH,IN-GJ,2026-04-17T19:15:00+00:00,2026-04-17T19:15:00+00:00,2026-04-17T20:54:00+00:00,0.73,6.3,TRUE,greenshift/sample-workload:latest,1000m,2Gi,5.08
GS-JOB-000313,REPORT_GENERATION,finance,MEDIUM,IN-WB,2026-04-18T02:45:00+00:00,2026-04-18T02:45:00+00:00,2026-04-18T16:52:00+00:00,1.97,3.1,TRUE,greenshift/sample-workload:latest,500m,1Gi,5.31
GS-JOB-000314,ETL,data-engineering,MEDIUM,IN-PB,2026-04-18T04:00:00+00:00,2026-04-18T04:00:00+00:00,2026-04-18T12:07:00+00:00,2.98,5.8,TRUE,greenshift/sample-workload:latest,500m,1Gi,19.66
GS-JOB-000315,ETL,data-engineering,MEDIUM,US-CA,2026-04-18T06:15:00+00:00,2026-04-18T06:15:00+00:00,2026-04-18T09:55:12+00:00,3.67,6.1,FALSE,greenshift/sample-workload:latest,1000m,2Gi,31.81
GS-JOB-000316,DATA_PROCESSING,ml-platform,MEDIUM,US-NY,2026-04-18T06:15:00+00:00,2026-04-18T06:15:00+00:00,2026-04-18T12:13:00+00:00,0.83,3.3,TRUE,greenshift/sample-workload:latest,500m,1Gi,3.28
GS-JOB-000317,ETL,data-engineering,MEDIUM,US-TX,2026-04-18T06:45:00+00:00,2026-04-18T06:45:00+00:00,2026-04-19T01:57:00+00:00,2.02,5.1,TRUE,greenshift/sample-workload:latest,500m,1Gi,11.57
GS-JOB-000318,REPORT_GENERATION,finance,LOW,SE,2026-04-18T06:45:00+00:00,2026-04-18T06:45:00+00:00,2026-04-20T03:44:00+00:00,0.98,5.8,TRUE,greenshift/sample-workload:latest,500m,1Gi,5.44
GS-JOB-000319,BACKUP,operations,LOW,AU-SA-Large,2026-04-18T08:30:00+00:00,2026-04-18T08:30:00+00:00,2026-04-18T22:44:00+00:00,1.93,6.8,TRUE,greenshift/sample-workload:latest,1000m,2Gi,16.41
GS-JOB-000320,ETL,finance,HIGH,AU-SA-Small,2026-04-18T09:15:00+00:00,2026-04-18T09:15:00+00:00,2026-04-18T15:18:00+00:00,3.73,6.8,TRUE,greenshift/sample-workload:latest,1000m,2Gi,22.09
GS-JOB-000321,ETL,data-engineering,HIGH,IN-TG,2026-04-18T10:00:00+00:00,2026-04-18T10:00:00+00:00,2026-04-18T13:20:00+00:00,2.73,2.1,TRUE,greenshift/sample-workload:latest,250m,512Mi,6.94
GS-JOB-000322,ETL,data-engineering,MEDIUM,IN-GJ,2026-04-18T12:30:00+00:00,2026-04-18T12:30:00+00:00,2026-04-18T14:12:00+00:00,0.75,5.0,TRUE,greenshift/sample-workload:latest,500m,1Gi,4.89
GS-JOB-000323,DATA_PROCESSING,ml-platform,MEDIUM,IN-WB,2026-04-18T12:45:00+00:00,2026-04-18T12:45:00+00:00,2026-04-19T19:03:00+00:00,1.17,3.0,TRUE,greenshift/sample-workload:latest,500m,1Gi,4.49
GS-JOB-000324,BACKUP,operations,HIGH,IN-PB,2026-04-18T13:15:00+00:00,2026-04-18T13:15:00+00:00,2026-04-18T14:22:12+00:00,1.12,5.9,FALSE,greenshift/sample-workload:latest,500m,1Gi,10.47
GS-JOB-000325,DATA_PROCESSING,data-engineering,MEDIUM,US-CA,2026-04-18T13:30:00+00:00,2026-04-18T13:30:00+00:00,2026-04-18T15:24:00+00:00,1.4,2.7,TRUE,greenshift/sample-workload:latest,250m,512Mi,5.0
GS-JOB-000326,BACKUP,data-engineering,LOW,US-NY,2026-04-18T16:45:00+00:00,2026-04-18T16:45:00+00:00,2026-04-18T18:51:00+00:00,2.1,5.4,FALSE,greenshift/sample-workload:latest,500m,1Gi,16.6
GS-JOB-000327,DATA_PROCESSING,operations,MEDIUM,US-TX,2026-04-18T18:15:00+00:00,2026-04-18T18:15:00+00:00,2026-04-19T10:22:00+00:00,0.32,1.6,TRUE,greenshift/sample-workload:latest,250m,512Mi,0.47
GS-JOB-000328,DATA_PROCESSING,finance,HIGH,SE,2026-04-18T18:30:00+00:00,2026-04-18T18:30:00+00:00,2026-04-18T19:49:48+00:00,1.33,2.0,FALSE,greenshift/sample-workload:latest,250m,512Mi,3.79
GS-JOB-000329,BACKUP,operations,HIGH,AU-SA-Large,2026-04-19T00:15:00+00:00,2026-04-19T00:15:00+00:00,2026-04-19T00:55:12+00:00,0.67,7.7,FALSE,greenshift/sample-workload:latest,1000m,2Gi,7.43
GS-JOB-000330,ETL,data-engineering,MEDIUM,AU-SA-Small,2026-04-19T07:15:00+00:00,2026-04-19T07:15:00+00:00,2026-04-19T11:04:12+00:00,3.82,5.0,FALSE,greenshift/sample-workload:latest,500m,1Gi,23.82
GS-JOB-000331,DATA_PROCESSING,operations,MEDIUM,IN-TG,2026-04-19T07:15:00+00:00,2026-04-19T07:15:00+00:00,2026-04-19T15:51:00+00:00,0.8,1.8,TRUE,greenshift/sample-workload:latest,250m,512Mi,1.91
GS-JOB-000332,ETL,data-engineering,HIGH,IN-GJ,2026-04-19T07:30:00+00:00,2026-04-19T07:30:00+00:00,2026-04-19T09:12:00+00:00,1.2,9.4,TRUE,greenshift/sample-workload:latest,1000m,2Gi,12.44
GS-JOB-000333,ETL,finance,HIGH,IN-WB,2026-04-19T08:15:00+00:00,2026-04-19T08:15:00+00:00,2026-04-19T10:01:00+00:00,1.27,7.4,TRUE,greenshift/sample-workload:latest,1000m,2Gi,10.41
GS-JOB-000334,REPORT_GENERATION,finance,HIGH,IN-PB,2026-04-19T08:15:00+00:00,2026-04-19T08:15:00+00:00,2026-04-19T09:34:12+00:00,1.32,5.3,FALSE,greenshift/sample-workload:latest,500m,1Gi,8.48
GS-JOB-000335,ETL,data-engineering,HIGH,US-CA,2026-04-19T08:45:00+00:00,2026-04-19T08:45:00+00:00,2026-04-20T00:22:00+00:00,3.62,7.8,TRUE,greenshift/sample-workload:latest,1000m,2Gi,22.67
GS-JOB-000336,DATA_PROCESSING,operations,MEDIUM,US-NY,2026-04-19T08:45:00+00:00,2026-04-19T08:45:00+00:00,2026-04-20T17:41:00+00:00,0.93,3.4,TRUE,greenshift/sample-workload:latest,500m,1Gi,3.89
GS-JOB-000337,REPORT_GENERATION,operations,MEDIUM,US-TX,2026-04-19T09:15:00+00:00,2026-04-19T09:15:00+00:00,2026-04-19T11:21:00+00:00,2.1,5.2,FALSE,greenshift/sample-workload:latest,500m,1Gi,13.14
GS-JOB-000338,DATA_PROCESSING,ml-platform,MEDIUM,SE,2026-04-19T10:00:00+00:00,2026-04-19T10:00:00+00:00,2026-04-20T06:37:00+00:00,1.28,3.3,TRUE,greenshift/sample-workload:latest,500m,1Gi,5.32
GS-JOB-000339,ETL,data-engineering,MEDIUM,AU-SA-Large,2026-04-19T10:15:00+00:00,2026-04-19T10:15:00+00:00,2026-04-21T05:23:00+00:00,3.13,6.6,TRUE,greenshift/sample-workload:latest,1000m,2Gi,27.78
GS-JOB-000340,REPORT_GENERATION,finance,MEDIUM,AU-SA-Small,2026-04-19T11:00:00+00:00,2026-04-19T11:00:00+00:00,2026-04-19T17:39:00+00:00,1.62,1.9,TRUE,greenshift/sample-workload:latest,250m,256Mi,3.68
GS-JOB-000341,ETL,data-engineering,LOW,IN-TG,2026-04-19T11:15:00+00:00,2026-04-19T11:15:00+00:00,2026-04-20T01:13:00+00:00,1.53,7.0,TRUE,greenshift/sample-workload:latest,1000m,2Gi,10.69
GS-JOB-000342,ETL,finance,HIGH,IN-GJ,2026-04-19T13:30:00+00:00,2026-04-19T13:30:00+00:00,2026-04-19T14:37:48+00:00,1.13,3.1,FALSE,greenshift/sample-workload:latest,500m,1Gi,5.34
GS-JOB-000343,DATA_PROCESSING,operations,MEDIUM,IN-WB,2026-04-19T13:30:00+00:00,2026-04-19T13:30:00+00:00,2026-04-19T14:52:00+00:00,0.45,2.7,TRUE,greenshift/sample-workload:latest,250m,512Mi,1.57
GS-JOB-000344,ETL,data-engineering,HIGH,IN-PB,2026-04-19T14:15:00+00:00,2026-04-19T14:15:00+00:00,2026-04-19T21:09:00+00:00,3.52,7.0,TRUE,greenshift/sample-workload:latest,1000m,2Gi,21.67
GS-JOB-000345,BACKUP,operations,MEDIUM,US-CA,2026-04-19T15:15:00+00:00,2026-04-19T15:15:00+00:00,2026-04-19T21:57:00+00:00,1.13,3.5,TRUE,greenshift/sample-workload:latest,500m,1Gi,3.67
GS-JOB-000346,DATA_PROCESSING,analytics,HIGH,US-NY,2026-04-19T15:30:00+00:00,2026-04-19T15:30:00+00:00,2026-04-19T16:10:12+00:00,0.67,2.5,FALSE,greenshift/sample-workload:latest,250m,512Mi,2.43
GS-JOB-000347,BACKUP,operations,MEDIUM,US-TX,2026-04-19T15:45:00+00:00,2026-04-19T15:45:00+00:00,2026-04-19T23:56:00+00:00,0.85,4.3,TRUE,greenshift/sample-workload:latest,500m,1Gi,4.91
GS-JOB-000348,DATA_PROCESSING,analytics,MEDIUM,SE,2026-04-19T16:30:00+00:00,2026-04-19T16:30:00+00:00,2026-04-20T18:56:00+00:00,0.38,2.1,TRUE,greenshift/sample-workload:latest,250m,512Mi,0.63
GS-JOB-000349,ETL,data-engineering,MEDIUM,AU-SA-Large,2026-04-19T19:15:00+00:00,2026-04-19T19:15:00+00:00,2026-04-21T01:56:00+00:00,1.35,5.8,TRUE,greenshift/sample-workload:latest,500m,1Gi,7.63
GS-JOB-000350,ETL,data-engineering,MEDIUM,AU-SA-Small,2026-04-19T21:30:00+00:00,2026-04-19T21:30:00+00:00,2026-04-20T15:43:00+00:00,2.33,3.5,TRUE,greenshift/sample-workload:latest,500m,1Gi,8.87
GS-JOB-000351,ETL,data-engineering,MEDIUM,IN-TG,2026-04-19T21:30:00+00:00,2026-04-19T21:30:00+00:00,2026-04-20T05:35:00+00:00,3.82,6.8,TRUE,greenshift/sample-workload:latest,1000m,2Gi,33.34
GS-JOB-000352,BACKUP,finance,HIGH,IN-GJ,2026-04-19T21:30:00+00:00,2026-04-19T21:30:00+00:00,2026-04-19T22:47:00+00:00,0.73,3.4,TRUE,greenshift/sample-workload:latest,500m,1Gi,3.34
GS-JOB-000353,ML_TRAINING,ml-platform,CRITICAL,IN-WB,2026-04-20T01:15:00+00:00,2026-04-20T01:15:00+00:00,2026-04-20T08:10:12+00:00,6.92,23.7,FALSE,greenshift/sample-workload:latest,2000m,4Gi,231.12
GS-JOB-000354,ETL,data-engineering,MEDIUM,IN-PB,2026-04-20T04:30:00+00:00,2026-04-20T04:30:00+00:00,2026-04-20T07:09:00+00:00,1.05,7.3,TRUE,greenshift/sample-workload:latest,1000m,2Gi,8.99
GS-JOB-000355,BACKUP,operations,MEDIUM,US-CA,2026-04-20T07:15:00+00:00,2026-04-20T07:15:00+00:00,2026-04-20T13:41:00+00:00,2.57,2.5,TRUE,greenshift/sample-workload:latest,250m,512Mi,5.62
GS-JOB-000356,ETL,data-engineering,MEDIUM,US-NY,2026-04-20T07:15:00+00:00,2026-04-20T07:15:00+00:00,2026-04-20T19:32:00+00:00,1.83,5.0,TRUE,greenshift/sample-workload:latest,500m,1Gi,11.81
GS-JOB-000357,IMAGE_PROCESSING,analytics,HIGH,US-TX,2026-04-20T07:30:00+00:00,2026-04-20T07:30:00+00:00,2026-04-20T16:38:00+00:00,2.23,10.2,TRUE,greenshift/sample-workload:latest,1000m,2Gi,18.84
GS-JOB-000358,BACKUP,operations,LOW,SE,2026-04-20T07:45:00+00:00,2026-04-20T07:45:00+00:00,2026-04-22T06:05:00+00:00,2.87,4.4,TRUE,greenshift/sample-workload:latest,500m,1Gi,14.67
GS-JOB-000359,ANALYTICS,ml-platform,HIGH,AU-SA-Large,2026-04-20T08:30:00+00:00,2026-04-20T08:30:00+00:00,2026-04-20T09:22:48+00:00,0.88,4.4,FALSE,greenshift/sample-workload:latest,500m,1Gi,4.73
GS-JOB-000360,DATA_PROCESSING,operations,MEDIUM,AU-SA-Small,2026-04-20T09:15:00+00:00,2026-04-20T09:15:00+00:00,2026-04-20T22:18:00+00:00,0.97,3.5,TRUE,greenshift/sample-workload:latest,500m,1Gi,4.26
GS-JOB-000361,ANALYTICS,data-engineering,LOW,IN-TG,2026-04-20T11:30:00+00:00,2026-04-20T11:30:00+00:00,2026-04-20T12:10:12+00:00,0.67,4.9,FALSE,greenshift/sample-workload:latest,500m,1Gi,4.99
GS-JOB-000362,REPORT_GENERATION,finance,HIGH,IN-GJ,2026-04-20T11:45:00+00:00,2026-04-20T11:45:00+00:00,2026-04-20T13:27:00+00:00,0.6,2.3,TRUE,greenshift/sample-workload:latest,250m,256Mi,1.37
GS-JOB-000363,IMAGE_PROCESSING,ml-platform,HIGH,IN-WB,2026-04-20T12:15:00+00:00,2026-04-20T12:15:00+00:00,2026-04-20T22:49:00+00:00,4.55,15.1,TRUE,greenshift/sample-workload:latest,2000m,4Gi,67.51
GS-JOB-000364,BACKUP,data-engineering,MEDIUM,IN-PB,2026-04-20T13:15:00+00:00,2026-04-20T13:15:00+00:00,2026-04-20T16:18:00+00:00,1.98,4.2,TRUE,greenshift/sample-workload:latest,500m,1Gi,9.32
GS-JOB-000365,BACKUP,operations,LOW,US-CA,2026-04-20T15:45:00+00:00,2026-04-20T15:45:00+00:00,2026-04-21T15:53:00+00:00,1.32,3.7,TRUE,greenshift/sample-workload:latest,500m,1Gi,6.38
GS-JOB-000366,ANALYTICS,ml-platform,MEDIUM,US-NY,2026-04-20T16:15:00+00:00,2026-04-20T16:15:00+00:00,2026-04-20T16:34:12+00:00,0.32,4.1,FALSE,greenshift/sample-workload:latest,500m,1Gi,1.57
GS-JOB-000367,ETL,data-engineering,MEDIUM,US-TX,2026-04-20T16:30:00+00:00,2026-04-20T16:30:00+00:00,2026-04-20T19:09:00+00:00,1.17,2.7,TRUE,greenshift/sample-workload:latest,250m,512Mi,3.96
GS-JOB-000368,ETL,data-engineering,LOW,SE,2026-04-20T17:00:00+00:00,2026-04-20T17:00:00+00:00,2026-04-20T20:02:00+00:00,1.25,5.2,TRUE,greenshift/sample-workload:latest,500m,1Gi,7.61
GS-JOB-000369,DATA_PROCESSING,operations,HIGH,AU-SA-Large,2026-04-20T17:15:00+00:00,2026-04-20T17:15:00+00:00,2026-04-20T18:34:12+00:00,1.32,3.0,FALSE,greenshift/sample-workload:latest,500m,1Gi,6.35
GS-JOB-000370,BACKUP,operations,HIGH,AU-SA-Small,2026-04-20T18:00:00+00:00,2026-04-20T18:00:00+00:00,2026-04-20T19:39:00+00:00,1.65,3.7,FALSE,greenshift/sample-workload:latest,500m,1Gi,9.16
GS-JOB-000371,DATA_PROCESSING,operations,MEDIUM,IN-TG,2026-04-20T20:00:00+00:00,2026-04-20T20:00:00+00:00,2026-04-20T23:48:00+00:00,0.55,1.8,TRUE,greenshift/sample-workload:latest,250m,512Mi,1.29
GS-JOB-000372,ETL,ml-platform,MEDIUM,IN-GJ,2026-04-21T00:00:00+00:00,2026-04-21T00:00:00+00:00,2026-04-21T15:00:00+00:00,1.62,7.6,TRUE,greenshift/sample-workload:latest,1000m,2Gi,16.08
GS-JOB-000373,BACKUP,operations,HIGH,IN-WB,2026-04-21T07:00:00+00:00,2026-04-21T07:00:00+00:00,2026-04-21T09:10:12+00:00,2.17,4.7,FALSE,greenshift/sample-workload:latest,500m,1Gi,13.61
GS-JOB-000374,IMAGE_PROCESSING,data-engineering,HIGH,IN-PB,2026-04-21T07:15:00+00:00,2026-04-21T07:15:00+00:00,2026-04-21T17:00:00+00:00,5.35,15.4,TRUE,greenshift/sample-workload:latest,2000m,4Gi,96.32
GS-JOB-000375,BACKUP,operations,MEDIUM,US-CA,2026-04-21T08:45:00+00:00,2026-04-21T08:45:00+00:00,2026-04-21T13:16:00+00:00,0.92,4.4,TRUE,greenshift/sample-workload:latest,500m,1Gi,5.33
GS-JOB-000376,REPORT_GENERATION,operations,LOW,US-NY,2026-04-21T09:00:00+00:00,2026-04-21T09:00:00+00:00,2026-04-21T16:30:00+00:00,1.55,2.8,TRUE,greenshift/sample-workload:latest,250m,256Mi,4.67
GS-JOB-000377,ETL,data-engineering,MEDIUM,US-TX,2026-04-21T09:45:00+00:00,2026-04-21T09:45:00+00:00,2026-04-21T16:46:00+00:00,3.98,7.0,TRUE,greenshift/sample-workload:latest,1000m,2Gi,35.25
GS-JOB-000378,ANALYTICS,ml-platform,MEDIUM,SE,2026-04-21T12:15:00+00:00,2026-04-21T12:15:00+00:00,2026-04-21T12:49:12+00:00,0.57,4.2,FALSE,greenshift/sample-workload:latest,500m,1Gi,3.74
GS-JOB-000379,ANALYTICS,ml-platform,MEDIUM,AU-SA-Large,2026-04-21T12:30:00+00:00,2026-04-21T12:30:00+00:00,2026-04-21T13:18:00+00:00,0.8,4.6,FALSE,greenshift/sample-workload:latest,500m,1Gi,6.07
GS-JOB-000380,ETL,finance,MEDIUM,AU-SA-Small,2026-04-21T13:00:00+00:00,2026-04-21T13:00:00+00:00,2026-04-22T00:41:00+00:00,3.85,9.9,TRUE,greenshift/sample-workload:latest,1000m,2Gi,44.69
GS-JOB-000381,ANALYTICS,finance,MEDIUM,IN-TG,2026-04-21T15:30:00+00:00,2026-04-21T15:30:00+00:00,2026-04-21T16:40:48+00:00,1.18,2.5,FALSE,greenshift/sample-workload:latest,250m,512Mi,3.72
GS-JOB-000382,REPORT_GENERATION,ml-platform,MEDIUM,IN-GJ,2026-04-21T16:45:00+00:00,2026-04-21T16:45:00+00:00,2026-04-21T19:40:00+00:00,1.63,1.7,TRUE,greenshift/sample-workload:latest,250m,256Mi,3.74
GS-JOB-000383,ANALYTICS,finance,LOW,IN-WB,2026-04-21T17:45:00+00:00,2026-04-21T17:45:00+00:00,2026-04-21T18:30:00+00:00,0.75,3.4,FALSE,greenshift/sample-workload:latest,500m,1Gi,3.86
GS-JOB-000384,DATA_PROCESSING,ml-platform,LOW,IN-PB,2026-04-21T18:00:00+00:00,2026-04-21T18:00:00+00:00,2026-04-22T09:26:00+00:00,0.6,3.5,TRUE,greenshift/sample-workload:latest,500m,1Gi,2.45
GS-JOB-000385,IMAGE_PROCESSING,analytics,MEDIUM,US-CA,2026-04-21T18:15:00+00:00,2026-04-21T18:15:00+00:00,2026-04-22T03:40:00+00:00,3.62,9.8,TRUE,greenshift/sample-workload:latest,1000m,2Gi,33.25
GS-JOB-000386,ANALYTICS,ml-platform,HIGH,US-NY,2026-04-21T19:30:00+00:00,2026-04-21T19:30:00+00:00,2026-04-21T20:12:00+00:00,0.7,2.4,FALSE,greenshift/sample-workload:latest,250m,512Mi,2.12
GS-JOB-000387,ANALYTICS,ml-platform,MEDIUM,US-TX,2026-04-21T20:00:00+00:00,2026-04-21T20:00:00+00:00,2026-04-21T20:24:00+00:00,0.4,4.2,FALSE,greenshift/sample-workload:latest,500m,1Gi,2.29
GS-JOB-000388,BACKUP,operations,LOW,SE,2026-04-21T21:00:00+00:00,2026-04-21T21:00:00+00:00,2026-04-22T07:38:00+00:00,2.48,4.7,TRUE,greenshift/sample-workload:latest,500m,1Gi,12.95
GS-JOB-000389,ETL,data-engineering,MEDIUM,AU-SA-Large,2026-04-21T23:15:00+00:00,2026-04-21T23:15:00+00:00,2026-04-21T23:49:12+00:00,0.57,2.1,FALSE,greenshift/sample-workload:latest,250m,512Mi,1.45
GS-JOB-000390,IMAGE_PROCESSING,analytics,MEDIUM,AU-SA-Small,2026-04-22T01:45:00+00:00,2026-04-22T01:45:00+00:00,2026-04-22T12:15:00+00:00,3.42,7.1,TRUE,greenshift/sample-workload:latest,1000m,2Gi,30.12
GS-JOB-000391,BACKUP,operations,HIGH,IN-TG,2026-04-22T02:00:00+00:00,2026-04-22T02:00:00+00:00,2026-04-22T03:04:48+00:00,1.08,5.1,FALSE,greenshift/sample-workload:latest,500m,1Gi,7.46
GS-JOB-000392,REPORT_GENERATION,operations,MEDIUM,IN-GJ,2026-04-22T03:00:00+00:00,2026-04-22T03:00:00+00:00,2026-04-22T21:59:00+00:00,2.65,1.7,TRUE,greenshift/sample-workload:latest,250m,256Mi,6.02
GS-JOB-000393,ETL,data-engineering,HIGH,IN-WB,2026-04-22T04:15:00+00:00,2026-04-22T04:15:00+00:00,2026-04-22T18:21:00+00:00,2.1,6.4,TRUE,greenshift/sample-workload:latest,1000m,2Gi,12.68
GS-JOB-000394,ETL,data-engineering,HIGH,IN-PB,2026-04-22T09:30:00+00:00,2026-04-22T09:30:00+00:00,2026-04-22T11:02:00+00:00,0.52,3.2,TRUE,greenshift/sample-workload:latest,500m,1Gi,2.19
GS-JOB-000395,REPORT_GENERATION,finance,MEDIUM,US-CA,2026-04-22T11:15:00+00:00,2026-04-22T11:15:00+00:00,2026-04-23T03:45:00+00:00,1.22,4.3,TRUE,greenshift/sample-workload:latest,500m,1Gi,6.02
GS-JOB-000396,ETL,analytics,LOW,US-NY,2026-04-22T13:00:00+00:00,2026-04-22T13:00:00+00:00,2026-04-23T13:30:00+00:00,2.65,8.0,TRUE,greenshift/sample-workload:latest,1000m,2Gi,19.97
GS-JOB-000397,DATA_PROCESSING,operations,MEDIUM,US-TX,2026-04-22T14:00:00+00:00,2026-04-22T14:00:00+00:00,2026-04-22T14:55:12+00:00,0.92,2.4,FALSE,greenshift/sample-workload:latest,250m,512Mi,3.39
GS-JOB-000398,REPORT_GENERATION,finance,MEDIUM,SE,2026-04-22T15:15:00+00:00,2026-04-22T15:15:00+00:00,2026-04-23T02:02:00+00:00,2.07,3.3,TRUE,greenshift/sample-workload:latest,500m,1Gi,8.51
GS-JOB-000399,ETL,analytics,LOW,AU-SA-Large,2026-04-22T16:00:00+00:00,2026-04-22T16:00:00+00:00,2026-04-24T10:22:00+00:00,0.62,2.6,TRUE,greenshift/sample-workload:latest,250m,512Mi,1.81
GS-JOB-000400,ETL,finance,MEDIUM,AU-SA-Small,2026-04-22T16:45:00+00:00,2026-04-22T16:45:00+00:00,2026-04-22T20:04:00+00:00,2.82,4.4,TRUE,greenshift/sample-workload:latest,500m,1Gi,13.61
GS-JOB-000401,ETL,ml-platform,MEDIUM,IN-TG,2026-04-22T18:00:00+00:00,2026-04-22T18:00:00+00:00,2026-04-22T19:49:12+00:00,1.82,7.0,FALSE,greenshift/sample-workload:latest,1000m,2Gi,20.3
GS-JOB-000402,DATA_PROCESSING,operations,MEDIUM,IN-GJ,2026-04-22T18:15:00+00:00,2026-04-22T18:15:00+00:00,2026-04-23T22:01:00+00:00,1.42,3.6,TRUE,greenshift/sample-workload:latest,500m,1Gi,6.23
GS-JOB-000403,DATA_PROCESSING,finance,HIGH,IN-WB,2026-04-22T18:45:00+00:00,2026-04-22T18:45:00+00:00,2026-04-23T05:55:00+00:00,0.5,2.3,TRUE,greenshift/sample-workload:latest,250m,512Mi,1.13
GS-JOB-000404,REPORT_GENERATION,finance,HIGH,IN-PB,2026-04-22T20:00:00+00:00,2026-04-22T20:00:00+00:00,2026-04-23T00:16:00+00:00,1.38,3.1,TRUE,greenshift/sample-workload:latest,500m,1Gi,5.11
GS-JOB-000405,ANALYTICS,operations,MEDIUM,US-CA,2026-04-22T21:00:00+00:00,2026-04-22T21:00:00+00:00,2026-04-22T21:46:48+00:00,0.78,4.7,FALSE,greenshift/sample-workload:latest,500m,1Gi,6.05
GS-JOB-000406,IMAGE_PROCESSING,finance,CRITICAL,US-NY,2026-04-22T23:00:00+00:00,2026-04-22T23:00:00+00:00,2026-04-23T04:16:12+00:00,5.27,17.0,FALSE,greenshift/sample-workload:latest,2000m,4Gi,134.7
GS-JOB-000407,ANALYTICS,finance,MEDIUM,US-TX,2026-04-23T05:30:00+00:00,2026-04-23T05:30:00+00:00,2026-04-23T06:25:48+00:00,0.93,3.0,FALSE,greenshift/sample-workload:latest,500m,1Gi,4.37
GS-JOB-000408,ETL,data-engineering,LOW,SE,2026-04-23T08:30:00+00:00,2026-04-23T08:30:00+00:00,2026-04-23T12:01:48+00:00,3.53,3.1,FALSE,greenshift/sample-workload:latest,500m,1Gi,17.57
GS-JOB-000409,IMAGE_PROCESSING,analytics,LOW,AU-SA-Large,2026-04-23T08:45:00+00:00,2026-04-23T08:45:00+00:00,2026-04-23T13:48:00+00:00,3.25,9.4,TRUE,greenshift/sample-workload:latest,1000m,2Gi,27.2
GS-JOB-000410,BACKUP,ml-platform,HIGH,AU-SA-Small,2026-04-23T09:15:00+00:00,2026-04-23T09:15:00+00:00,2026-04-23T14:30:00+00:00,1.47,4.9,TRUE,greenshift/sample-workload:latest,500m,1Gi,7.78
GS-JOB-000411,DATA_PROCESSING,finance,LOW,IN-TG,2026-04-23T10:15:00+00:00,2026-04-23T10:15:00+00:00,2026-04-23T12:55:00+00:00,1.0,1.8,TRUE,greenshift/sample-workload:latest,250m,512Mi,2.41
GS-JOB-000412,REPORT_GENERATION,finance,MEDIUM,IN-GJ,2026-04-23T13:45:00+00:00,2026-04-23T13:45:00+00:00,2026-04-25T00:43:00+00:00,2.68,2.5,TRUE,greenshift/sample-workload:latest,250m,256Mi,7.91
GS-JOB-000413,DATA_PROCESSING,ml-platform,MEDIUM,IN-WB,2026-04-23T14:00:00+00:00,2026-04-23T14:00:00+00:00,2026-04-24T21:48:00+00:00,0.8,3.3,TRUE,greenshift/sample-workload:latest,500m,1Gi,3.53
GS-JOB-000414,BACKUP,finance,HIGH,IN-PB,2026-04-23T14:30:00+00:00,2026-04-23T14:30:00+00:00,2026-04-23T15:39:00+00:00,0.65,8.0,TRUE,greenshift/sample-workload:latest,1000m,2Gi,5.52
GS-JOB-000415,IMAGE_PROCESSING,analytics,MEDIUM,US-CA,2026-04-23T15:00:00+00:00,2026-04-23T15:00:00+00:00,2026-04-23T21:22:00+00:00,3.88,12.1,TRUE,greenshift/sample-workload:latest,2000m,4Gi,50.22
GS-JOB-000416,ANALYTICS,analytics,LOW,US-NY,2026-04-23T15:30:00+00:00,2026-04-23T15:30:00+00:00,2026-04-23T16:33:00+00:00,1.05,3.1,FALSE,greenshift/sample-workload:latest,500m,1Gi,4.58
GS-JOB-000417,IMAGE_PROCESSING,analytics,MEDIUM,US-TX,2026-04-23T17:45:00+00:00,2026-04-23T17:45:00+00:00,2026-04-24T09:58:00+00:00,5.13,6.3,TRUE,greenshift/sample-workload:latest,1000m,2Gi,36.97
GS-JOB-000418,ETL,ml-platform,HIGH,SE,2026-04-23T21:00:00+00:00,2026-04-23T21:00:00+00:00,2026-04-24T03:40:00+00:00,1.6,7.3,TRUE,greenshift/sample-workload:latest,1000m,2Gi,12.66
GS-JOB-000419,BACKUP,operations,MEDIUM,AU-SA-Large,2026-04-23T21:30:00+00:00,2026-04-23T21:30:00+00:00,2026-04-25T04:38:00+00:00,2.43,7.3,TRUE,greenshift/sample-workload:latest,1000m,2Gi,18.95
GS-JOB-000420,REPORT_GENERATION,finance,MEDIUM,AU-SA-Small,2026-04-23T22:00:00+00:00,2026-04-23T22:00:00+00:00,2026-04-24T10:05:00+00:00,1.38,5.8,TRUE,greenshift/sample-workload:latest,500m,1Gi,8.9
GS-JOB-000421,ANALYTICS,finance,MEDIUM,IN-TG,2026-04-23T22:45:00+00:00,2026-04-23T22:45:00+00:00,2026-04-23T23:13:48+00:00,0.48,3.4,FALSE,greenshift/sample-workload:latest,500m,1Gi,2.18
GS-JOB-000422,DATA_PROCESSING,operations,MEDIUM,IN-GJ,2026-04-24T01:00:00+00:00,2026-04-24T01:00:00+00:00,2026-04-24T06:04:00+00:00,0.5,3.2,TRUE,greenshift/sample-workload:latest,500m,1Gi,1.88
GS-JOB-000423,ML_TRAINING,finance,HIGH,IN-WB,2026-04-24T08:15:00+00:00,2026-04-24T08:15:00+00:00,2026-04-24T11:40:00+00:00,2.92,20.1,TRUE,greenshift/sample-workload:latest,2000m,4Gi,63.6
GS-JOB-000424,ETL,data-engineering,MEDIUM,IN-PB,2026-04-24T08:15:00+00:00,2026-04-24T08:15:00+00:00,2026-04-25T04:52:00+00:00,0.67,3.4,TRUE,greenshift/sample-workload:latest,500m,1Gi,1.97
GS-JOB-000425,DATA_PROCESSING,operations,MEDIUM,US-CA,2026-04-24T09:00:00+00:00,2026-04-24T09:00:00+00:00,2026-04-24T10:24:00+00:00,1.4,2.3,FALSE,greenshift/sample-workload:latest,250m,512Mi,4.6
GS-JOB-000426,REPORT_GENERATION,finance,CRITICAL,US-NY,2026-04-24T09:45:00+00:00,2026-04-24T09:45:00+00:00,2026-04-24T12:30:00+00:00,2.75,5.1,FALSE,greenshift/sample-workload:latest,500m,1Gi,19.91
GS-JOB-000427,ML_TRAINING,ml-platform,MEDIUM,US-TX,2026-04-24T10:45:00+00:00,2026-04-24T10:45:00+00:00,2026-04-24T13:45:00+00:00,3.0,16.6,FALSE,greenshift/sample-workload:latest,2000m,4Gi,67.22
GS-JOB-000428,DATA_PROCESSING,analytics,MEDIUM,SE,2026-04-24T11:45:00+00:00,2026-04-24T11:45:00+00:00,2026-04-24T17:22:00+00:00,0.97,2.1,TRUE,greenshift/sample-workload:latest,250m,512Mi,2.62
GS-JOB-000429,DATA_PROCESSING,operations,MEDIUM,AU-SA-Large,2026-04-24T12:00:00+00:00,2026-04-24T12:00:00+00:00,2026-04-24T19:15:00+00:00,0.48,2.8,TRUE,greenshift/sample-workload:latest,250m,512Mi,1.21
GS-JOB-000430,BACKUP,operations,MEDIUM,AU-SA-Small,2026-04-24T12:15:00+00:00,2026-04-24T12:15:00+00:00,2026-04-25T01:50:00+00:00,1.53,4.0,TRUE,greenshift/sample-workload:latest,500m,1Gi,6.87
GS-JOB-000431,BACKUP,operations,CRITICAL,IN-TG,2026-04-24T13:00:00+00:00,2026-04-24T13:00:00+00:00,2026-04-24T15:34:48+00:00,2.58,7.7,FALSE,greenshift/sample-workload:latest,1000m,2Gi,28.13
GS-JOB-000432,ETL,operations,MEDIUM,IN-GJ,2026-04-24T15:15:00+00:00,2026-04-24T15:15:00+00:00,2026-04-24T20:16:00+00:00,3.33,8.4,TRUE,greenshift/sample-workload:latest,1000m,2Gi,31.28
GS-JOB-000433,ETL,data-engineering,MEDIUM,IN-WB,2026-04-24T16:00:00+00:00,2026-04-24T16:00:00+00:00,2026-04-24T22:32:00+00:00,2.8,6.6,TRUE,greenshift/sample-workload:latest,1000m,2Gi,24.56
GS-JOB-000434,BACKUP,data-engineering,HIGH,IN-PB,2026-04-24T18:15:00+00:00,2026-04-24T18:15:00+00:00,2026-04-24T19:52:48+00:00,1.63,5.3,FALSE,greenshift/sample-workload:latest,500m,1Gi,10.56
GS-JOB-000435,DATA_PROCESSING,operations,MEDIUM,US-CA,2026-04-24T18:15:00+00:00,2026-04-24T18:15:00+00:00,2026-04-25T01:05:00+00:00,1.45,3.2,TRUE,greenshift/sample-workload:latest,500m,1Gi,5.86
GS-JOB-000436,ETL,analytics,MEDIUM,US-NY,2026-04-24T19:00:00+00:00,2026-04-24T19:00:00+00:00,2026-04-25T00:00:00+00:00,3.67,4.9,TRUE,greenshift/sample-workload:latest,500m,1Gi,19.13
GS-JOB-000437,ETL,finance,MEDIUM,US-TX,2026-04-24T19:15:00+00:00,2026-04-24T19:15:00+00:00,2026-04-24T23:57:00+00:00,1.3,6.7,TRUE,greenshift/sample-workload:latest,1000m,2Gi,11.55
GS-JOB-000438,BACKUP,data-engineering,LOW,SE,2026-04-25T07:30:00+00:00,2026-04-25T07:30:00+00:00,2026-04-25T12:06:00+00:00,2.63,6.8,TRUE,greenshift/sample-workload:latest,1000m,2Gi,19.78
GS-JOB-000439,DATA_PROCESSING,operations,MEDIUM,AU-SA-Large,2026-04-25T10:45:00+00:00,2026-04-25T10:45:00+00:00,2026-04-26T08:33:00+00:00,0.33,2.5,TRUE,greenshift/sample-workload:latest,250m,512Mi,0.89
GS-JOB-000440,REPORT_GENERATION,finance,MEDIUM,AU-SA-Small,2026-04-25T12:00:00+00:00,2026-04-25T12:00:00+00:00,2026-04-25T12:46:12+00:00,0.77,5.6,FALSE,greenshift/sample-workload:latest,500m,1Gi,6.37
GS-JOB-000441,DATA_PROCESSING,operations,HIGH,IN-TG,2026-04-25T12:15:00+00:00,2026-04-25T12:15:00+00:00,2026-04-25T12:49:12+00:00,0.57,2.8,FALSE,greenshift/sample-workload:latest,250m,512Mi,2.09
GS-JOB-000442,ETL,data-engineering,LOW,IN-GJ,2026-04-25T12:15:00+00:00,2026-04-25T12:15:00+00:00,2026-04-25T21:26:00+00:00,1.25,6.6,TRUE,greenshift/sample-workload:latest,1000m,2Gi,10.12
GS-JOB-000443,BACKUP,operations,HIGH,IN-WB,2026-04-25T13:30:00+00:00,2026-04-25T13:30:00+00:00,2026-04-25T15:51:00+00:00,1.65,7.2,TRUE,greenshift/sample-workload:latest,1000m,2Gi,10.25
GS-JOB-000444,REPORT_GENERATION,finance,MEDIUM,IN-PB,2026-04-25T14:15:00+00:00,2026-04-25T14:15:00+00:00,2026-04-25T16:13:12+00:00,1.97,4.1,FALSE,greenshift/sample-workload:latest,500m,1Gi,12.8
GS-JOB-000445,ANALYTICS,ml-platform,MEDIUM,US-CA,2026-04-25T16:15:00+00:00,2026-04-25T16:15:00+00:00,2026-04-25T16:42:00+00:00,0.45,4.3,FALSE,greenshift/sample-workload:latest,500m,1Gi,2.87
GS-JOB-000446,ETL,data-engineering,HIGH,US-NY,2026-04-25T18:00:00+00:00,2026-04-25T18:00:00+00:00,2026-04-25T21:44:00+00:00,0.82,7.1,TRUE,greenshift/sample-workload:latest,1000m,2Gi,7.46
GS-JOB-000447,REPORT_GENERATION,operations,HIGH,US-TX,2026-04-25T19:45:00+00:00,2026-04-25T19:45:00+00:00,2026-04-25T20:51:00+00:00,1.1,5.8,FALSE,greenshift/sample-workload:latest,500m,1Gi,10.11
GS-JOB-000448,REPORT_GENERATION,finance,HIGH,SE,2026-04-25T20:30:00+00:00,2026-04-25T20:30:00+00:00,2026-04-25T22:37:48+00:00,2.13,5.3,FALSE,greenshift/sample-workload:latest,500m,1Gi,14.84
GS-JOB-000449,BACKUP,analytics,HIGH,AU-SA-Large,2026-04-25T21:00:00+00:00,2026-04-25T21:00:00+00:00,2026-04-25T22:56:00+00:00,1.43,2.4,TRUE,greenshift/sample-workload:latest,250m,512Mi,3.19
GS-JOB-000450,ETL,data-engineering,HIGH,AU-SA-Small,2026-04-26T00:30:00+00:00,2026-04-26T00:30:00+00:00,2026-04-26T13:39:00+00:00,1.15,2.9,TRUE,greenshift/sample-workload:latest,250m,512Mi,4.48
GS-JOB-000451,BACKUP,operations,HIGH,IN-TG,2026-04-26T01:30:00+00:00,2026-04-26T01:30:00+00:00,2026-04-26T02:57:00+00:00,1.45,6.0,FALSE,greenshift/sample-workload:latest,1000m,2Gi,11.86
GS-JOB-000452,ANALYTICS,analytics,MEDIUM,IN-GJ,2026-04-26T03:15:00+00:00,2026-04-26T03:15:00+00:00,2026-04-26T03:57:00+00:00,0.7,4.4,FALSE,greenshift/sample-workload:latest,500m,1Gi,4.82
GS-JOB-000453,BACKUP,operations,HIGH,IN-WB,2026-04-26T03:45:00+00:00,2026-04-26T03:45:00+00:00,2026-04-26T05:07:12+00:00,1.37,6.9,FALSE,greenshift/sample-workload:latest,1000m,2Gi,12.69
GS-JOB-000454,DATA_PROCESSING,operations,LOW,IN-PB,2026-04-26T06:00:00+00:00,2026-04-26T06:00:00+00:00,2026-04-27T06:19:00+00:00,1.07,2.9,TRUE,greenshift/sample-workload:latest,250m,512Mi,2.95
GS-JOB-000455,ETL,data-engineering,MEDIUM,US-CA,2026-04-26T06:15:00+00:00,2026-04-26T06:15:00+00:00,2026-04-26T12:37:00+00:00,2.07,7.3,TRUE,greenshift/sample-workload:latest,1000m,2Gi,17.74
GS-JOB-000456,IMAGE_PROCESSING,data-engineering,MEDIUM,US-NY,2026-04-26T06:30:00+00:00,2026-04-26T06:30:00+00:00,2026-04-26T13:10:00+00:00,4.12,16.2,TRUE,greenshift/sample-workload:latest,2000m,4Gi,71.64
GS-JOB-000457,REPORT_GENERATION,ml-platform,HIGH,US-TX,2026-04-26T07:00:00+00:00,2026-04-26T07:00:00+00:00,2026-04-26T08:33:00+00:00,1.55,3.2,FALSE,greenshift/sample-workload:latest,500m,1Gi,6.02
GS-JOB-000458,ETL,finance,LOW,SE,2026-04-26T07:15:00+00:00,2026-04-26T07:15:00+00:00,2026-04-27T08:13:00+00:00,1.32,7.5,TRUE,greenshift/sample-workload:latest,1000m,2Gi,10.45
GS-JOB-000459,DATA_PROCESSING,operations,MEDIUM,AU-SA-Large,2026-04-26T08:15:00+00:00,2026-04-26T08:15:00+00:00,2026-04-26T08:37:12+00:00,0.37,2.6,FALSE,greenshift/sample-workload:latest,250m,512Mi,1.22
GS-JOB-000460,ETL,data-engineering,MEDIUM,AU-SA-Small,2026-04-26T11:00:00+00:00,2026-04-26T11:00:00+00:00,2026-04-26T23:17:00+00:00,1.78,9.6,TRUE,greenshift/sample-workload:latest,1000m,2Gi,16.56
GS-JOB-000461,ANALYTICS,ml-platform,HIGH,IN-TG,2026-04-26T11:00:00+00:00,2026-04-26T11:00:00+00:00,2026-04-26T11:22:48+00:00,0.38,3.5,FALSE,greenshift/sample-workload:latest,500m,1Gi,2.04
GS-JOB-000462,ML_TRAINING,ml-platform,MEDIUM,IN-GJ,2026-04-26T11:45:00+00:00,2026-04-26T11:45:00+00:00,2026-04-26T22:36:00+00:00,9.37,19.2,TRUE,greenshift/sample-workload:latest,2000m,4Gi,236.93
GS-JOB-000463,ETL,data-engineering,HIGH,IN-WB,2026-04-26T12:00:00+00:00,2026-04-26T12:00:00+00:00,2026-04-26T15:57:00+00:00,3.17,3.4,TRUE,greenshift/sample-workload:latest,500m,1Gi,11.73
GS-JOB-000464,BACKUP,operations,LOW,IN-PB,2026-04-26T13:45:00+00:00,2026-04-26T13:45:00+00:00,2026-04-27T10:51:00+00:00,0.65,5.9,TRUE,greenshift/sample-workload:latest,500m,1Gi,4.83
GS-JOB-000465,ML_TRAINING,ml-platform,HIGH,US-CA,2026-04-26T14:00:00+00:00,2026-04-26T14:00:00+00:00,2026-04-27T00:56:00+00:00,7.68,27.1,TRUE,greenshift/sample-workload:latest,2000m,4Gi,250.21
GS-JOB-000466,DATA_PROCESSING,operations,LOW,US-NY,2026-04-26T14:15:00+00:00,2026-04-26T14:15:00+00:00,2026-04-28T02:17:00+00:00,0.8,3.7,TRUE,greenshift/sample-workload:latest,500m,1Gi,2.29
GS-JOB-000467,DATA_PROCESSING,operations,MEDIUM,US-TX,2026-04-26T15:00:00+00:00,2026-04-26T15:00:00+00:00,2026-04-27T05:27:00+00:00,1.3,3.8,TRUE,greenshift/sample-workload:latest,500m,1Gi,6.66
GS-JOB-000468,ETL,data-engineering,MEDIUM,SE,2026-04-26T15:30:00+00:00,2026-04-26T15:30:00+00:00,2026-04-26T17:30:00+00:00,1.27,7.9,TRUE,greenshift/sample-workload:latest,1000m,2Gi,10.91
GS-JOB-000469,ETL,data-engineering,HIGH,AU-SA-Large,2026-04-26T17:15:00+00:00,2026-04-26T17:15:00+00:00,2026-04-26T20:22:00+00:00,2.37,3.7,TRUE,greenshift/sample-workload:latest,500m,1Gi,8.72
GS-JOB-000470,ETL,data-engineering,LOW,AU-SA-Small,2026-04-26T17:30:00+00:00,2026-04-26T17:30:00+00:00,2026-04-27T05:57:00+00:00,3.43,2.7,TRUE,greenshift/sample-workload:latest,250m,512Mi,11.45
GS-JOB-000471,BACKUP,operations,MEDIUM,IN-TG,2026-04-26T17:30:00+00:00,2026-04-26T17:30:00+00:00,2026-04-27T17:37:00+00:00,1.88,7.0,TRUE,greenshift/sample-workload:latest,1000m,2Gi,14.02
GS-JOB-000472,DATA_PROCESSING,operations,LOW,IN-GJ,2026-04-26T18:00:00+00:00,2026-04-26T18:00:00+00:00,2026-04-26T19:30:00+00:00,1.5,3.2,FALSE,greenshift/sample-workload:latest,500m,1Gi,7.04
GS-JOB-000473,DATA_PROCESSING,operations,MEDIUM,IN-WB,2026-04-26T18:30:00+00:00,2026-04-26T18:30:00+00:00,2026-04-27T00:29:00+00:00,1.07,1.8,TRUE,greenshift/sample-workload:latest,250m,512Mi,2.41
GS-JOB-000474,BACKUP,operations,MEDIUM,IN-PB,2026-04-26T19:00:00+00:00,2026-04-26T19:00:00+00:00,2026-04-26T21:22:00+00:00,1.73,7.4,TRUE,greenshift/sample-workload:latest,1000m,2Gi,11.07
GS-JOB-000475,DATA_PROCESSING,finance,MEDIUM,US-CA,2026-04-26T20:30:00+00:00,2026-04-26T20:30:00+00:00,2026-04-26T22:19:00+00:00,0.35,3.6,TRUE,greenshift/sample-workload:latest,500m,1Gi,1.41
GS-JOB-000476,ML_TRAINING,data-engineering,MEDIUM,US-NY,2026-04-26T20:45:00+00:00,2026-04-26T20:45:00+00:00,2026-04-27T01:36:00+00:00,4.22,26.3,TRUE,greenshift/sample-workload:latest,2000m,4Gi,99.95
GS-JOB-000477,ETL,data-engineering,MEDIUM,US-TX,2026-04-26T21:00:00+00:00,2026-04-26T21:00:00+00:00,2026-04-27T02:33:00+00:00,2.92,9.6,TRUE,greenshift/sample-workload:latest,1000m,2Gi,34.09
GS-JOB-000478,REPORT_GENERATION,operations,MEDIUM,SE,2026-04-26T23:00:00+00:00,2026-04-26T23:00:00+00:00,2026-04-27T09:50:00+00:00,1.53,5.8,TRUE,greenshift/sample-workload:latest,500m,1Gi,11.12
GS-JOB-000479,DATA_PROCESSING,operations,MEDIUM,AU-SA-Large,2026-04-27T01:30:00+00:00,2026-04-27T01:30:00+00:00,2026-04-27T18:41:00+00:00,0.72,1.8,TRUE,greenshift/sample-workload:latest,250m,512Mi,1.23
GS-JOB-000480,ETL,ml-platform,MEDIUM,AU-SA-Small,2026-04-27T01:45:00+00:00,2026-04-27T01:45:00+00:00,2026-04-27T10:19:00+00:00,2.13,4.0,TRUE,greenshift/sample-workload:latest,500m,1Gi,8.61
GS-JOB-000481,ETL,data-engineering,MEDIUM,IN-TG,2026-04-27T03:15:00+00:00,2026-04-27T03:15:00+00:00,2026-04-28T14:29:00+00:00,1.88,9.3,TRUE,greenshift/sample-workload:latest,1000m,2Gi,21.05
GS-JOB-000482,ML_TRAINING,ml-platform,MEDIUM,IN-GJ,2026-04-27T03:30:00+00:00,2026-04-27T03:30:00+00:00,2026-04-27T11:31:00+00:00,3.9,19.7,TRUE,greenshift/sample-workload:latest,2000m,4Gi,99.02
GS-JOB-000483,ML_TRAINING,ml-platform,LOW,IN-WB,2026-04-27T03:45:00+00:00,2026-04-27T03:45:00+00:00,2026-04-27T08:40:00+00:00,3.6,24.3,TRUE,greenshift/sample-workload:latest,2000m,4Gi,102.56
GS-JOB-000484,ANALYTICS,operations,HIGH,IN-PB,2026-04-27T05:15:00+00:00,2026-04-27T05:15:00+00:00,2026-04-27T05:33:00+00:00,0.3,1.6,FALSE,greenshift/sample-workload:latest,250m,512Mi,0.6
GS-JOB-000485,BACKUP,finance,MEDIUM,US-CA,2026-04-27T06:15:00+00:00,2026-04-27T06:15:00+00:00,2026-04-27T17:37:00+00:00,2.18,3.0,TRUE,greenshift/sample-workload:latest,500m,1Gi,6.03
GS-JOB-000486,ETL,data-engineering,MEDIUM,US-NY,2026-04-27T06:45:00+00:00,2026-04-27T06:45:00+00:00,2026-04-27T09:34:00+00:00,2.32,5.5,TRUE,greenshift/sample-workload:latest,500m,1Gi,13.97
GS-JOB-000487,ML_TRAINING,ml-platform,CRITICAL,US-TX,2026-04-27T06:45:00+00:00,2026-04-27T06:45:00+00:00,2026-04-27T09:46:48+00:00,3.03,18.0,FALSE,greenshift/sample-workload:latest,2000m,4Gi,89.05
GS-JOB-000488,REPORT_GENERATION,finance,CRITICAL,SE,2026-04-27T07:30:00+00:00,2026-04-27T07:30:00+00:00,2026-04-27T10:06:00+00:00,2.6,5.7,FALSE,greenshift/sample-workload:latest,500m,1Gi,18.97
GS-JOB-000489,ETL,data-engineering,MEDIUM,AU-SA-Large,2026-04-27T09:00:00+00:00,2026-04-27T09:00:00+00:00,2026-04-27T15:28:00+00:00,1.75,5.4,TRUE,greenshift/sample-workload:latest,500m,1Gi,12.36
GS-JOB-000490,ETL,data-engineering,LOW,AU-SA-Small,2026-04-27T09:45:00+00:00,2026-04-27T09:45:00+00:00,2026-04-27T22:58:00+00:00,1.15,2.3,TRUE,greenshift/sample-workload:latest,250m,512Mi,2.36
GS-JOB-000491,ANALYTICS,ml-platform,LOW,IN-TG,2026-04-27T13:30:00+00:00,2026-04-27T13:30:00+00:00,2026-04-27T13:58:12+00:00,0.47,3.8,FALSE,greenshift/sample-workload:latest,500m,1Gi,2.53
GS-JOB-000492,DATA_PROCESSING,operations,MEDIUM,IN-GJ,2026-04-27T14:45:00+00:00,2026-04-27T14:45:00+00:00,2026-04-27T18:54:00+00:00,0.52,3.1,TRUE,greenshift/sample-workload:latest,500m,1Gi,1.6
GS-JOB-000493,ETL,data-engineering,HIGH,IN-WB,2026-04-27T16:00:00+00:00,2026-04-27T16:00:00+00:00,2026-04-27T17:28:00+00:00,0.52,4.3,TRUE,greenshift/sample-workload:latest,500m,1Gi,2.7
GS-JOB-000494,ETL,data-engineering,MEDIUM,IN-PB,2026-04-27T17:15:00+00:00,2026-04-27T17:15:00+00:00,2026-04-28T05:55:00+00:00,1.37,5.6,TRUE,greenshift/sample-workload:latest,500m,1Gi,7.46
GS-JOB-000495,ETL,ml-platform,CRITICAL,US-CA,2026-04-27T18:30:00+00:00,2026-04-27T18:30:00+00:00,2026-04-27T21:03:00+00:00,2.55,6.9,FALSE,greenshift/sample-workload:latest,1000m,2Gi,27.32
GS-JOB-000496,ML_TRAINING,ml-platform,HIGH,US-NY,2026-04-27T19:00:00+00:00,2026-04-27T19:00:00+00:00,2026-04-27T23:26:00+00:00,3.05,9.5,TRUE,greenshift/sample-workload:latest,1000m,2Gi,31.34
GS-JOB-000497,ETL,data-engineering,MEDIUM,US-TX,2026-04-27T19:15:00+00:00,2026-04-27T19:15:00+00:00,2026-04-28T14:14:00+00:00,2.45,2.5,TRUE,greenshift/sample-workload:latest,250m,512Mi,6.07
GS-JOB-000498,ETL,analytics,MEDIUM,SE,2026-04-27T19:45:00+00:00,2026-04-27T19:45:00+00:00,2026-04-28T02:27:00+00:00,1.68,8.5,TRUE,greenshift/sample-workload:latest,1000m,2Gi,12.53
GS-JOB-000499,BACKUP,operations,MEDIUM,AU-SA-Large,2026-04-27T20:45:00+00:00,2026-04-27T20:45:00+00:00,2026-04-28T14:39:00+00:00,2.72,5.1,TRUE,greenshift/sample-workload:latest,500m,1Gi,17.66
GS-JOB-000500,ANALYTICS,ml-platform,HIGH,AU-SA-Small,2026-04-27T22:30:00+00:00,2026-04-27T22:30:00+00:00,2026-04-27T22:51:00+00:00,0.35,4.1,FALSE,greenshift/sample-workload:latest,500m,1Gi,1.73
GS-JOB-000501,REPORT_GENERATION,analytics,MEDIUM,IN-TG,2026-04-27T22:30:00+00:00,2026-04-27T22:30:00+00:00,2026-04-28T09:34:00+00:00,2.17,4.5,TRUE,greenshift/sample-workload:latest,500m,1Gi,7.79
GS-JOB-000502,DATA_PROCESSING,operations,LOW,IN-GJ,2026-04-28T02:30:00+00:00,2026-04-28T02:30:00+00:00,2026-04-29T22:56:00+00:00,0.43,3.7,TRUE,greenshift/sample-workload:latest,500m,1Gi,1.58
GS-JOB-000503,ETL,data-engineering,HIGH,IN-WB,2026-04-28T04:15:00+00:00,2026-04-28T04:15:00+00:00,2026-04-28T10:22:00+00:00,3.92,2.2,TRUE,greenshift/sample-workload:latest,250m,512Mi,9.88
GS-JOB-000504,ANALYTICS,ml-platform,HIGH,IN-PB,2026-04-28T06:00:00+00:00,2026-04-28T06:00:00+00:00,2026-04-28T06:34:48+00:00,0.58,3.6,FALSE,greenshift/sample-workload:latest,500m,1Gi,3.08
GS-JOB-000505,ETL,analytics,MEDIUM,US-CA,2026-04-28T07:30:00+00:00,2026-04-28T07:30:00+00:00,2026-04-28T21:09:00+00:00,3.03,8.0,TRUE,greenshift/sample-workload:latest,1000m,2Gi,28.43
GS-JOB-000506,DATA_PROCESSING,operations,MEDIUM,US-NY,2026-04-28T10:00:00+00:00,2026-04-28T10:00:00+00:00,2026-04-28T23:48:00+00:00,1.13,2.7,TRUE,greenshift/sample-workload:latest,250m,512Mi,4.06
GS-JOB-000507,REPORT_GENERATION,operations,MEDIUM,US-TX,2026-04-28T13:30:00+00:00,2026-04-28T13:30:00+00:00,2026-04-28T19:16:00+00:00,0.83,5.0,TRUE,greenshift/sample-workload:latest,500m,1Gi,4.6
GS-JOB-000508,ETL,operations,MEDIUM,SE,2026-04-28T14:00:00+00:00,2026-04-28T14:00:00+00:00,2026-04-29T07:39:00+00:00,2.68,5.0,TRUE,greenshift/sample-workload:latest,500m,1Gi,15.65
GS-JOB-000509,ETL,ml-platform,MEDIUM,AU-SA-Large,2026-04-28T14:00:00+00:00,2026-04-28T14:00:00+00:00,2026-04-28T22:41:00+00:00,1.43,3.5,TRUE,greenshift/sample-workload:latest,500m,1Gi,5.49
GS-JOB-000510,DATA_PROCESSING,operations,MEDIUM,AU-SA-Small,2026-04-28T15:00:00+00:00,2026-04-28T15:00:00+00:00,2026-04-30T08:08:00+00:00,1.13,2.5,TRUE,greenshift/sample-workload:latest,250m,512Mi,3.25
GS-JOB-000511,ETL,data-engineering,MEDIUM,IN-TG,2026-04-28T15:00:00+00:00,2026-04-28T15:00:00+00:00,2026-04-29T00:42:00+00:00,2.25,7.7,TRUE,greenshift/sample-workload:latest,1000m,2Gi,13.66
GS-JOB-000512,BACKUP,operations,MEDIUM,IN-GJ,2026-04-28T16:30:00+00:00,2026-04-28T16:30:00+00:00,2026-04-28T18:58:00+00:00,1.97,5.3,TRUE,greenshift/sample-workload:latest,500m,1Gi,13.32
GS-JOB-000513,BACKUP,operations,HIGH,IN-WB,2026-04-28T17:15:00+00:00,2026-04-28T17:15:00+00:00,2026-04-29T01:56:00+00:00,2.98,2.5,TRUE,greenshift/sample-workload:latest,250m,512Mi,6.74
GS-JOB-000514,ETL,data-engineering,MEDIUM,IN-PB,2026-04-28T17:30:00+00:00,2026-04-28T17:30:00+00:00,2026-04-28T23:57:00+00:00,2.7,6.6,TRUE,greenshift/sample-workload:latest,1000m,2Gi,19.7
GS-JOB-000515,REPORT_GENERATION,finance,HIGH,US-CA,2026-04-28T19:00:00+00:00,2026-04-28T19:00:00+00:00,2026-04-28T19:34:12+00:00,0.57,2.6,FALSE,greenshift/sample-workload:latest,250m,256Mi,2.12
GS-JOB-000516,ETL,analytics,MEDIUM,US-NY,2026-04-28T22:30:00+00:00,2026-04-28T22:30:00+00:00,2026-04-30T00:34:00+00:00,2.97,5.0,TRUE,greenshift/sample-workload:latest,500m,1Gi,16.75
GS-JOB-000517,REPORT_GENERATION,finance,MEDIUM,US-TX,2026-04-29T00:15:00+00:00,2026-04-29T00:15:00+00:00,2026-04-29T15:18:00+00:00,2.93,3.4,TRUE,greenshift/sample-workload:latest,500m,1Gi,11.9
GS-JOB-000518,ML_TRAINING,ml-platform,MEDIUM,SE,2026-04-29T00:30:00+00:00,2026-04-29T00:30:00+00:00,2026-04-29T02:37:48+00:00,2.13,36.5,FALSE,greenshift/sample-workload:latest,2000m,4Gi,126.85
GS-JOB-000519,REPORT_GENERATION,analytics,MEDIUM,AU-SA-Large,2026-04-29T00:30:00+00:00,2026-04-29T00:30:00+00:00,2026-04-29T07:13:00+00:00,1.42,4.5,TRUE,greenshift/sample-workload:latest,500m,1Gi,7.66
GS-JOB-000520,IMAGE_PROCESSING,analytics,MEDIUM,AU-SA-Small,2026-04-29T05:00:00+00:00,2026-04-29T05:00:00+00:00,2026-04-29T13:56:00+00:00,3.43,20.0,TRUE,greenshift/sample-workload:latest,2000m,4Gi,77.23
GS-JOB-000521,REPORT_GENERATION,finance,LOW,IN-TG,2026-04-29T07:45:00+00:00,2026-04-29T07:45:00+00:00,2026-05-01T05:07:00+00:00,1.37,1.9,TRUE,greenshift/sample-workload:latest,250m,256Mi,3.33
GS-JOB-000522,ETL,data-engineering,CRITICAL,IN-GJ,2026-04-29T08:00:00+00:00,2026-04-29T08:00:00+00:00,2026-04-29T12:00:00+00:00,4.0,9.0,FALSE,greenshift/sample-workload:latest,1000m,2Gi,57.4
GS-JOB-000523,REPORT_GENERATION,finance,MEDIUM,IN-WB,2026-04-29T08:15:00+00:00,2026-04-29T08:15:00+00:00,2026-04-30T05:39:00+00:00,0.83,4.4,TRUE,greenshift/sample-workload:latest,500m,1Gi,3.69
GS-JOB-000524,ML_TRAINING,ml-platform,MEDIUM,IN-PB,2026-04-29T08:30:00+00:00,2026-04-29T08:30:00+00:00,2026-04-29T21:24:00+00:00,9.5,35.3,TRUE,greenshift/sample-workload:latest,2000m,4Gi,280.63
GS-JOB-000525,REPORT_GENERATION,data-engineering,CRITICAL,US-CA,2026-04-29T09:00:00+00:00,2026-04-29T09:00:00+00:00,2026-04-29T11:31:48+00:00,2.53,5.4,FALSE,greenshift/sample-workload:latest,500m,1Gi,16.83
GS-JOB-000526,ETL,data-engineering,LOW,US-NY,2026-04-29T11:30:00+00:00,2026-04-29T11:30:00+00:00,2026-04-29T15:04:12+00:00,3.57,7.8,FALSE,greenshift/sample-workload:latest,1000m,2Gi,35.15
GS-JOB-000527,ETL,operations,HIGH,US-TX,2026-04-29T13:45:00+00:00,2026-04-29T13:45:00+00:00,2026-04-29T16:44:00+00:00,0.68,9.7,TRUE,greenshift/sample-workload:latest,1000m,2Gi,8.02
GS-JOB-000528,ETL,analytics,HIGH,SE,2026-04-29T14:15:00+00:00,2026-04-29T14:15:00+00:00,2026-04-29T18:16:00+00:00,1.33,5.4,TRUE,greenshift/sample-workload:latest,500m,1Gi,9.36
GS-JOB-000529,BACKUP,operations,MEDIUM,AU-SA-Large,2026-04-29T14:30:00+00:00,2026-04-29T14:30:00+00:00,2026-04-29T23:10:00+00:00,1.62,6.0,TRUE,greenshift/sample-workload:latest,1000m,2Gi,11.79
GS-JOB-000530,DATA_PROCESSING,operations,HIGH,AU-SA-Small,2026-04-29T15:00:00+00:00,2026-04-29T15:00:00+00:00,2026-04-29T16:37:00+00:00,1.12,2.1,TRUE,greenshift/sample-workload:latest,250m,512Mi,2.65
GS-JOB-000531,ETL,data-engineering,LOW,IN-TG,2026-04-29T15:45:00+00:00,2026-04-29T15:45:00+00:00,2026-04-30T18:15:00+00:00,3.38,8.6,TRUE,greenshift/sample-workload:latest,1000m,2Gi,37.95
GS-JOB-000532,ML_TRAINING,ml-platform,MEDIUM,IN-GJ,2026-04-29T16:45:00+00:00,2026-04-29T16:45:00+00:00,2026-05-01T01:06:00+00:00,8.15,38.5,TRUE,greenshift/sample-workload:latest,2000m,4Gi,398.67
GS-JOB-000533,ETL,operations,HIGH,IN-WB,2026-04-29T17:00:00+00:00,2026-04-29T17:00:00+00:00,2026-04-29T20:54:00+00:00,3.4,6.2,TRUE,greenshift/sample-workload:latest,1000m,2Gi,24.48
GS-JOB-000534,ETL,data-engineering,LOW,IN-PB,2026-04-29T17:00:00+00:00,2026-04-29T17:00:00+00:00,2026-04-30T04:57:00+00:00,1.0,2.4,TRUE,greenshift/sample-workload:latest,250m,512Mi,3.07
GS-JOB-000535,ETL,data-engineering,CRITICAL,US-CA,2026-04-29T17:15:00+00:00,2026-04-29T17:15:00+00:00,2026-04-29T19:04:48+00:00,1.83,6.3,FALSE,greenshift/sample-workload:latest,1000m,2Gi,17.84
GS-JOB-000536,ETL,ml-platform,LOW,US-NY,2026-04-29T19:15:00+00:00,2026-04-29T19:15:00+00:00,2026-04-30T00:37:00+00:00,3.22,8.4,TRUE,greenshift/sample-workload:latest,1000m,2Gi,36.04
GS-JOB-000537,ETL,data-engineering,MEDIUM,US-TX,2026-04-29T21:00:00+00:00,2026-04-29T21:00:00+00:00,2026-04-30T08:08:00+00:00,3.35,5.0,TRUE,greenshift/sample-workload:latest,500m,1Gi,22.09
GS-JOB-000538,REPORT_GENERATION,finance,MEDIUM,SE,2026-04-29T21:30:00+00:00,2026-04-29T21:30:00+00:00,2026-05-01T00:11:00+00:00,2.27,2.3,TRUE,greenshift/sample-workload:latest,250m,256Mi,5.9
GS-JOB-000539,REPORT_GENERATION,finance,LOW,AU-SA-Large,2026-04-29T22:00:00+00:00,2026-04-29T22:00:00+00:00,2026-04-30T17:57:00+00:00,2.85,5.4,TRUE,greenshift/sample-workload:latest,500m,1Gi,13.69
GS-JOB-000540,REPORT_GENERATION,data-engineering,LOW,AU-SA-Small,2026-04-29T22:30:00+00:00,2026-04-29T22:30:00+00:00,2026-04-30T04:40:00+00:00,1.73,4.0,TRUE,greenshift/sample-workload:latest,500m,1Gi,8.2
GS-JOB-000541,ETL,ml-platform,HIGH,IN-TG,2026-04-29T23:15:00+00:00,2026-04-29T23:15:00+00:00,2026-04-30T12:56:00+00:00,1.68,6.0,TRUE,greenshift/sample-workload:latest,1000m,2Gi,12.73
GS-JOB-000542,IMAGE_PROCESSING,analytics,MEDIUM,IN-GJ,2026-04-30T01:30:00+00:00,2026-04-30T01:30:00+00:00,2026-04-30T08:51:00+00:00,5.55,14.5,TRUE,greenshift/sample-workload:latest,2000m,4Gi,79.96
GS-JOB-000543,DATA_PROCESSING,operations,MEDIUM,IN-WB,2026-04-30T03:30:00+00:00,2026-04-30T03:30:00+00:00,2026-04-30T16:04:00+00:00,1.25,3.4,TRUE,greenshift/sample-workload:latest,500m,1Gi,5.14
GS-JOB-000544,ETL,data-engineering,MEDIUM,IN-PB,2026-04-30T06:15:00+00:00,2026-04-30T06:15:00+00:00,2026-04-30T09:16:12+00:00,3.02,3.8,FALSE,greenshift/sample-workload:latest,500m,1Gi,15.06
GS-JOB-000545,REPORT_GENERATION,operations,HIGH,US-CA,2026-04-30T08:00:00+00:00,2026-04-30T08:00:00+00:00,2026-04-30T09:19:48+00:00,1.33,2.0,FALSE,greenshift/sample-workload:latest,250m,256Mi,3.49
GS-JOB-000546,DATA_PROCESSING,ml-platform,MEDIUM,US-NY,2026-04-30T08:15:00+00:00,2026-04-30T08:15:00+00:00,2026-05-01T07:28:00+00:00,1.4,1.6,TRUE,greenshift/sample-workload:latest,250m,512Mi,2.98
GS-JOB-000547,DATA_PROCESSING,operations,MEDIUM,US-TX,2026-04-30T08:30:00+00:00,2026-04-30T08:30:00+00:00,2026-04-30T14:00:00+00:00,0.88,3.9,TRUE,greenshift/sample-workload:latest,500m,1Gi,3.36
GS-JOB-000548,ETL,analytics,CRITICAL,SE,2026-04-30T09:00:00+00:00,2026-04-30T09:00:00+00:00,2026-04-30T11:13:12+00:00,2.22,7.0,FALSE,greenshift/sample-workload:latest,1000m,2Gi,22.27
GS-JOB-000549,ETL,operations,MEDIUM,AU-SA-Large,2026-04-30T10:30:00+00:00,2026-04-30T10:30:00+00:00,2026-04-30T17:38:00+00:00,3.47,8.3,TRUE,greenshift/sample-workload:latest,1000m,2Gi,34.82
GS-JOB-000550,REPORT_GENERATION,finance,MEDIUM,AU-SA-Small,2026-04-30T11:45:00+00:00,2026-04-30T11:45:00+00:00,2026-04-30T17:43:00+00:00,1.85,3.7,TRUE,greenshift/sample-workload:latest,500m,1Gi,8.09
GS-JOB-000551,ETL,data-engineering,MEDIUM,IN-TG,2026-04-30T12:00:00+00:00,2026-04-30T12:00:00+00:00,2026-04-30T21:30:00+00:00,3.23,5.3,TRUE,greenshift/sample-workload:latest,500m,1Gi,18.62
GS-JOB-000552,DATA_PROCESSING,data-engineering,HIGH,IN-GJ,2026-04-30T13:30:00+00:00,2026-04-30T13:30:00+00:00,2026-04-30T14:07:48+00:00,0.63,3.9,FALSE,greenshift/sample-workload:latest,500m,1Gi,4.01
GS-JOB-000553,ETL,data-engineering,HIGH,IN-WB,2026-04-30T14:15:00+00:00,2026-04-30T14:15:00+00:00,2026-04-30T16:12:00+00:00,1.95,3.0,FALSE,greenshift/sample-workload:latest,500m,1Gi,8.29
GS-JOB-000554,DATA_PROCESSING,operations,MEDIUM,IN-PB,2026-04-30T14:15:00+00:00,2026-04-30T14:15:00+00:00,2026-05-01T12:12:00+00:00,1.05,2.4,TRUE,greenshift/sample-workload:latest,250m,512Mi,1.97
GS-JOB-000555,BACKUP,analytics,HIGH,US-CA,2026-04-30T14:45:00+00:00,2026-04-30T14:45:00+00:00,2026-04-30T16:59:00+00:00,1.73,6.4,TRUE,greenshift/sample-workload:latest,1000m,2Gi,12.31
GS-JOB-000556,REPORT_GENERATION,finance,MEDIUM,US-NY,2026-04-30T17:45:00+00:00,2026-04-30T17:45:00+00:00,2026-05-02T12:33:00+00:00,2.8,5.7,TRUE,greenshift/sample-workload:latest,500m,1Gi,16.9
GS-JOB-000557,DATA_PROCESSING,finance,MEDIUM,US-TX,2026-04-30T19:30:00+00:00,2026-04-30T19:30:00+00:00,2026-04-30T21:27:00+00:00,0.72,1.8,TRUE,greenshift/sample-workload:latest,250m,512Mi,1.72
GS-JOB-000558,ETL,data-engineering,LOW,SE,2026-04-30T21:15:00+00:00,2026-04-30T21:15:00+00:00,2026-05-01T10:44:00+00:00,1.22,3.0,TRUE,greenshift/sample-workload:latest,500m,1Gi,4.51
GS-JOB-000559,BACKUP,analytics,MEDIUM,AU-SA-Large,2026-04-30T21:30:00+00:00,2026-04-30T21:30:00+00:00,2026-05-01T19:08:00+00:00,2.18,3.1,TRUE,greenshift/sample-workload:latest,500m,1Gi,7.91
GS-JOB-000560,ETL,data-engineering,MEDIUM,AU-SA-Small,2026-04-30T23:00:00+00:00,2026-04-30T23:00:00+00:00,2026-05-01T01:00:00+00:00,1.18,7.6,TRUE,greenshift/sample-workload:latest,1000m,2Gi,9.92
