job_id,team_id,job_type,region,energy_kwh,runtime_minutes,selected_start,selected_end,carbon_intensity,carbon_emission_kg,baseline_carbon_emission_kg,carbon_avoided_kg,carbon_reduction_pct,electricity_cost_usd,baseline_cost_usd,cost_difference_usd,cost_reduction_pct,native_cost_inr,baseline_native_cost_inr,cost_saved_inr,scheduling_delay_hours,sla_met,tariff_plan,scheduling_method,slot_utilization_pct,demand_predicted,spilled_from_preferred,ml_advisor_used
GS-JOB-000001,operations,DATA_PROCESSING,IN-TG,2.34,47,2026-09-08T19:00:00,2026-09-08T19:47:00,549.0,1.28466,1.24722,0.0,0.0,0.200772,0.200772,0.0,0.0,16.73,16.73,0.0,0.84,True,ToD,batch_contention_aware_ml,97.1,0.2516,True,True
GS-JOB-000002,ml-platform,ETL,IN-GJ,6.016,77,2026-09-08T20:00:00,2026-09-08T21:17:00,681.0,4.096896,3.916416,0.0,0.0,0.288768,0.288768,0.0,0.0,24.06,24.06,0.0,1.84,True,ToD,batch_contention_aware_ml,72.9,0.2516,True,True
GS-JOB-000003,data-engineering,ETL,IN-WB,11.591,104,2026-09-08T18:09:20.000345,2026-09-08T19:53:20.000345,750.0,8.69325,8.69325,0.0,0.0,0.618959,0.618959,0.0,0.0,51.58,51.58,0.0,0.0,True,ToD,batch_contention_aware_ml,20.0,0.9977,False,True
GS-JOB-000004,data-engineering,ETL,IN-PB,5.01,100,2026-09-08T18:09:20.000345,2026-09-08T19:49:20.000345,493.0,2.46993,2.46993,0.0,0.0,0.36072,0.36072,0.0,0.0,30.06,30.06,0.0,0.0,True,ToD,batch_contention_aware_ml,35.7,0.9977,False,True
GS-JOB-000005,finance,ETL,US-CA,11.371,82,2026-09-08T20:00:00,2026-09-08T21:22:00,174.0,1.978554,1.523714,0.0,0.0,1.305618,1.305618,0.0,0.0,1.31,1.31,0.0,1.84,True,ToD,batch_contention_aware_ml,95.7,0.2516,True,True
GS-JOB-000006,analytics,REPORT_GENERATION,US-NY,2.91,58,2026-09-09T00:00:00,2026-09-09T00:58:00,344.0,1.00104,1.00686,0.00582,0.58,0.60528,0.60528,0.0,0.0,0.61,0.61,0.0,5.84,True,Demand,batch_contention_aware_ml,10.0,0.2516,False,True
GS-JOB-000007,finance,BACKUP,US-TX,6.85,82,2026-09-09T14:00:00,2026-09-09T15:22:00,295.0,2.02075,2.329,0.30825,13.24,0.419193,0.419193,0.0,0.0,0.42,0.42,0.0,19.84,True,Flat,batch_contention_aware_ml,12.9,0.9977,False,True
GS-JOB-000008,analytics,REPORT_GENERATION,SE,8.76,175,2026-09-08T20:00:00,2026-09-08T22:55:00,16.0,0.14016,0.16644,0.02628,15.79,0.028295,0.028295,0.0,0.0,0.3,0.3,0.0,1.84,True,Demand,batch_contention_aware_ml,31.4,0.2516,False,True
GS-JOB-000009,data-engineering,ETL,AU-SA-Large,11.766,133,2026-09-08T23:00:00,2026-09-09T01:13:00,44.0,0.517704,0.447108,0.0,0.0,0.0,0.0,0.0,0.0,0.0,0.0,0.0,4.84,True,Demand,batch_contention_aware_ml,85.7,0.2516,True,True
GS-JOB-000010,data-engineering,ETL,AU-SA-Small,15.416,113,2026-09-08T18:09:20.000345,2026-09-08T20:02:20.000345,38.0,0.585808,0.585808,0.0,0.0,0.901836,0.901836,0.0,0.0,1.39,1.39,0.0,0.0,True,ToD,batch_contention_aware_ml,58.6,0.9977,False,True
GS-JOB-000011,operations,REPORT_GENERATION,IN-TG,4.59,102,2026-09-08T18:09:20.000345,2026-09-08T19:51:20.000345,533.0,2.44647,2.44647,0.0,0.0,0.393822,0.393822,0.0,0.0,32.82,32.82,0.0,0.0,True,ToD,batch_contention_aware_ml,48.6,0.9977,False,True
GS-JOB-000012,data-engineering,ETL,IN-GJ,9.62,156,2026-09-09T03:00:00,2026-09-09T05:36:00,580.0,5.5796,6.26262,0.68302,10.91,0.513708,0.46176,-0.051948,-11.25,42.81,38.48,-4.33,8.84,True,ToD,batch_contention_aware_ml,20.0,0.2516,False,True
GS-JOB-000013,ml-platform,ETL,IN-WB,15.844,140,2026-09-09T05:00:00,2026-09-09T07:20:00,744.0,11.787936,11.883,0.095064,0.8,1.418355,0.84607,-0.572285,-67.64,118.2,70.51,-47.69,10.84,True,ToD,batch_contention_aware_ml,8.6,0.2516,False,True
GS-JOB-000014,analytics,IMAGE_PROCESSING,IN-PB,69.29,246,2026-09-08T18:09:20.000345,2026-09-08T22:15:20.000345,493.0,34.15997,34.15997,0.0,0.0,4.98888,4.98888,0.0,0.0,415.74,415.74,0.0,0.0,True,ToD,batch_contention_aware_ml,81.4,0.9977,False,True
GS-JOB-000015,data-engineering,ETL,US-CA,11.2,105,2026-09-09T19:00:00,2026-09-09T20:45:00,178.0,1.9936,1.5008,0.0,0.0,1.285984,1.285984,0.0,0.0,1.29,1.29,0.0,24.84,True,ToD,batch_contention_aware_ml,17.1,0.2516,True,True
GS-JOB-000016,ml-platform,ANALYTICS,US-NY,1.6,24,2026-09-08T18:09:20.000345,2026-09-08T18:33:20.000345,346.0,0.5536,0.5536,0.0,0.0,0.3328,0.3328,0.0,0.0,0.33,0.33,0.0,0.0,True,Demand,batch_contention_aware_ml,100.0,0.9977,True,True
GS-JOB-000017,finance,DATA_PROCESSING,US-TX,2.716,58,2026-09-09T14:00:00,2026-09-09T14:58:00,295.0,0.80122,0.92344,0.12222,13.24,0.166208,0.166208,0.0,0.0,0.17,0.17,0.0,19.84,True,Flat,batch_contention_aware_ml,10.0,0.9977,False,True
GS-JOB-000018,operations,DATA_PROCESSING,SE,1.679,44,2026-09-08T23:00:00,2026-09-08T23:44:00,15.0,0.025185,0.031901,0.006716,21.05,0.005423,0.005423,0.0,0.0,0.06,0.06,0.0,4.84,True,Demand,batch_contention_aware_ml,81.4,0.2516,True,True
GS-JOB-000019,operations,BACKUP,AU-SA-Large,9.24,126,2026-09-09T18:00:00,2026-09-09T20:06:00,43.0,0.39732,0.35112,0.0,0.0,0.0,0.0,0.0,0.0,0.0,0.0,0.0,23.84,True,Demand,batch_contention_aware_ml,24.3,0.9977,True,True
GS-JOB-000020,operations,REPORT_GENERATION,AU-SA-Small,7.141,116,2026-09-08T19:00:00,2026-09-08T20:56:00,50.0,0.35705,0.271358,0.0,0.0,0.417749,0.417749,0.0,0.0,0.64,0.64,0.0,0.84,True,ToD,batch_contention_aware_ml,88.6,0.2516,True,True
GS-JOB-000021,data-engineering,ETL,IN-TG,9.085,237,2026-09-08T18:09:20.000345,2026-09-08T22:06:20.000345,533.0,4.842305,4.842305,0.0,0.0,0.779493,0.779493,0.0,0.0,64.96,64.96,0.0,0.0,True,ToD,batch_contention_aware_ml,61.4,0.9977,False,True
GS-JOB-000022,data-engineering,ETL,IN-GJ,8.8,211,2026-09-08T18:09:20.000345,2026-09-08T21:40:20.000345,651.0,5.7288,5.7288,0.0,0.0,0.4224,0.4224,0.0,0.0,35.2,35.2,0.0,0.0,True,ToD,batch_contention_aware_ml,51.4,0.9977,False,True
GS-JOB-000023,ml-platform,ETL,IN-WB,7.134,52,2026-09-09T14:00:00,2026-09-09T14:52:00,742.0,5.293428,5.3505,0.057072,1.07,0.937408,0.380956,-0.556452,-146.07,78.12,31.75,-46.37,19.84,True,ToD,batch_contention_aware_ml,50.0,0.9977,False,True
GS-JOB-000024,data-engineering,ETL,IN-PB,31.32,216,2026-09-08T19:00:00,2026-09-08T22:36:00,508.0,15.91056,15.44076,0.0,0.0,2.25504,2.25504,0.0,0.0,187.92,187.92,0.0,0.84,True,ToD,batch_contention_aware_ml,91.4,0.2516,True,True
GS-JOB-000025,operations,DATA_PROCESSING,US-CA,2.754,61,2026-09-09T19:00:00,2026-09-09T20:01:00,178.0,0.490212,0.369036,0.0,0.0,0.316214,0.316214,0.0,0.0,0.32,0.32,0.0,24.84,True,ToD,batch_contention_aware_ml,18.6,0.2516,True,True
GS-JOB-000026,operations,ETL,US-NY,7.821,142,2026-09-08T18:09:20.000345,2026-09-08T20:31:20.000345,346.0,2.706066,2.706066,0.0,0.0,1.626768,1.626768,0.0,0.0,1.63,1.63,0.0,0.0,True,Demand,batch_contention_aware_ml,85.7,0.9977,False,True
GS-JOB-000027,analytics,ETL,US-TX,6.741,64,2026-09-08T19:00:00,2026-09-08T20:04:00,327.0,2.204307,2.29194,0.087633,3.82,0.412522,0.412522,0.0,0.0,0.41,0.41,0.0,0.84,True,Flat,batch_contention_aware_ml,100.0,0.2516,False,True
GS-JOB-000028,operations,DATA_PROCESSING,SE,1.798,37,2026-09-08T20:00:00,2026-09-08T20:37:00,16.0,0.028768,0.034162,0.005394,15.79,0.005808,0.005808,0.0,0.0,0.06,0.06,0.0,1.84,True,Demand,batch_contention_aware_ml,47.1,0.2516,False,True
GS-JOB-000029,data-engineering,ETL,AU-SA-Large,6.882,133,2026-09-08T23:00:00,2026-09-09T01:13:00,44.0,0.302808,0.261516,0.0,0.0,0.0,0.0,0.0,0.0,0.0,0.0,0.0,4.84,True,Demand,batch_contention_aware_ml,44.3,0.2516,True,True
GS-JOB-000030,ml-platform,ANALYTICS,AU-SA-Small,2.387,46,2026-09-08T18:09:20.000345,2026-09-08T18:55:20.000345,38.0,0.090706,0.090706,0.0,0.0,0.139639,0.139639,0.0,0.0,0.21,0.21,0.0,0.0,True,ToD,batch_contention_aware_ml,75.7,0.9977,False,True
GS-JOB-000031,operations,BACKUP,IN-TG,3.534,56,2026-09-08T18:09:20.000345,2026-09-08T19:05:20.000345,533.0,1.883622,1.883622,0.0,0.0,0.303217,0.303217,0.0,0.0,25.27,25.27,0.0,0.0,True,ToD,batch_contention_aware_ml,22.9,0.9977,False,True
GS-JOB-000032,ml-platform,ANALYTICS,IN-GJ,2.728,53,2026-09-08T18:09:20.000345,2026-09-08T19:02:20.000345,651.0,1.775928,1.775928,0.0,0.0,0.130944,0.130944,0.0,0.0,10.91,10.91,0.0,0.0,True,ToD,batch_contention_aware_ml,17.1,0.9977,False,True
GS-JOB-000033,data-engineering,ETL,IN-WB,4.75,114,2026-09-08T18:09:20.000345,2026-09-08T20:03:20.000345,750.0,3.5625,3.5625,0.0,0.0,0.25365,0.25365,0.0,0.0,21.14,21.14,0.0,0.0,True,ToD,batch_contention_aware_ml,82.9,0.9977,False,True
GS-JOB-000034,finance,DATA_PROCESSING,IN-PB,2.356,37,2026-09-08T20:00:00,2026-09-08T20:37:00,518.0,1.220408,1.161508,0.0,0.0,0.169632,0.169632,0.0,0.0,14.14,14.14,0.0,1.84,True,ToD,batch_contention_aware_ml,95.7,0.2516,True,True
GS-JOB-000035,finance,ETL,US-CA,18.473,226,2026-09-08T22:00:00,2026-09-09T01:46:00,209.0,3.860857,2.475382,0.0,0.0,2.628154,2.12107,-0.507084,-23.91,2.63,2.12,-0.51,3.84,True,ToD,batch_contention_aware_ml,82.9,0.2516,True,True
GS-JOB-000036,operations,BACKUP,US-NY,7.14,153,2026-09-08T18:09:20.000345,2026-09-08T20:42:20.000345,346.0,2.47044,2.47044,0.0,0.0,1.48512,1.48512,0.0,0.0,1.49,1.49,0.0,0.0,True,Demand,batch_contention_aware_ml,15.7,0.9977,False,True
GS-JOB-000037,finance,DATA_PROCESSING,US-TX,1.462,26,2026-09-08T18:09:20.000345,2026-09-08T18:35:20.000345,340.0,0.49708,0.49708,0.0,0.0,0.089469,0.089469,0.0,0.0,0.09,0.09,0.0,0.0,True,Flat,batch_contention_aware_ml,70.0,0.9977,True,True
GS-JOB-000038,ml-platform,ML_TRAINING,SE,133.56,445,2026-09-08T18:09:20.000345,2026-09-09T01:34:20.000345,19.0,2.53764,2.53764,0.0,0.0,0.431399,0.431399,0.0,0.0,4.54,4.54,0.0,0.0,True,Demand,batch_contention_aware_ml,14.3,0.9977,False,True
GS-JOB-000039,operations,DATA_PROCESSING,AU-SA-Large,1.292,41,2026-09-08T23:00:00,2026-09-08T23:41:00,44.0,0.056848,0.049096,0.0,0.0,0.0,0.0,0.0,0.0,0.0,0.0,0.0,4.84,True,Demand,batch_contention_aware_ml,15.7,0.2516,True,True
GS-JOB-000040,ml-platform,ML_TRAINING,AU-SA-Small,114.68,282,2026-09-09T00:00:00,2026-09-09T04:42:00,45.0,5.1606,4.35784,0.0,0.0,6.70878,6.70878,0.0,0.0,10.32,10.32,0.0,5.84,True,ToD,batch_contention_aware_ml,82.9,0.2516,True,True
GS-JOB-000041,data-engineering,ETL,IN-TG,11.094,155,2026-09-08T18:09:20.000345,2026-09-08T20:44:20.000345,533.0,5.913102,5.913102,0.0,0.0,0.951865,0.951865,0.0,0.0,79.32,79.32,0.0,0.0,False,ToD,batch_contention_aware_ml,60.0,0.9977,False,True
GS-JOB-000042,operations,REPORT_GENERATION,IN-GJ,1.68,36,2026-09-08T18:09:20.000345,2026-09-08T18:45:20.000345,651.0,1.09368,1.09368,0.0,0.0,0.08064,0.08064,0.0,0.0,6.72,6.72,0.0,0.0,True,ToD,batch_contention_aware_ml,47.1,0.9977,False,True
GS-JOB-000043,finance,REPORT_GENERATION,IN-WB,2.914,37,2026-09-08T18:09:20.000345,2026-09-08T18:46:20.000345,750.0,2.1855,2.1855,0.0,0.0,0.155608,0.155608,0.0,0.0,12.97,12.97,0.0,0.0,True,ToD,batch_contention_aware_ml,34.3,0.9977,False,True
GS-JOB-000044,analytics,DATA_PROCESSING,IN-PB,4.352,77,2026-09-09T06:00:00,2026-09-09T07:17:00,330.0,1.43616,2.145536,0.709376,33.06,0.365568,0.313344,-0.052224,-16.67,30.46,26.11,-4.35,11.84,True,ToD,batch_contention_aware_ml,5.7,0.2516,False,True
GS-JOB-000045,finance,ETL,US-CA,14.0,150,2026-09-08T21:00:00,2026-09-08T23:30:00,187.0,2.618,1.876,0.0,0.0,1.99178,1.60748,-0.3843,-23.91,1.99,1.61,-0.38,2.84,True,ToD,batch_contention_aware_ml,77.1,0.2516,True,True
GS-JOB-000046,finance,REPORT_GENERATION,US-NY,6.148,127,2026-09-08T18:09:20.000345,2026-09-08T20:16:20.000345,346.0,2.127208,2.127208,0.0,0.0,1.278784,1.278784,0.0,0.0,1.28,1.28,0.0,0.0,True,Demand,batch_contention_aware_ml,35.7,0.9977,False,True
GS-JOB-000047,operations,ANALYTICS,US-TX,3.096,43,2026-09-08T18:09:20.000345,2026-09-08T18:52:20.000345,340.0,1.05264,1.05264,0.0,0.0,0.189463,0.189463,0.0,0.0,0.19,0.19,0.0,0.0,True,Flat,batch_contention_aware_ml,67.1,0.9977,False,True
GS-JOB-000048,operations,DATA_PROCESSING,SE,1.995,57,2026-09-08T23:00:00,2026-09-08T23:57:00,15.0,0.029925,0.037905,0.00798,21.05,0.006444,0.006444,0.0,0.0,0.07,0.07,0.0,4.84,True,Demand,batch_contention_aware_ml,85.7,0.2516,True,True
GS-JOB-000049,analytics,IMAGE_PROCESSING,AU-SA-Large,28.696,253,2026-09-09T18:00:00,2026-09-09T22:13:00,43.0,1.233928,1.090448,0.0,0.0,0.0,0.0,0.0,0.0,0.0,0.0,0.0,23.84,True,Demand,batch_contention_aware_ml,5.7,0.9977,True,True
GS-JOB-000050,data-engineering,ETL,AU-SA-Small,18.05,114,2026-09-08T23:00:00,2026-09-09T00:54:00,44.0,0.7942,0.6859,0.0,0.0,1.055925,1.055925,0.0,0.0,1.62,1.62,0.0,4.84,True,ToD,batch_contention_aware_ml,54.3,0.2516,True,True
GS-JOB-000051,operations,BACKUP,IN-TG,3.04,57,2026-09-08T18:09:20.000345,2026-09-08T19:06:20.000345,533.0,1.62032,1.62032,0.0,0.0,0.260832,0.260832,0.0,0.0,21.74,21.74,0.0,0.0,True,ToD,batch_contention_aware_ml,51.4,0.9977,False,True
GS-JOB-000052,ml-platform,ANALYTICS,IN-GJ,3.885,63,2026-09-08T18:09:20.000345,2026-09-08T19:12:20.000345,651.0,2.529135,2.529135,0.0,0.0,0.18648,0.18648,0.0,0.0,15.54,15.54,0.0,0.0,True,ToD,batch_contention_aware_ml,54.3,0.9977,False,True
GS-JOB-000053,data-engineering,ETL,IN-WB,5.159,46,2026-09-08T20:00:00,2026-09-08T20:46:00,757.0,3.905363,3.86925,0.0,0.0,0.275491,0.275491,0.0,0.0,22.96,22.96,0.0,1.84,True,ToD,batch_contention_aware_ml,64.3,0.2516,True,True
GS-JOB-000054,operations,BACKUP,IN-PB,7.452,65,2026-09-08T18:09:20.000345,2026-09-08T19:14:20.000345,493.0,3.673836,3.673836,0.0,0.0,0.536544,0.536544,0.0,0.0,44.71,44.71,0.0,0.0,True,ToD,batch_contention_aware_ml,87.1,0.9977,False,True
GS-JOB-000055,finance,REPORT_GENERATION,US-CA,4.408,139,2026-09-08T18:09:20.000345,2026-09-08T20:28:20.000345,134.0,0.590672,0.590672,0.0,0.0,0.506127,0.506127,0.0,0.0,0.51,0.51,0.0,0.0,True,ToD,batch_contention_aware_ml,38.6,0.9977,False,True
GS-JOB-000056,finance,ETL,US-NY,30.4,228,2026-09-09T05:00:00,2026-09-09T08:48:00,325.0,9.88,10.5184,0.6384,6.07,6.3232,6.3232,0.0,0.0,6.32,6.32,0.0,10.84,True,Demand,batch_contention_aware_ml,11.4,0.2516,False,True
GS-JOB-000057,operations,BACKUP,US-TX,4.515,63,2026-09-08T21:00:00,2026-09-08T22:03:00,342.0,1.54413,1.5351,0.0,0.0,0.2763,0.2763,0.0,0.0,0.28,0.28,0.0,2.84,True,Flat,batch_contention_aware_ml,71.4,0.2516,True,True
GS-JOB-000058,data-engineering,ETL,SE,13.871,86,2026-09-08T22:00:00,2026-09-08T23:26:00,15.0,0.208065,0.263549,0.055484,21.05,0.044803,0.044803,0.0,0.0,0.47,0.47,0.0,3.84,True,Demand,batch_contention_aware_ml,80.0,0.2516,False,True
GS-JOB-000059,operations,DATA_PROCESSING,AU-SA-Large,1.989,70,2026-09-08T18:09:20.000345,2026-09-08T19:19:20.000345,38.0,0.075582,0.075582,0.0,0.0,0.0,0.0,0.0,0.0,0.0,0.0,0.0,0.0,True,Demand,batch_contention_aware_ml,77.1,0.9977,False,True
GS-JOB-000060,finance,ETL,AU-SA-Small,10.738,109,2026-09-09T19:00:00,2026-09-09T20:49:00,43.0,0.461734,0.408044,0.0,0.0,0.628173,0.628173,0.0,0.0,0.97,0.97,0.0,24.84,True,ToD,batch_contention_aware_ml,5.7,0.2516,True,True
GS-JOB-000061,data-engineering,ETL,IN-TG,26.66,186,2026-09-08T20:00:00,2026-09-08T23:06:00,563.0,15.00958,14.20978,0.0,0.0,2.287428,2.287428,0.0,0.0,190.62,190.62,0.0,1.84,True,ToD,batch_contention_aware_ml,67.1,0.2516,True,True
GS-JOB-000062,finance,REPORT_GENERATION,IN-GJ,4.342,100,2026-09-09T07:00:00,2026-09-09T08:40:00,504.0,2.188368,2.826642,0.638274,22.58,0.177154,0.208416,0.031262,15.0,14.76,17.37,2.61,12.84,True,ToD,batch_contention_aware_ml,12.9,0.2516,False,True
GS-JOB-000063,analytics,ETL,IN-WB,1.219,32,2026-09-09T14:00:00,2026-09-09T14:32:00,742.0,0.904498,0.91425,0.009752,1.07,0.160177,0.065095,-0.095082,-146.07,13.35,5.42,-7.92,19.84,True,ToD,batch_contention_aware_ml,44.3,0.9977,False,True
GS-JOB-000064,data-engineering,ETL,IN-PB,20.805,219,2026-09-08T18:09:20.000345,2026-09-08T21:48:20.000345,493.0,10.256865,10.256865,0.0,0.0,1.49796,1.49796,0.0,0.0,124.83,124.83,0.0,0.0,True,ToD,batch_contention_aware_ml,90.0,0.9977,False,True
GS-JOB-000065,finance,REPORT_GENERATION,US-CA,3.132,52,2026-09-08T22:00:00,2026-09-08T22:52:00,209.0,0.654588,0.419688,0.0,0.0,0.44559,0.359616,-0.085973,-23.91,0.45,0.36,-0.09,3.84,True,ToD,batch_contention_aware_ml,97.1,0.2516,True,True
GS-JOB-000066,ml-platform,REPORT_GENERATION,US-NY,9.695,166,2026-09-09T07:00:00,2026-09-09T09:46:00,316.0,3.06362,3.35447,0.29085,8.67,2.01656,2.01656,0.0,0.0,2.02,2.02,0.0,12.84,True,Demand,batch_contention_aware_ml,72.9,0.2516,False,True
GS-JOB-000067,finance,BACKUP,US-TX,4.334,118,2026-09-08T21:00:00,2026-09-08T22:58:00,342.0,1.482228,1.47356,0.0,0.0,0.265223,0.265223,0.0,0.0,0.27,0.27,0.0,2.84,True,Flat,batch_contention_aware_ml,91.4,0.2516,True,True
GS-JOB-000068,finance,REPORT_GENERATION,SE,2.726,35,2026-09-08T18:09:20.000345,2026-09-08T18:44:20.000345,19.0,0.051794,0.051794,0.0,0.0,0.008805,0.008805,0.0,0.0,0.09,0.09,0.0,0.0,True,Demand,batch_contention_aware_ml,45.7,0.9977,False,True
GS-JOB-000069,analytics,IMAGE_PROCESSING,AU-SA-Large,22.506,218,2026-09-08T23:00:00,2026-09-09T02:38:00,44.0,0.990264,0.855228,0.0,0.0,0.0,0.0,0.0,0.0,0.0,0.0,0.0,4.84,True,Demand,batch_contention_aware_ml,38.6,0.2516,True,True
GS-JOB-000070,data-engineering,ETL,AU-SA-Small,11.76,84,2026-09-08T23:00:00,2026-09-09T00:24:00,44.0,0.51744,0.44688,0.0,0.0,0.68796,0.68796,0.0,0.0,1.06,1.06,0.0,4.84,True,ToD,batch_contention_aware_ml,97.1,0.2516,True,True
GS-JOB-000071,operations,BACKUP,IN-TG,11.583,178,2026-09-08T18:09:20.000345,2026-09-08T21:07:20.000345,533.0,6.173739,6.173739,0.0,0.0,0.993821,0.993821,0.0,0.0,82.82,82.82,0.0,0.0,True,ToD,batch_contention_aware_ml,40.0,0.9977,False,True
GS-JOB-000072,operations,ETL,IN-GJ,7.298,107,2026-09-08T18:09:20.000345,2026-09-08T19:56:20.000345,651.0,4.750998,4.750998,0.0,0.0,0.350304,0.350304,0.0,0.0,29.19,29.19,0.0,0.0,True,ToD,batch_contention_aware_ml,50.0,0.9977,False,True
GS-JOB-000073,finance,ANALYTICS,IN-WB,4.462,58,2026-09-08T18:09:20.000345,2026-09-08T19:07:20.000345,750.0,3.3465,3.3465,0.0,0.0,0.238271,0.238271,0.0,0.0,19.86,19.86,0.0,0.0,True,ToD,batch_contention_aware_ml,100.0,0.9977,True,True
GS-JOB-000074,finance,DATA_PROCESSING,IN-PB,4.2,84,2026-09-09T08:00:00,2026-09-09T09:24:00,329.0,1.3818,2.0706,0.6888,33.27,0.3528,0.3024,-0.0504,-16.67,29.4,25.2,-4.2,13.84,True,ToD,batch_contention_aware_ml,10.0,0.2516,False,True
GS-JOB-000075,analytics,DATA_PROCESSING,US-CA,1.995,34,2026-09-08T19:00:00,2026-09-08T19:34:00,168.0,0.33516,0.26733,0.0,0.0,0.229066,0.229066,0.0,0.0,0.23,0.23,0.0,0.84,True,ToD,batch_contention_aware_ml,97.1,0.2516,True,True
GS-JOB-000076,analytics,DATA_PROCESSING,US-NY,2.266,62,2026-09-09T07:00:00,2026-09-09T08:02:00,316.0,0.716056,0.784036,0.06798,8.67,0.471328,0.471328,0.0,0.0,0.47,0.47,0.0,12.84,True,Demand,batch_contention_aware_ml,64.3,0.2516,False,True
GS-JOB-000077,ml-platform,ML_TRAINING,US-TX,280.105,453,2026-09-08T19:00:00,2026-09-09T02:33:00,327.0,91.594335,95.2357,3.641365,3.82,17.141306,17.141306,0.0,0.0,17.14,17.14,0.0,0.84,True,Flat,batch_contention_aware_ml,60.0,0.2516,False,True
GS-JOB-000078,operations,BACKUP,SE,8.316,79,2026-09-08T22:00:00,2026-09-08T23:19:00,15.0,0.12474,0.158004,0.033264,21.05,0.026861,0.026861,0.0,0.0,0.28,0.28,0.0,3.84,True,Demand,batch_contention_aware_ml,55.7,0.2516,False,True
GS-JOB-000079,operations,DATA_PROCESSING,AU-SA-Large,1.87,51,2026-09-09T18:00:00,2026-09-09T18:51:00,43.0,0.08041,0.07106,0.0,0.0,0.0,0.0,0.0,0.0,0.0,0.0,0.0,23.84,True,Demand,batch_contention_aware_ml,7.1,0.9977,True,True
GS-JOB-000080,analytics,IMAGE_PROCESSING,AU-SA-Small,12.573,76,2026-09-08T18:09:20.000345,2026-09-08T19:25:20.000345,38.0,0.477774,0.477774,0.0,0.0,0.735521,0.735521,0.0,0.0,1.13,1.13,0.0,0.0,True,ToD,batch_contention_aware_ml,28.6,0.9977,False,True
GS-JOB-000081,analytics,ETL,IN-TG,19.278,214,2026-09-08T18:09:20.000345,2026-09-08T21:43:20.000345,533.0,10.275174,10.275174,0.0,0.0,1.654052,1.654052,0.0,0.0,137.84,137.84,0.0,0.0,True,ToD,batch_contention_aware_ml,64.3,0.9977,False,True
GS-JOB-000082,data-engineering,ETL,IN-GJ,21.09,222,2026-09-08T18:09:20.000345,2026-09-08T21:51:20.000345,651.0,13.72959,13.72959,0.0,0.0,1.01232,1.01232,0.0,0.0,84.36,84.36,0.0,0.0,True,ToD,batch_contention_aware_ml,2.9,0.9977,False,True
GS-JOB-000083,data-engineering,ETL,IN-WB,15.416,113,2026-09-08T18:09:20.000345,2026-09-08T20:02:20.000345,750.0,11.562,11.562,0.0,0.0,0.823214,0.823214,0.0,0.0,68.6,68.6,0.0,0.0,True,ToD,batch_contention_aware_ml,80.0,0.9977,False,True
GS-JOB-000084,ml-platform,REPORT_GENERATION,IN-PB,5.082,145,2026-09-08T18:09:20.000345,2026-09-08T20:34:20.000345,493.0,2.505426,2.505426,0.0,0.0,0.365904,0.365904,0.0,0.0,30.49,30.49,0.0,0.0,True,ToD,batch_contention_aware_ml,100.0,0.9977,True,True
GS-JOB-000085,data-engineering,DATA_PROCESSING,US-CA,1.8,36,2026-09-08T23:00:00,2026-09-08T23:36:00,221.0,0.3978,0.2412,0.0,0.0,0.318636,0.206676,-0.11196,-54.17,0.32,0.21,-0.11,4.84,True,ToD,batch_contention_aware_ml,88.6,0.2516,True,True
GS-JOB-000086,analytics,BACKUP,US-NY,4.312,46,2026-09-09T07:00:00,2026-09-09T07:46:00,316.0,1.362592,1.491952,0.12936,8.67,0.896896,0.896896,0.0,0.0,0.9,0.9,0.0,12.84,True,Demand,batch_contention_aware_ml,14.3,0.2516,False,True
GS-JOB-000087,data-engineering,ETL,US-TX,21.708,161,2026-09-08T19:00:00,2026-09-08T21:41:00,327.0,7.098516,7.38072,0.282204,3.82,1.328443,1.328443,0.0,0.0,1.33,1.33,0.0,0.84,True,Flat,batch_contention_aware_ml,31.4,0.2516,False,True
GS-JOB-000088,data-engineering,ETL,SE,22.032,163,2026-09-08T22:00:00,2026-09-09T00:43:00,15.0,0.33048,0.418608,0.088128,21.05,0.071163,0.071163,0.0,0.0,0.75,0.75,0.0,3.84,True,Demand,batch_contention_aware_ml,50.0,0.2516,False,True
GS-JOB-000089,finance,REPORT_GENERATION,AU-SA-Large,7.112,76,2026-09-08T18:09:20.000345,2026-09-08T19:25:20.000345,38.0,0.270256,0.270256,0.0,0.0,0.0,0.0,0.0,0.0,0.0,0.0,0.0,0.0,True,Demand,batch_contention_aware_ml,54.3,0.9977,False,True
GS-JOB-000090,analytics,IMAGE_PROCESSING,AU-SA-Small,81.9,351,2026-09-08T18:09:20.000345,2026-09-09T00:00:20.000345,38.0,3.1122,3.1122,0.0,0.0,4.79115,4.79115,0.0,0.0,7.37,7.37,0.0,0.0,True,ToD,batch_contention_aware_ml,22.9,0.9977,False,True
GS-JOB-000091,ml-platform,ML_TRAINING,IN-TG,252.0,504,2026-09-08T20:00:00,2026-09-09T04:24:00,563.0,141.876,134.316,0.0,0.0,21.6216,21.6216,0.0,0.0,1801.8,1801.8,0.0,1.84,True,ToD,batch_contention_aware_ml,91.4,0.2516,True,True
GS-JOB-000092,operations,BACKUP,IN-GJ,5.304,61,2026-09-09T07:00:00,2026-09-09T08:01:00,504.0,2.673216,3.452904,0.779688,22.58,0.216403,0.254592,0.038189,15.0,18.03,21.22,3.18,12.84,True,ToD,batch_contention_aware_ml,32.9,0.2516,False,True
GS-JOB-000093,finance,BACKUP,IN-WB,7.296,115,2026-09-09T14:00:00,2026-09-09T15:55:00,742.0,5.413632,5.472,0.058368,1.07,0.958694,0.389606,-0.569088,-146.07,79.89,32.47,-47.42,19.84,True,ToD,batch_contention_aware_ml,31.4,0.9977,False,True
GS-JOB-000094,analytics,IMAGE_PROCESSING,IN-PB,24.335,94,2026-09-08T18:09:20.000345,2026-09-08T19:43:20.000345,493.0,11.997155,11.997155,0.0,0.0,1.75212,1.75212,0.0,0.0,146.01,146.01,0.0,0.0,True,ToD,batch_contention_aware_ml,58.6,0.9977,False,True
GS-JOB-000095,analytics,ETL,US-CA,25.198,176,2026-09-08T18:09:20.000345,2026-09-08T21:05:20.000345,134.0,3.376532,3.376532,0.0,0.0,2.893234,2.893234,0.0,0.0,2.89,2.89,0.0,0.0,True,ToD,batch_contention_aware_ml,85.7,0.9977,False,True
GS-JOB-000096,operations,ML_TRAINING,US-NY,225.225,429,2026-09-09T07:00:00,2026-09-09T14:09:00,316.0,71.1711,77.92785,6.75675,8.67,46.8468,46.8468,0.0,0.0,46.85,46.85,0.0,12.84,True,Demand,batch_contention_aware_ml,42.9,0.2516,False,True
GS-JOB-000097,ml-platform,ETL,US-TX,15.675,99,2026-09-08T21:00:00,2026-09-08T22:39:00,342.0,5.36085,5.3295,0.0,0.0,0.959247,0.959247,0.0,0.0,0.96,0.96,0.0,2.84,True,Flat,batch_contention_aware_ml,90.0,0.2516,True,True
GS-JOB-000098,operations,DATA_PROCESSING,SE,1.4,24,2026-09-08T18:09:20.000345,2026-09-08T18:33:20.000345,19.0,0.0266,0.0266,0.0,0.0,0.004522,0.004522,0.0,0.0,0.05,0.05,0.0,0.0,True,Demand,batch_contention_aware_ml,55.7,0.9977,False,True
GS-JOB-000099,data-engineering,ETL,AU-SA-Large,10.65,128,2026-09-08T18:09:20.000345,2026-09-08T20:17:20.000345,38.0,0.4047,0.4047,0.0,0.0,0.0,0.0,0.0,0.0,0.0,0.0,0.0,0.0,True,Demand,batch_contention_aware_ml,97.1,0.9977,False,True
GS-JOB-000100,operations,DATA_PROCESSING,AU-SA-Small,2.318,73,2026-09-09T19:00:00,2026-09-09T20:13:00,43.0,0.099674,0.088084,0.0,0.0,0.135603,0.135603,0.0,0.0,0.21,0.21,0.0,24.84,True,ToD,batch_contention_aware_ml,11.4,0.2516,True,True
GS-JOB-000101,operations,DATA_PROCESSING,IN-TG,3.045,63,2026-09-09T08:00:00,2026-09-09T09:03:00,382.0,1.16319,1.622985,0.459795,28.33,0.261261,0.261261,0.0,0.0,21.77,21.77,0.0,13.84,True,ToD,batch_contention_aware_ml,27.1,0.2516,False,True
GS-JOB-000102,ml-platform,ANALYTICS,IN-GJ,4.559,58,2026-09-08T18:09:20.000345,2026-09-08T19:07:20.000345,651.0,2.967909,2.967909,0.0,0.0,0.218832,0.218832,0.0,0.0,18.24,18.24,0.0,0.0,True,ToD,batch_contention_aware_ml,14.3,0.9977,False,True
GS-JOB-000103,data-engineering,ETL,IN-WB,7.75,93,2026-09-09T14:00:00,2026-09-09T15:33:00,742.0,5.7505,5.8125,0.062,1.07,1.01835,0.41385,-0.6045,-146.07,84.86,34.49,-50.38,19.84,True,ToD,batch_contention_aware_ml,5.7,0.9977,False,True
GS-JOB-000104,finance,DATA_PROCESSING,IN-PB,0.731,26,2026-09-08T18:09:20.000345,2026-09-08T18:35:20.000345,493.0,0.360383,0.360383,0.0,0.0,0.052632,0.052632,0.0,0.0,4.39,4.39,0.0,0.0,True,ToD,batch_contention_aware_ml,100.0,0.9977,False,True
GS-JOB-000105,ml-platform,ML_TRAINING,US-CA,204.876,325,2026-09-08T22:00:00,2026-09-09T03:25:00,209.0,42.819084,27.453384,0.0,0.0,29.147709,23.523862,-5.623846,-23.91,29.15,23.52,-5.62,3.84,True,ToD,batch_contention_aware_ml,94.3,0.2516,True,True
GS-JOB-000106,operations,DATA_PROCESSING,US-NY,2.744,59,2026-09-09T07:00:00,2026-09-09T07:59:00,316.0,0.867104,0.949424,0.08232,8.67,0.570752,0.570752,0.0,0.0,0.57,0.57,0.0,12.84,True,Demand,batch_contention_aware_ml,28.6,0.2516,False,True
GS-JOB-000107,operations,REPORT_GENERATION,US-TX,8.745,159,2026-09-09T14:00:00,2026-09-09T16:39:00,295.0,2.579775,2.9733,0.393525,13.24,0.535159,0.535159,0.0,0.0,0.54,0.54,0.0,19.84,True,Flat,batch_contention_aware_ml,2.9,0.9977,False,True
GS-JOB-000108,finance,BACKUP,SE,17.889,160,2026-09-08T23:00:00,2026-09-09T01:40:00,15.0,0.268335,0.339891,0.071556,21.05,0.057781,0.057781,0.0,0.0,0.61,0.61,0.0,4.84,True,Demand,batch_contention_aware_ml,100.0,0.2516,True,True
GS-JOB-000109,data-engineering,ETL,AU-SA-Large,21.85,138,2026-09-08T23:00:00,2026-09-09T01:18:00,44.0,0.9614,0.8303,0.0,0.0,0.0,0.0,0.0,0.0,0.0,0.0,0.0,4.84,True,Demand,batch_contention_aware_ml,68.6,0.2516,True,True
GS-JOB-000110,finance,REPORT_GENERATION,AU-SA-Small,6.248,85,2026-09-09T19:00:00,2026-09-09T20:25:00,43.0,0.268664,0.237424,0.0,0.0,0.365508,0.365508,0.0,0.0,0.56,0.56,0.0,24.84,True,ToD,batch_contention_aware_ml,8.6,0.2516,True,True
GS-JOB-000111,operations,ML_TRAINING,IN-TG,157.563,256,2026-09-08T18:09:20.000345,2026-09-08T22:25:20.000345,533.0,83.981079,83.981079,0.0,0.0,13.518905,13.518905,0.0,0.0,1126.58,1126.58,0.0,0.0,True,ToD,batch_contention_aware_ml,75.7,0.9977,False,True
GS-JOB-000112,operations,BACKUP,IN-GJ,9.758,172,2026-09-08T19:00:00,2026-09-08T21:52:00,678.0,6.615924,6.352458,0.0,0.0,0.468384,0.468384,0.0,0.0,39.03,39.03,0.0,0.84,True,ToD,batch_contention_aware_ml,88.6,0.2516,True,True
GS-JOB-000113,ml-platform,ANALYTICS,IN-WB,1.824,23,2026-09-08T18:09:20.000345,2026-09-08T18:32:20.000345,750.0,1.368,1.368,0.0,0.0,0.097402,0.097402,0.0,0.0,8.12,8.12,0.0,0.0,True,ToD,batch_contention_aware_ml,98.6,0.9977,True,True
GS-JOB-000114,analytics,ETL,IN-PB,4.032,38,2026-09-09T03:00:00,2026-09-09T03:38:00,389.0,1.568448,1.987776,0.419328,21.1,0.338688,0.290304,-0.048384,-16.67,28.22,24.19,-4.03,8.84,True,ToD,batch_contention_aware_ml,17.1,0.2516,False,True
GS-JOB-000115,analytics,ML_TRAINING,US-CA,85.54,282,2026-09-09T19:00:00,2026-09-09T23:42:00,178.0,15.22612,11.46236,0.0,0.0,9.821703,9.821703,0.0,0.0,9.82,9.82,0.0,24.84,True,ToD,batch_contention_aware_ml,11.4,0.2516,True,True
GS-JOB-000116,ml-platform,ANALYTICS,US-NY,2.418,56,2026-09-08T18:09:20.000345,2026-09-08T19:05:20.000345,346.0,0.836628,0.836628,0.0,0.0,0.502944,0.502944,0.0,0.0,0.5,0.5,0.0,0.0,True,Demand,batch_contention_aware_ml,20.0,0.9977,False,True
GS-JOB-000117,finance,REPORT_GENERATION,US-TX,15.675,171,2026-09-08T21:00:00,2026-09-08T23:51:00,342.0,5.36085,5.3295,0.0,0.0,0.959247,0.959247,0.0,0.0,0.96,0.96,0.0,2.84,True,Flat,batch_contention_aware_ml,94.3,0.2516,True,True
GS-JOB-000118,analytics,DATA_PROCESSING,SE,0.903,26,2026-09-08T18:09:20.000345,2026-09-08T18:35:20.000345,19.0,0.017157,0.017157,0.0,0.0,0.002917,0.002917,0.0,0.0,0.03,0.03,0.0,0.0,True,Demand,batch_contention_aware_ml,65.7,0.9977,False,True
GS-JOB-000119,operations,DATA_PROCESSING,AU-SA-Large,1.825,44,2026-09-09T18:00:00,2026-09-09T18:44:00,43.0,0.078475,0.06935,0.0,0.0,0.0,0.0,0.0,0.0,0.0,0.0,0.0,23.84,True,Demand,batch_contention_aware_ml,28.6,0.9977,True,True
GS-JOB-000120,operations,REPORT_GENERATION,AU-SA-Small,7.014,100,2026-09-08T18:09:20.000345,2026-09-08T19:49:20.000345,38.0,0.266532,0.266532,0.0,0.0,0.410319,0.410319,0.0,0.0,0.63,0.63,0.0,0.0,True,ToD,batch_contention_aware_ml,95.7,0.9977,False,True
GS-JOB-000121,ml-platform,ML_TRAINING,IN-TG,106.72,400,2026-09-09T08:00:00,2026-09-09T14:40:00,382.0,40.76704,56.88176,16.11472,28.33,9.156576,9.156576,0.0,0.0,763.05,763.05,0.0,13.84,True,ToD,batch_contention_aware_ml,44.3,0.2516,False,True
GS-JOB-000122,operations,DATA_PROCESSING,IN-GJ,1.302,25,2026-09-08T18:09:20.000345,2026-09-08T18:34:20.000345,651.0,0.847602,0.847602,0.0,0.0,0.062496,0.062496,0.0,0.0,5.21,5.21,0.0,0.0,True,ToD,batch_contention_aware_ml,100.0,0.9977,True,True
GS-JOB-000123,data-engineering,ETL,IN-WB,8.19,109,2026-09-08T18:09:20.000345,2026-09-08T19:58:20.000345,750.0,6.1425,6.1425,0.0,0.0,0.437346,0.437346,0.0,0.0,36.45,36.45,0.0,0.0,True,ToD,batch_contention_aware_ml,98.6,0.9977,False,True
GS-JOB-000124,finance,REPORT_GENERATION,IN-PB,2.552,35,2026-09-09T00:00:00,2026-09-09T00:35:00,508.0,1.296416,1.258136,0.0,0.0,0.183744,0.183744,0.0,0.0,15.31,15.31,0.0,5.84,True,ToD,batch_contention_aware_ml,25.7,0.2516,True,True
GS-JOB-000125,analytics,IMAGE_PROCESSING,US-CA,35.937,178,2026-09-09T19:00:00,2026-09-09T21:58:00,178.0,6.396786,4.815558,0.0,0.0,4.126286,4.126286,0.0,0.0,4.13,4.13,0.0,24.84,True,ToD,batch_contention_aware_ml,35.7,0.2516,True,True
GS-JOB-000126,operations,DATA_PROCESSING,US-NY,1.922,37,2026-09-09T07:00:00,2026-09-09T07:37:00,316.0,0.607352,0.665012,0.05766,8.67,0.399776,0.399776,0.0,0.0,0.4,0.4,0.0,12.84,True,Demand,batch_contention_aware_ml,51.4,0.2516,False,True
GS-JOB-000127,finance,REPORT_GENERATION,US-TX,9.044,143,2026-09-08T18:09:20.000345,2026-09-08T20:32:20.000345,340.0,3.07496,3.07496,0.0,0.0,0.553457,0.553457,0.0,0.0,0.55,0.55,0.0,0.0,False,Flat,batch_contention_aware_ml,20.0,0.9977,False,True
GS-JOB-000128,operations,DATA_PROCESSING,SE,4.375,75,2026-09-08T22:00:00,2026-09-08T23:15:00,15.0,0.065625,0.083125,0.0175,21.05,0.014131,0.014131,0.0,0.0,0.15,0.15,0.0,3.84,True,Demand,batch_contention_aware_ml,64.3,0.2516,False,True
GS-JOB-000129,analytics,IMAGE_PROCESSING,AU-SA-Large,53.669,172,2026-09-08T18:09:20.000345,2026-09-08T21:01:20.000345,38.0,2.039422,2.039422,0.0,0.0,0.0,0.0,0.0,0.0,0.0,0.0,0.0,0.0,True,Demand,batch_contention_aware_ml,11.4,0.9977,False,True
GS-JOB-000130,analytics,IMAGE_PROCESSING,AU-SA-Small,29.799,232,2026-09-08T23:00:00,2026-09-09T02:52:00,44.0,1.311156,1.132362,0.0,0.0,1.743242,1.743242,0.0,0.0,2.68,2.68,0.0,4.84,True,ToD,batch_contention_aware_ml,71.4,0.2516,True,True
GS-JOB-000131,finance,REPORT_GENERATION,IN-TG,4.32,65,2026-09-08T18:09:20.000345,2026-09-08T19:14:20.000345,533.0,2.30256,2.30256,0.0,0.0,0.370656,0.370656,0.0,0.0,30.89,30.89,0.0,0.0,True,ToD,batch_contention_aware_ml,97.1,0.9977,False,True
GS-JOB-000132,ml-platform,ETL,IN-GJ,6.072,152,2026-09-08T20:00:00,2026-09-08T22:32:00,681.0,4.135032,3.952872,0.0,0.0,0.291456,0.291456,0.0,0.0,24.29,24.29,0.0,1.84,True,ToD,batch_contention_aware_ml,74.3,0.2516,True,True
GS-JOB-000133,data-engineering,ETL,IN-WB,18.291,164,2026-09-09T14:00:00,2026-09-09T16:44:00,742.0,13.571922,13.71825,0.146328,1.07,2.403437,0.976739,-1.426698,-146.07,200.29,81.39,-118.89,19.84,True,ToD,batch_contention_aware_ml,28.6,0.9977,False,True
GS-JOB-000134,operations,BACKUP,IN-PB,18.144,151,2026-09-08T20:00:00,2026-09-08T22:31:00,518.0,9.398592,8.944992,0.0,0.0,1.306368,1.306368,0.0,0.0,108.86,108.86,0.0,1.84,True,ToD,batch_contention_aware_ml,90.0,0.2516,True,True
GS-JOB-000135,ml-platform,ETL,US-CA,2.94,88,2026-09-08T18:09:20.000345,2026-09-08T19:37:20.000345,134.0,0.39396,0.39396,0.0,0.0,0.337571,0.337571,0.0,0.0,0.34,0.34,0.0,0.0,True,ToD,batch_contention_aware_ml,42.9,0.9977,False,True
GS-JOB-000136,operations,DATA_PROCESSING,US-NY,5.22,87,2026-09-09T07:00:00,2026-09-09T08:27:00,316.0,1.64952,1.80612,0.1566,8.67,1.08576,1.08576,0.0,0.0,1.09,1.09,0.0,12.84,True,Demand,batch_contention_aware_ml,10.0,0.2516,False,True
GS-JOB-000137,finance,REPORT_GENERATION,US-TX,2.304,77,2026-09-08T21:00:00,2026-09-08T22:17:00,342.0,0.787968,0.78336,0.0,0.0,0.140996,0.140996,0.0,0.0,0.14,0.14,0.0,2.84,True,Flat,batch_contention_aware_ml,98.6,0.2516,True,True
GS-JOB-000138,data-engineering,ANALYTICS,SE,1.344,29,2026-09-08T18:09:20.000345,2026-09-08T18:38:20.000345,19.0,0.025536,0.025536,0.0,0.0,0.004341,0.004341,0.0,0.0,0.05,0.05,0.0,0.0,True,Demand,batch_contention_aware_ml,52.9,0.9977,False,True
GS-JOB-000139,data-engineering,ETL,AU-SA-Large,8.827,58,2026-09-08T18:09:20.000345,2026-09-08T19:07:20.000345,38.0,0.335426,0.335426,0.0,0.0,0.0,0.0,0.0,0.0,0.0,0.0,0.0,0.0,True,Demand,batch_contention_aware_ml,34.3,0.9977,False,True
GS-JOB-000140,operations,DATA_PROCESSING,AU-SA-Small,2.938,68,2026-09-09T19:00:00,2026-09-09T20:08:00,43.0,0.126334,0.111644,0.0,0.0,0.171873,0.171873,0.0,0.0,0.26,0.26,0.0,24.84,True,ToD,batch_contention_aware_ml,2.9,0.2516,True,True
GS-JOB-000141,data-engineering,ETL,IN-TG,11.438,80,2026-09-08T20:00:00,2026-09-08T21:20:00,563.0,6.439594,6.096454,0.0,0.0,0.98138,0.98138,0.0,0.0,81.78,81.78,0.0,1.84,True,ToD,batch_contention_aware_ml,78.6,0.2516,True,True
GS-JOB-000142,operations,DATA_PROCESSING,IN-GJ,0.6,18,2026-09-09T07:00:00,2026-09-09T07:18:00,504.0,0.3024,0.3906,0.0882,22.58,0.02448,0.0288,0.00432,15.0,2.04,2.4,0.36,12.84,True,ToD,batch_contention_aware_ml,30.0,0.2516,False,True
GS-JOB-000143,finance,ANALYTICS,IN-WB,1.715,21,2026-09-08T18:09:20.000345,2026-09-08T18:30:20.000345,750.0,1.28625,1.28625,0.0,0.0,0.091581,0.091581,0.0,0.0,7.63,7.63,0.0,0.0,True,ToD,batch_contention_aware_ml,98.6,0.9977,True,True
GS-JOB-000144,operations,BACKUP,IN-PB,22.24,167,2026-09-09T08:00:00,2026-09-09T10:47:00,329.0,7.31696,10.96432,3.64736,33.27,1.86816,1.60128,-0.26688,-16.67,155.68,133.44,-22.24,13.84,True,ToD,batch_contention_aware_ml,21.4,0.2516,False,True
GS-JOB-000145,operations,BACKUP,US-CA,3.7,30,2026-09-09T19:00:00,2026-09-09T19:30:00,178.0,0.6586,0.4958,0.0,0.0,0.424834,0.424834,0.0,0.0,0.42,0.42,0.0,24.84,True,ToD,batch_contention_aware_ml,24.3,0.2516,True,True
GS-JOB-000146,operations,DATA_PROCESSING,US-NY,3.08,84,2026-09-09T05:00:00,2026-09-09T06:24:00,325.0,1.001,1.06568,0.06468,6.07,0.64064,0.64064,0.0,0.0,0.64,0.64,0.0,10.84,True,Demand,batch_contention_aware_ml,5.7,0.2516,False,True
GS-JOB-000147,ml-platform,IMAGE_PROCESSING,US-TX,60.762,320,2026-09-09T14:00:00,2026-09-09T19:20:00,295.0,17.92479,20.65908,2.73429,13.24,3.718391,3.718391,0.0,0.0,3.72,3.72,0.0,19.84,True,Flat,batch_contention_aware_ml,8.6,0.9977,False,True
GS-JOB-000148,operations,DATA_PROCESSING,SE,0.903,26,2026-09-09T01:00:00,2026-09-09T01:26:00,15.0,0.013545,0.017157,0.003612,21.05,0.002917,0.002917,0.0,0.0,0.03,0.03,0.0,6.84,True,Demand,batch_contention_aware_ml,30.0,0.2516,True,True
GS-JOB-000149,finance,ETL,AU-SA-Large,5.082,46,2026-09-08T23:00:00,2026-09-08T23:46:00,44.0,0.223608,0.193116,0.0,0.0,0.0,0.0,0.0,0.0,0.0,0.0,0.0,4.84,True,Demand,batch_contention_aware_ml,74.3,0.2516,True,True
GS-JOB-000150,data-engineering,ETL,AU-SA-Small,5.472,43,2026-09-08T18:09:20.000345,2026-09-08T18:52:20.000345,38.0,0.207936,0.207936,0.0,0.0,0.320112,0.320112,0.0,0.0,0.49,0.49,0.0,0.0,True,ToD,batch_contention_aware_ml,42.9,0.9977,False,True
GS-JOB-000151,ml-platform,ML_TRAINING,IN-TG,168.923,404,2026-09-09T05:00:00,2026-09-09T11:44:00,392.0,66.217816,90.035959,23.818143,26.45,14.493593,14.493593,0.0,0.0,1207.8,1207.8,0.0,10.84,True,ToD,batch_contention_aware_ml,17.1,0.2516,False,True
GS-JOB-000152,ml-platform,BACKUP,IN-GJ,8.514,119,2026-09-09T04:00:00,2026-09-09T05:59:00,541.0,4.606074,5.542614,0.93654,16.9,0.454648,0.408672,-0.045976,-11.25,37.89,34.06,-3.83,9.84,True,ToD,batch_contention_aware_ml,11.4,0.2516,False,True
GS-JOB-000153,ml-platform,ML_TRAINING,IN-WB,81.774,277,2026-09-09T14:00:00,2026-09-09T18:37:00,742.0,60.676308,61.3305,0.654192,1.07,10.745104,4.366732,-6.378372,-146.07,895.43,363.89,-531.53,19.84,True,ToD,batch_contention_aware_ml,20.0,0.9977,False,True
GS-JOB-000154,operations,DATA_PROCESSING,IN-PB,4.116,88,2026-09-08T20:00:00,2026-09-08T21:28:00,518.0,2.132088,2.029188,0.0,0.0,0.296352,0.296352,0.0,0.0,24.7,24.7,0.0,1.84,True,ToD,batch_contention_aware_ml,97.1,0.2516,True,True
GS-JOB-000155,data-engineering,ETL,US-CA,28.122,196,2026-09-08T18:09:20.000345,2026-09-08T21:25:20.000345,134.0,3.768348,3.768348,0.0,0.0,3.228968,3.228968,0.0,0.0,3.23,3.23,0.0,0.0,True,ToD,batch_contention_aware_ml,31.4,0.9977,False,True
GS-JOB-000156,finance,REPORT_GENERATION,US-NY,6.29,111,2026-09-08T18:09:20.000345,2026-09-08T20:00:20.000345,346.0,2.17634,2.17634,0.0,0.0,1.30832,1.30832,0.0,0.0,1.31,1.31,0.0,0.0,True,Demand,batch_contention_aware_ml,18.6,0.9977,False,True
GS-JOB-000157,operations,BACKUP,US-TX,3.55,30,2026-09-08T19:00:00,2026-09-08T19:30:00,327.0,1.16085,1.207,0.04615,3.82,0.217246,0.217246,0.0,0.0,0.22,0.22,0.0,0.84,True,Flat,batch_contention_aware_ml,45.7,0.2516,False,True
GS-JOB-000158,data-engineering,ETL,SE,18.63,162,2026-09-08T22:00:00,2026-09-09T00:42:00,15.0,0.27945,0.35397,0.07452,21.05,0.060175,0.060175,0.0,0.0,0.63,0.63,0.0,3.84,True,Demand,batch_contention_aware_ml,37.1,0.2516,False,True
GS-JOB-000159,analytics,ML_TRAINING,AU-SA-Large,152.845,238,2026-09-08T22:00:00,2026-09-09T01:58:00,45.0,6.878025,5.80811,0.0,0.0,0.0,0.0,0.0,0.0,0.0,0.0,0.0,3.84,True,Demand,batch_contention_aware_ml,22.9,0.2516,True,True
GS-JOB-000160,operations,BACKUP,AU-SA-Small,16.644,175,2026-09-08T18:09:20.000345,2026-09-08T21:04:20.000345,38.0,0.632472,0.632472,0.0,0.0,0.973674,0.973674,0.0,0.0,1.5,1.5,0.0,0.0,True,ToD,batch_contention_aware_ml,81.4,0.9977,False,True
GS-JOB-000161,operations,BACKUP,IN-TG,16.359,172,2026-09-08T18:09:20.000345,2026-09-08T21:01:20.000345,533.0,8.719347,8.719347,0.0,0.0,1.403602,1.403602,0.0,0.0,116.97,116.97,0.0,0.0,True,ToD,batch_contention_aware_ml,100.0,0.9977,False,True
GS-JOB-000162,operations,IMAGE_PROCESSING,IN-GJ,47.177,148,2026-09-08T18:09:20.000345,2026-09-08T20:37:20.000345,651.0,30.712227,30.712227,0.0,0.0,2.264496,2.264496,0.0,0.0,188.71,188.71,0.0,0.0,True,ToD,batch_contention_aware_ml,72.9,0.9977,False,True
GS-JOB-000163,finance,ETL,IN-WB,13.144,149,2026-09-08T18:09:20.000345,2026-09-08T20:38:20.000345,750.0,9.858,9.858,0.0,0.0,0.70189,0.70189,0.0,0.0,58.49,58.49,0.0,0.0,False,ToD,batch_contention_aware_ml,2.9,0.9977,False,True
GS-JOB-000164,analytics,ETL,IN-PB,37.044,227,2026-09-08T18:09:20.000345,2026-09-08T21:56:20.000345,493.0,18.262692,18.262692,0.0,0.0,2.667168,2.667168,0.0,0.0,222.26,222.26,0.0,0.0,True,ToD,batch_contention_aware_ml,47.1,0.9977,False,True
GS-JOB-000165,data-engineering,BACKUP,US-CA,8.4,90,2026-09-08T22:00:00,2026-09-08T23:30:00,209.0,1.7556,1.1256,0.0,0.0,1.195068,0.964488,-0.23058,-23.91,1.2,0.96,-0.23,3.84,True,ToD,batch_contention_aware_ml,100.0,0.2516,True,True
GS-JOB-000166,data-engineering,ETL,US-NY,37.8,227,2026-09-08T18:09:20.000345,2026-09-08T21:56:20.000345,346.0,13.0788,13.0788,0.0,0.0,7.8624,7.8624,0.0,0.0,7.86,7.86,0.0,0.0,True,Demand,batch_contention_aware_ml,80.0,0.9977,False,True
GS-JOB-000167,analytics,ML_TRAINING,US-TX,31.779,178,2026-09-08T18:09:20.000345,2026-09-08T21:07:20.000345,340.0,10.80486,10.80486,0.0,0.0,1.944748,1.944748,0.0,0.0,1.94,1.94,0.0,0.0,True,Flat,batch_contention_aware_ml,17.1,0.9977,False,True
GS-JOB-000168,operations,BACKUP,SE,7.452,65,2026-09-08T19:00:00,2026-09-08T20:05:00,17.0,0.126684,0.141588,0.014904,10.53,0.02407,0.02407,0.0,0.0,0.25,0.25,0.0,0.84,True,Demand,batch_contention_aware_ml,30.0,0.2516,False,True
GS-JOB-000169,data-engineering,ETL,AU-SA-Large,19.107,116,2026-09-08T23:00:00,2026-09-09T00:56:00,44.0,0.840708,0.726066,0.0,0.0,0.0,0.0,0.0,0.0,0.0,0.0,0.0,4.84,True,Demand,batch_contention_aware_ml,51.4,0.2516,True,True
GS-JOB-000170,data-engineering,ETL,AU-SA-Small,4.096,77,2026-09-08T18:09:20.000345,2026-09-08T19:26:20.000345,38.0,0.155648,0.155648,0.0,0.0,0.239616,0.239616,0.0,0.0,0.37,0.37,0.0,0.0,True,ToD,batch_contention_aware_ml,100.0,0.9977,True,True
GS-JOB-000171,data-engineering,ETL,IN-TG,10.428,79,2026-09-09T02:00:00,2026-09-09T03:19:00,501.0,5.224428,5.558124,0.333696,6.0,0.95729,0.894722,-0.062568,-6.99,79.77,74.56,-5.21,7.84,True,ToD,batch_contention_aware_ml,5.7,0.2516,False,True
GS-JOB-000172,analytics,DATA_PROCESSING,IN-GJ,3.5,84,2026-09-08T18:09:20.000345,2026-09-08T19:33:20.000345,651.0,2.2785,2.2785,0.0,0.0,0.168,0.168,0.0,0.0,14.0,14.0,0.0,0.0,True,ToD,batch_contention_aware_ml,45.7,0.9977,False,True
GS-JOB-000173,finance,REPORT_GENERATION,IN-WB,3.808,41,2026-09-09T14:00:00,2026-09-09T14:41:00,742.0,2.825536,2.856,0.030464,1.07,0.500371,0.203347,-0.297024,-146.07,41.7,16.95,-24.75,19.84,True,ToD,batch_contention_aware_ml,64.3,0.9977,False,True
GS-JOB-000174,operations,ETL,IN-PB,7.497,88,2026-09-09T08:00:00,2026-09-09T09:28:00,329.0,2.466513,3.696021,1.229508,33.27,0.629748,0.539784,-0.089964,-16.67,52.48,44.98,-7.5,13.84,True,ToD,batch_contention_aware_ml,12.9,0.2516,False,True
GS-JOB-000175,data-engineering,ETL,US-CA,4.795,82,2026-09-08T21:00:00,2026-09-08T22:22:00,187.0,0.896665,0.64253,0.0,0.0,0.682185,0.550562,-0.131623,-23.91,0.68,0.55,-0.13,2.84,True,ToD,batch_contention_aware_ml,87.1,0.2516,True,True
GS-JOB-000176,operations,DATA_PROCESSING,US-NY,4.255,69,2026-09-08T18:09:20.000345,2026-09-08T19:18:20.000345,346.0,1.47223,1.47223,0.0,0.0,0.88504,0.88504,0.0,0.0,0.89,0.89,0.0,0.0,True,Demand,batch_contention_aware_ml,74.3,0.9977,False,True
GS-JOB-000177,finance,REPORT_GENERATION,US-TX,2.982,85,2026-09-08T19:00:00,2026-09-08T20:25:00,327.0,0.975114,1.01388,0.038766,3.82,0.182486,0.182486,0.0,0.0,0.18,0.18,0.0,0.84,True,Flat,batch_contention_aware_ml,67.1,0.2516,False,True
GS-JOB-000178,data-engineering,ETL,SE,7.584,95,2026-09-08T19:00:00,2026-09-08T20:35:00,17.0,0.128928,0.144096,0.015168,10.53,0.024496,0.024496,0.0,0.0,0.26,0.26,0.0,0.84,True,Demand,batch_contention_aware_ml,55.7,0.2516,False,True
GS-JOB-000179,data-engineering,ETL,AU-SA-Large,21.105,189,2026-09-08T18:09:20.000345,2026-09-08T21:18:20.000345,38.0,0.80199,0.80199,0.0,0.0,0.0,0.0,0.0,0.0,0.0,0.0,0.0,0.0,True,Demand,batch_contention_aware_ml,48.6,0.9977,False,True
GS-JOB-000180,operations,DATA_PROCESSING,AU-SA-Small,4.29,78,2026-09-08T23:00:00,2026-09-09T00:18:00,44.0,0.18876,0.16302,0.0,0.0,0.250965,0.250965,0.0,0.0,0.39,0.39,0.0,4.84,True,ToD,batch_contention_aware_ml,100.0,0.2516,True,True
GS-JOB-000181,data-engineering,DATA_PROCESSING,IN-TG,3.38,78,2026-09-08T20:00:00,2026-09-08T21:18:00,563.0,1.90294,1.80154,0.0,0.0,0.290004,0.290004,0.0,0.0,24.17,24.17,0.0,1.84,True,ToD,batch_contention_aware_ml,80.0,0.2516,True,True
GS-JOB-000182,analytics,ETL,IN-GJ,5.564,64,2026-09-08T19:00:00,2026-09-08T20:04:00,678.0,3.772392,3.622164,0.0,0.0,0.267072,0.267072,0.0,0.0,22.26,22.26,0.0,0.84,True,ToD,batch_contention_aware_ml,81.4,0.2516,True,True
GS-JOB-000183,operations,BACKUP,IN-WB,6.106,85,2026-09-09T01:00:00,2026-09-09T02:25:00,748.0,4.567288,4.5795,0.012212,0.27,0.546609,0.32606,-0.220549,-67.64,45.55,27.17,-18.38,6.84,True,ToD,batch_contention_aware_ml,14.3,0.2516,False,True
GS-JOB-000184,ml-platform,ML_TRAINING,IN-PB,102.66,531,2026-09-08T21:00:00,2026-09-09T05:51:00,521.0,53.48586,50.61138,0.0,0.0,7.39152,7.39152,0.0,0.0,615.96,615.96,0.0,2.84,True,ToD,batch_contention_aware_ml,84.3,0.2516,True,True
GS-JOB-000185,operations,DATA_PROCESSING,US-CA,0.95,30,2026-09-08T18:09:20.000345,2026-09-08T18:39:20.000345,134.0,0.1273,0.1273,0.0,0.0,0.109079,0.109079,0.0,0.0,0.11,0.11,0.0,0.0,True,ToD,batch_contention_aware_ml,47.1,0.9977,False,True
GS-JOB-000186,ml-platform,ML_TRAINING,US-NY,368.6,582,2026-09-09T07:00:00,2026-09-09T16:42:00,316.0,116.4776,127.5356,11.058,8.67,76.6688,76.6688,0.0,0.0,76.67,76.67,0.0,12.84,True,Demand,batch_contention_aware_ml,62.9,0.2516,False,True
GS-JOB-000187,ml-platform,ETL,US-TX,7.96,239,2026-09-08T21:00:00,2026-09-09T00:59:00,342.0,2.72232,2.7064,0.0,0.0,0.48712,0.48712,0.0,0.0,0.49,0.49,0.0,2.84,True,Flat,batch_contention_aware_ml,100.0,0.2516,True,True
GS-JOB-000188,finance,REPORT_GENERATION,SE,3.956,55,2026-09-08T22:00:00,2026-09-08T22:55:00,15.0,0.05934,0.075164,0.015824,21.05,0.012778,0.012778,0.0,0.0,0.13,0.13,0.0,3.84,True,Demand,batch_contention_aware_ml,100.0,0.2516,False,True
GS-JOB-000189,analytics,ANALYTICS,AU-SA-Large,2.73,63,2026-09-08T18:09:20.000345,2026-09-08T19:12:20.000345,38.0,0.10374,0.10374,0.0,0.0,0.0,0.0,0.0,0.0,0.0,0.0,0.0,0.0,True,Demand,batch_contention_aware_ml,100.0,0.9977,True,True
GS-JOB-000190,finance,ETL,AU-SA-Small,26.04,168,2026-09-08T18:09:20.000345,2026-09-08T20:57:20.000345,38.0,0.98952,0.98952,0.0,0.0,1.52334,1.52334,0.0,0.0,2.34,2.34,0.0,0.0,True,ToD,batch_contention_aware_ml,68.6,0.9977,False,True
GS-JOB-000191,data-engineering,ETL,IN-TG,8.646,157,2026-09-08T18:09:20.000345,2026-09-08T20:46:20.000345,533.0,4.608318,4.608318,0.0,0.0,0.741827,0.741827,0.0,0.0,61.82,61.82,0.0,0.0,True,ToD,batch_contention_aware_ml,54.3,0.9977,False,True
GS-JOB-000192,analytics,DATA_PROCESSING,IN-GJ,2.6,78,2026-09-09T07:00:00,2026-09-09T08:18:00,504.0,1.3104,1.6926,0.3822,22.58,0.10608,0.1248,0.01872,15.0,8.84,10.4,1.56,12.84,True,ToD,batch_contention_aware_ml,11.4,0.2516,False,True
GS-JOB-000193,operations,ETL,IN-WB,19.36,211,2026-09-09T04:00:00,2026-09-09T07:31:00,747.0,14.46192,14.52,0.05808,0.4,1.733107,1.033824,-0.699283,-67.64,144.43,86.15,-58.27,9.84,True,ToD,batch_contention_aware_ml,2.9,0.2516,False,True
GS-JOB-000194,operations,BACKUP,IN-PB,10.15,122,2026-09-09T08:00:00,2026-09-09T10:02:00,329.0,3.33935,5.00395,1.6646,33.27,0.8526,0.7308,-0.1218,-16.67,71.05,60.9,-10.15,13.84,True,ToD,batch_contention_aware_ml,7.1,0.2516,False,True
GS-JOB-000195,operations,REPORT_GENERATION,US-CA,3.556,76,2026-09-08T18:09:20.000345,2026-09-08T19:25:20.000345,134.0,0.476504,0.476504,0.0,0.0,0.4083,0.4083,0.0,0.0,0.41,0.41,0.0,0.0,True,ToD,batch_contention_aware_ml,57.1,0.9977,False,True
GS-JOB-000196,data-engineering,ETL,US-NY,27.755,183,2026-09-09T00:00:00,2026-09-09T03:03:00,344.0,9.54772,9.60323,0.05551,0.58,5.77304,5.77304,0.0,0.0,5.77,5.77,0.0,5.84,True,Demand,batch_contention_aware_ml,5.7,0.2516,False,True
GS-JOB-000197,data-engineering,ETL,US-TX,19.295,136,2026-09-09T14:00:00,2026-09-09T16:16:00,295.0,5.692025,6.5603,0.868275,13.24,1.180777,1.180777,0.0,0.0,1.18,1.18,0.0,19.84,True,Flat,batch_contention_aware_ml,18.6,0.9977,False,True
GS-JOB-000198,operations,DATA_PROCESSING,SE,1.716,31,2026-09-08T22:00:00,2026-09-08T22:31:00,15.0,0.02574,0.032604,0.006864,21.05,0.005543,0.005543,0.0,0.0,0.06,0.06,0.0,3.84,True,Demand,batch_contention_aware_ml,88.6,0.2516,False,True
GS-JOB-000199,data-engineering,ETL,AU-SA-Large,18.98,219,2026-09-08T18:09:20.000345,2026-09-08T21:48:20.000345,38.0,0.72124,0.72124,0.0,0.0,0.0,0.0,0.0,0.0,0.0,0.0,0.0,0.0,True,Demand,batch_contention_aware_ml,37.1,0.9977,False,True
GS-JOB-000200,data-engineering,ETL,AU-SA-Small,3.339,32,2026-09-08T23:00:00,2026-09-08T23:32:00,44.0,0.146916,0.126882,0.0,0.0,0.195332,0.195332,0.0,0.0,0.3,0.3,0.0,4.84,True,ToD,batch_contention_aware_ml,60.0,0.2516,True,True
GS-JOB-000201,operations,BACKUP,IN-TG,8.136,68,2026-09-08T18:09:20.000345,2026-09-08T19:17:20.000345,533.0,4.336488,4.336488,0.0,0.0,0.698069,0.698069,0.0,0.0,58.17,58.17,0.0,0.0,True,ToD,batch_contention_aware_ml,34.3,0.9977,False,True
GS-JOB-000202,finance,ETL,IN-GJ,9.23,85,2026-09-08T18:09:20.000345,2026-09-08T19:34:20.000345,651.0,6.00873,6.00873,0.0,0.0,0.44304,0.44304,0.0,0.0,36.92,36.92,0.0,0.0,True,ToD,batch_contention_aware_ml,25.7,0.9977,False,True
GS-JOB-000203,data-engineering,ML_TRAINING,IN-WB,269.64,578,2026-09-09T14:00:00,2026-09-09T23:38:00,742.0,200.07288,202.23,2.15712,1.07,35.430696,14.398776,-21.03192,-146.07,2952.56,1199.9,-1752.66,19.84,True,ToD,batch_contention_aware_ml,42.9,0.9977,False,True
GS-JOB-000204,operations,DATA_PROCESSING,IN-PB,5.254,85,2026-09-08T19:00:00,2026-09-08T20:25:00,508.0,2.669032,2.590222,0.0,0.0,0.378288,0.378288,0.0,0.0,31.52,31.52,0.0,0.84,True,ToD,batch_contention_aware_ml,100.0,0.2516,True,True
GS-JOB-000205,data-engineering,ETL,US-CA,18.64,140,2026-09-08T18:09:20.000345,2026-09-08T20:29:20.000345,134.0,2.49776,2.49776,0.0,0.0,2.140245,2.140245,0.0,0.0,2.14,2.14,0.0,0.0,False,ToD,batch_contention_aware_ml,5.7,0.9977,False,True
GS-JOB-000206,data-engineering,ETL,US-NY,4.806,107,2026-09-09T07:00:00,2026-09-09T08:47:00,316.0,1.518696,1.662876,0.14418,8.67,0.999648,0.999648,0.0,0.0,1.0,1.0,0.0,12.84,True,Demand,batch_contention_aware_ml,48.6,0.2516,False,True
GS-JOB-000207,finance,DATA_PROCESSING,US-TX,0.768,29,2026-09-08T18:09:20.000345,2026-09-08T18:38:20.000345,340.0,0.26112,0.26112,0.0,0.0,0.046999,0.046999,0.0,0.0,0.05,0.05,0.0,0.0,True,Flat,batch_contention_aware_ml,62.9,0.9977,True,True
GS-JOB-000208,operations,DATA_PROCESSING,SE,1.35,54,2026-09-08T19:00:00,2026-09-08T19:54:00,17.0,0.02295,0.02565,0.0027,10.53,0.00436,0.00436,0.0,0.0,0.05,0.05,0.0,0.84,True,Demand,batch_contention_aware_ml,50.0,0.2516,False,True
GS-JOB-000209,operations,ETL,AU-SA-Large,9.636,175,2026-09-08T18:09:20.000345,2026-09-08T21:04:20.000345,38.0,0.366168,0.366168,0.0,0.0,0.0,0.0,0.0,0.0,0.0,0.0,0.0,0.0,True,Demand,batch_contention_aware_ml,42.9,0.9977,False,True
GS-JOB-000210,finance,REPORT_GENERATION,AU-SA-Small,12.408,169,2026-09-08T23:00:00,2026-09-09T01:49:00,44.0,0.545952,0.471504,0.0,0.0,0.725868,0.725868,0.0,0.0,1.12,1.12,0.0,4.84,True,ToD,batch_contention_aware_ml,40.0,0.2516,True,True
GS-JOB-000211,operations,DATA_PROCESSING,IN-TG,1.05,30,2026-09-08T18:09:20.000345,2026-09-08T18:39:20.000345,533.0,0.55965,0.55965,0.0,0.0,0.09009,0.09009,0.0,0.0,7.51,7.51,0.0,0.0,True,ToD,batch_contention_aware_ml,41.4,0.9977,False,True
GS-JOB-000212,data-engineering,ETL,IN-GJ,1.606,44,2026-09-08T18:09:20.000345,2026-09-08T18:53:20.000345,651.0,1.045506,1.045506,0.0,0.0,0.077088,0.077088,0.0,0.0,6.42,6.42,0.0,0.0,True,ToD,batch_contention_aware_ml,98.6,0.9977,False,True
GS-JOB-000213,ml-platform,ANALYTICS,IN-WB,2.223,34,2026-09-08T18:09:20.000345,2026-09-08T18:43:20.000345,750.0,1.66725,1.66725,0.0,0.0,0.118708,0.118708,0.0,0.0,9.89,9.89,0.0,0.0,True,ToD,batch_contention_aware_ml,98.6,0.9977,True,True
GS-JOB-000214,ml-platform,ETL,IN-PB,9.24,126,2026-09-08T18:09:20.000345,2026-09-08T20:15:20.000345,493.0,4.55532,4.55532,0.0,0.0,0.66528,0.66528,0.0,0.0,55.44,55.44,0.0,0.0,True,ToD,batch_contention_aware_ml,8.6,0.9977,False,True
GS-JOB-000215,finance,REPORT_GENERATION,US-CA,4.374,97,2026-09-08T21:00:00,2026-09-08T22:37:00,187.0,0.817938,0.586116,0.0,0.0,0.622289,0.502223,-0.120066,-23.91,0.62,0.5,-0.12,2.84,True,ToD,batch_contention_aware_ml,100.0,0.2516,True,True
GS-JOB-000216,operations,DATA_PROCESSING,US-NY,0.544,19,2026-09-09T07:00:00,2026-09-09T07:19:00,316.0,0.171904,0.188224,0.01632,8.67,0.113152,0.113152,0.0,0.0,0.11,0.11,0.0,12.84,True,Demand,batch_contention_aware_ml,11.4,0.2516,False,True
GS-JOB-000217,ml-platform,ETL,US-TX,1.716,47,2026-09-08T20:00:00,2026-09-08T20:47:00,329.0,0.564564,0.58344,0.018876,3.24,0.105012,0.105012,0.0,0.0,0.1,0.1,0.0,1.84,True,Flat,batch_contention_aware_ml,100.0,0.2516,True,True
GS-JOB-000218,data-engineering,ETL,SE,10.557,124,2026-09-08T20:00:00,2026-09-08T22:04:00,16.0,0.168912,0.200583,0.031671,15.79,0.034099,0.034099,0.0,0.0,0.36,0.36,0.0,1.84,True,Demand,batch_contention_aware_ml,78.6,0.2516,False,True
GS-JOB-000219,finance,REPORT_GENERATION,AU-SA-Large,6.322,131,2026-09-08T18:09:20.000345,2026-09-08T20:20:20.000345,38.0,0.240236,0.240236,0.0,0.0,0.0,0.0,0.0,0.0,0.0,0.0,0.0,0.0,True,Demand,batch_contention_aware_ml,24.3,0.9977,False,True
GS-JOB-000220,ml-platform,ML_TRAINING,AU-SA-Small,117.81,231,2026-09-09T00:00:00,2026-09-09T03:51:00,45.0,5.30145,4.47678,0.0,0.0,6.891885,6.891885,0.0,0.0,10.6,10.6,0.0,5.84,True,ToD,batch_contention_aware_ml,97.1,0.2516,True,True
GS-JOB-000221,data-engineering,ETL,IN-TG,10.56,79,2026-09-08T18:09:20.000345,2026-09-08T19:28:20.000345,533.0,5.62848,5.62848,0.0,0.0,0.906048,0.906048,0.0,0.0,75.5,75.5,0.0,0.0,True,ToD,batch_contention_aware_ml,90.0,0.9977,False,True
GS-JOB-000222,ml-platform,DATA_PROCESSING,IN-GJ,2.806,73,2026-09-08T18:09:20.000345,2026-09-08T19:22:20.000345,651.0,1.826706,1.826706,0.0,0.0,0.134688,0.134688,0.0,0.0,11.22,11.22,0.0,0.0,True,ToD,batch_contention_aware_ml,100.0,0.9977,False,True
GS-JOB-000223,ml-platform,ML_TRAINING,IN-WB,50.621,136,2026-09-09T05:00:00,2026-09-09T07:16:00,744.0,37.662024,37.96575,0.303726,0.8,4.531592,2.703161,-1.828431,-67.64,377.63,225.26,-152.37,10.84,True,ToD,batch_contention_aware_ml,31.4,0.2516,False,True
GS-JOB-000224,operations,DATA_PROCESSING,IN-PB,1.725,45,2026-09-09T05:00:00,2026-09-09T05:45:00,334.0,0.57615,0.850425,0.274275,32.25,0.1449,0.1242,-0.0207,-16.67,12.07,10.35,-1.72,10.84,True,ToD,batch_contention_aware_ml,14.3,0.2516,False,True
GS-JOB-000225,data-engineering,ETL,US-CA,30.375,225,2026-09-08T20:00:00,2026-09-08T23:45:00,174.0,5.28525,4.07025,0.0,0.0,3.487658,3.487658,0.0,0.0,3.49,3.49,0.0,1.84,True,ToD,batch_contention_aware_ml,78.6,0.2516,True,True
GS-JOB-000226,data-engineering,ETL,US-NY,13.959,178,2026-09-09T07:00:00,2026-09-09T09:58:00,316.0,4.411044,4.829814,0.41877,8.67,2.903472,2.903472,0.0,0.0,2.9,2.9,0.0,12.84,True,Demand,batch_contention_aware_ml,27.1,0.2516,False,True
GS-JOB-000227,data-engineering,DATA_PROCESSING,US-TX,1.392,35,2026-09-08T19:00:00,2026-09-08T19:35:00,327.0,0.455184,0.47328,0.018096,3.82,0.085185,0.085185,0.0,0.0,0.09,0.09,0.0,0.84,True,Flat,batch_contention_aware_ml,80.0,0.2516,False,True
GS-JOB-000228,operations,DATA_PROCESSING,SE,2.66,80,2026-09-08T22:00:00,2026-09-08T23:20:00,15.0,0.0399,0.05054,0.01064,21.05,0.008592,0.008592,0.0,0.0,0.09,0.09,0.0,3.84,True,Demand,batch_contention_aware_ml,65.7,0.2516,False,True
GS-JOB-000229,data-engineering,ETL,AU-SA-Large,7.524,119,2026-09-08T18:09:20.000345,2026-09-08T20:08:20.000345,38.0,0.285912,0.285912,0.0,0.0,0.0,0.0,0.0,0.0,0.0,0.0,0.0,0.0,True,Demand,batch_contention_aware_ml,40.0,0.9977,False,True
GS-JOB-000230,analytics,REPORT_GENERATION,AU-SA-Small,5.22,108,2026-09-09T19:00:00,2026-09-09T20:48:00,43.0,0.22446,0.19836,0.0,0.0,0.30537,0.30537,0.0,0.0,0.47,0.47,0.0,24.84,True,ToD,batch_contention_aware_ml,10.0,0.2516,True,True
GS-JOB-000231,data-engineering,ETL,IN-TG,7.888,139,2026-09-08T18:09:20.000345,2026-09-08T20:28:20.000345,533.0,4.204304,4.204304,0.0,0.0,0.67679,0.67679,0.0,0.0,56.4,56.4,0.0,0.0,True,ToD,batch_contention_aware_ml,37.1,0.9977,False,True
GS-JOB-000232,operations,DATA_PROCESSING,IN-GJ,2.73,78,2026-09-08T18:09:20.000345,2026-09-08T19:27:20.000345,651.0,1.77723,1.77723,0.0,0.0,0.13104,0.13104,0.0,0.0,10.92,10.92,0.0,0.0,True,ToD,batch_contention_aware_ml,61.4,0.9977,False,True
GS-JOB-000233,operations,IMAGE_PROCESSING,IN-WB,32.967,178,2026-09-09T14:00:00,2026-09-09T16:58:00,742.0,24.461514,24.72525,0.263736,1.07,4.331864,1.760438,-2.571426,-146.07,360.99,146.7,-214.29,19.84,True,ToD,batch_contention_aware_ml,61.4,0.9977,False,True
GS-JOB-000234,ml-platform,ANALYTICS,IN-PB,2.278,40,2026-09-08T18:09:20.000345,2026-09-08T18:49:20.000345,493.0,1.123054,1.123054,0.0,0.0,0.164016,0.164016,0.0,0.0,13.67,13.67,0.0,0.0,True,ToD,batch_contention_aware_ml,100.0,0.9977,True,True
GS-JOB-000235,analytics,DATA_PROCESSING,US-CA,1.952,73,2026-09-08T18:09:20.000345,2026-09-08T19:22:20.000345,134.0,0.261568,0.261568,0.0,0.0,0.224129,0.224129,0.0,0.0,0.22,0.22,0.0,0.0,True,ToD,batch_contention_aware_ml,87.1,0.9977,False,True
GS-JOB-000236,data-engineering,ETL,US-NY,3.456,77,2026-09-09T07:00:00,2026-09-09T08:17:00,316.0,1.092096,1.195776,0.10368,8.67,0.718848,0.718848,0.0,0.0,0.72,0.72,0.0,12.84,True,Demand,batch_contention_aware_ml,47.1,0.2516,False,True
GS-JOB-000237,operations,DATA_PROCESSING,US-TX,3.978,61,2026-09-08T19:00:00,2026-09-08T20:01:00,327.0,1.300806,1.35252,0.051714,3.82,0.243438,0.243438,0.0,0.0,0.24,0.24,0.0,0.84,True,Flat,batch_contention_aware_ml,34.3,0.2516,False,True
GS-JOB-000238,operations,BACKUP,SE,2.354,64,2026-09-08T18:09:20.000345,2026-09-08T19:13:20.000345,19.0,0.044726,0.044726,0.0,0.0,0.007603,0.007603,0.0,0.0,0.08,0.08,0.0,0.0,True,Demand,batch_contention_aware_ml,42.9,0.9977,False,True
GS-JOB-000239,data-engineering,ETL,AU-SA-Large,11.123,136,2026-09-08T18:09:20.000345,2026-09-08T20:25:20.000345,38.0,0.422674,0.422674,0.0,0.0,0.0,0.0,0.0,0.0,0.0,0.0,0.0,0.0,True,Demand,batch_contention_aware_ml,51.4,0.9977,False,True
GS-JOB-000240,data-engineering,ML_TRAINING,AU-SA-Small,175.198,419,2026-09-08T18:09:20.000345,2026-09-09T01:08:20.000345,38.0,6.657524,6.657524,0.0,0.0,10.249083,10.249083,0.0,0.0,15.77,15.77,0.0,0.0,False,ToD,batch_contention_aware_ml,11.4,0.9977,False,True
GS-JOB-000241,operations,ETL,IN-TG,19.68,144,2026-09-08T18:09:20.000345,2026-09-08T20:33:20.000345,533.0,10.48944,10.48944,0.0,0.0,1.688544,1.688544,0.0,0.0,140.71,140.71,0.0,0.0,True,ToD,batch_contention_aware_ml,11.4,0.9977,False,True
GS-JOB-000242,finance,ETL,IN-GJ,2.604,56,2026-09-08T18:09:20.000345,2026-09-08T19:05:20.000345,651.0,1.695204,1.695204,0.0,0.0,0.124992,0.124992,0.0,0.0,10.42,10.42,0.0,0.0,True,ToD,batch_contention_aware_ml,97.1,0.9977,False,True
GS-JOB-000243,data-engineering,IMAGE_PROCESSING,IN-WB,27.336,161,2026-09-09T01:00:00,2026-09-09T03:41:00,748.0,20.447328,20.502,0.054672,0.27,2.447119,1.459742,-0.987376,-67.64,203.93,121.65,-82.28,6.84,True,ToD,batch_contention_aware_ml,5.7,0.2516,False,True
GS-JOB-000244,operations,IMAGE_PROCESSING,IN-PB,42.723,254,2026-09-09T08:00:00,2026-09-09T12:14:00,329.0,14.055867,21.062439,7.006572,33.27,3.588732,3.076056,-0.512676,-16.67,299.06,256.34,-42.72,13.84,True,ToD,batch_contention_aware_ml,27.1,0.2516,False,True
GS-JOB-000245,analytics,IMAGE_PROCESSING,US-CA,47.565,189,2026-09-08T18:09:20.000345,2026-09-08T21:18:20.000345,134.0,6.37371,6.37371,0.0,0.0,5.461413,5.461413,0.0,0.0,5.46,5.46,0.0,0.0,True,ToD,batch_contention_aware_ml,20.0,0.9977,False,True
GS-JOB-000246,finance,REPORT_GENERATION,US-NY,1.938,34,2026-09-08T18:09:20.000345,2026-09-08T18:43:20.000345,346.0,0.670548,0.670548,0.0,0.0,0.403104,0.403104,0.0,0.0,0.4,0.4,0.0,0.0,True,Demand,batch_contention_aware_ml,100.0,0.9977,False,True
GS-JOB-000247,operations,ETL,US-TX,21.97,203,2026-09-08T22:00:00,2026-09-09T01:23:00,351.0,7.71147,7.4698,0.0,0.0,1.344476,1.344476,0.0,0.0,1.34,1.34,0.0,3.84,True,Flat,batch_contention_aware_ml,82.9,0.2516,True,True
GS-JOB-000248,finance,REPORT_GENERATION,SE,8.664,91,2026-09-08T20:00:00,2026-09-08T21:31:00,16.0,0.138624,0.164616,0.025992,15.79,0.027985,0.027985,0.0,0.0,0.29,0.29,0.0,1.84,True,Demand,batch_contention_aware_ml,50.0,0.2516,False,True
GS-JOB-000249,ml-platform,IMAGE_PROCESSING,AU-SA-Large,38.735,183,2026-09-08T18:09:20.000345,2026-09-08T21:12:20.000345,38.0,1.47193,1.47193,0.0,0.0,0.0,0.0,0.0,0.0,0.0,0.0,0.0,0.0,True,Demand,batch_contention_aware_ml,88.6,0.9977,False,True
GS-JOB-000250,data-engineering,ETL,AU-SA-Small,13.72,168,2026-09-08T18:09:20.000345,2026-09-08T20:57:20.000345,38.0,0.52136,0.52136,0.0,0.0,0.80262,0.80262,0.0,0.0,1.23,1.23,0.0,0.0,True,ToD,batch_contention_aware_ml,92.9,0.9977,False,True
GS-JOB-000251,finance,REPORT_GENERATION,IN-TG,14.036,145,2026-09-08T18:09:20.000345,2026-09-08T20:34:20.000345,533.0,7.481188,7.481188,0.0,0.0,1.204289,1.204289,0.0,0.0,100.36,100.36,0.0,0.0,True,ToD,batch_contention_aware_ml,78.6,0.9977,False,True
GS-JOB-000252,data-engineering,DATA_PROCESSING,IN-GJ,3.234,59,2026-09-09T07:00:00,2026-09-09T07:59:00,504.0,1.629936,2.105334,0.475398,22.58,0.131947,0.155232,0.023285,15.0,11.0,12.94,1.94,12.84,True,ToD,batch_contention_aware_ml,35.7,0.2516,False,True
GS-JOB-000253,data-engineering,ETL,IN-WB,21.252,152,2026-09-09T01:00:00,2026-09-09T03:32:00,748.0,15.896496,15.939,0.042504,0.27,1.902479,1.134857,-0.767622,-67.64,158.54,94.57,-63.97,6.84,True,ToD,batch_contention_aware_ml,11.4,0.2516,False,True
GS-JOB-000254,ml-platform,ML_TRAINING,IN-PB,83.172,430,2026-09-08T18:09:20.000345,2026-09-09T01:19:20.000345,493.0,41.003796,41.003796,0.0,0.0,5.988384,5.988384,0.0,0.0,499.03,499.03,0.0,0.0,True,ToD,batch_contention_aware_ml,5.7,0.9977,False,True
GS-JOB-000255,operations,DATA_PROCESSING,US-CA,2.06,62,2026-09-08T22:00:00,2026-09-08T23:02:00,209.0,0.43054,0.27604,0.0,0.0,0.293076,0.236529,-0.056547,-23.91,0.29,0.24,-0.06,3.84,True,ToD,batch_contention_aware_ml,58.6,0.2516,True,True
GS-JOB-000256,finance,ML_TRAINING,US-NY,69.378,224,2026-09-08T18:09:20.000345,2026-09-08T21:53:20.000345,346.0,24.004788,24.004788,0.0,0.0,14.430624,14.430624,0.0,0.0,14.43,14.43,0.0,0.0,False,Demand,batch_contention_aware_ml,50.0,0.9977,False,True
GS-JOB-000257,finance,IMAGE_PROCESSING,US-TX,61.38,297,2026-09-08T19:00:00,2026-09-08T23:57:00,327.0,20.07126,20.8692,0.79794,3.82,3.75621,3.75621,0.0,0.0,3.76,3.76,0.0,0.84,True,Flat,batch_contention_aware_ml,78.6,0.2516,False,True
GS-JOB-000258,operations,BACKUP,SE,4.35,52,2026-09-08T18:09:20.000345,2026-09-08T19:01:20.000345,19.0,0.08265,0.08265,0.0,0.0,0.01405,0.01405,0.0,0.0,0.15,0.15,0.0,0.0,True,Demand,batch_contention_aware_ml,27.1,0.9977,False,True
GS-JOB-000259,finance,ETL,AU-SA-Large,15.147,178,2026-09-08T23:00:00,2026-09-09T01:58:00,44.0,0.666468,0.575586,0.0,0.0,0.0,0.0,0.0,0.0,0.0,0.0,0.0,4.84,True,Demand,batch_contention_aware_ml,28.6,0.2516,True,True
GS-JOB-000260,data-engineering,ETL,AU-SA-Small,7.524,119,2026-09-08T18:09:20.000345,2026-09-08T20:08:20.000345,38.0,0.285912,0.285912,0.0,0.0,0.440154,0.440154,0.0,0.0,0.68,0.68,0.0,0.0,True,ToD,batch_contention_aware_ml,98.6,0.9977,False,True
GS-JOB-000261,data-engineering,REPORT_GENERATION,IN-TG,4.06,84,2026-09-08T19:00:00,2026-09-08T20:24:00,549.0,2.22894,2.16398,0.0,0.0,0.348348,0.348348,0.0,0.0,29.03,29.03,0.0,0.84,True,ToD,batch_contention_aware_ml,91.4,0.2516,True,True
GS-JOB-000262,finance,REPORT_GENERATION,IN-GJ,14.934,157,2026-09-09T07:00:00,2026-09-09T09:37:00,504.0,7.526736,9.722034,2.195298,22.58,0.609307,0.716832,0.107525,15.0,50.78,59.74,8.96,12.84,True,ToD,batch_contention_aware_ml,8.6,0.2516,False,True
GS-JOB-000263,data-engineering,ETL,IN-WB,20.826,160,2026-09-09T01:00:00,2026-09-09T03:40:00,748.0,15.577848,15.6195,0.041652,0.27,1.864344,1.112108,-0.752235,-67.64,155.36,92.68,-62.69,6.84,True,ToD,batch_contention_aware_ml,20.0,0.2516,False,True
GS-JOB-000264,finance,REPORT_GENERATION,IN-PB,5.129,134,2026-09-08T20:00:00,2026-09-08T22:14:00,518.0,2.656822,2.528597,0.0,0.0,0.369288,0.369288,0.0,0.0,30.77,30.77,0.0,1.84,True,ToD,batch_contention_aware_ml,67.1,0.2516,True,True
GS-JOB-000265,analytics,REPORT_GENERATION,US-CA,6.369,116,2026-09-08T18:09:20.000345,2026-09-08T20:05:20.000345,134.0,0.853446,0.853446,0.0,0.0,0.731289,0.731289,0.0,0.0,0.73,0.73,0.0,0.0,True,ToD,batch_contention_aware_ml,41.4,0.9977,False,True
GS-JOB-000266,finance,REPORT_GENERATION,US-NY,6.552,151,2026-09-09T04:00:00,2026-09-09T06:31:00,331.0,2.168712,2.266992,0.09828,4.34,1.362816,1.362816,0.0,0.0,1.36,1.36,0.0,9.84,True,Demand,batch_contention_aware_ml,1.4,0.2516,False,True
GS-JOB-000267,operations,DATA_PROCESSING,US-TX,2.241,50,2026-09-08T18:09:20.000345,2026-09-08T18:59:20.000345,340.0,0.76194,0.76194,0.0,0.0,0.13714,0.13714,0.0,0.0,0.14,0.14,0.0,0.0,True,Flat,batch_contention_aware_ml,58.6,0.9977,True,True
GS-JOB-000268,ml-platform,ANALYTICS,SE,2.378,35,2026-09-08T18:09:20.000345,2026-09-08T18:44:20.000345,19.0,0.045182,0.045182,0.0,0.0,0.007681,0.007681,0.0,0.0,0.08,0.08,0.0,0.0,True,Demand,batch_contention_aware_ml,48.6,0.9977,False,True
GS-JOB-000269,data-engineering,ETL,AU-SA-Large,2.635,51,2026-09-09T18:00:00,2026-09-09T18:51:00,43.0,0.113305,0.10013,0.0,0.0,0.0,0.0,0.0,0.0,0.0,0.0,0.0,23.84,True,Demand,batch_contention_aware_ml,27.1,0.9977,True,True
GS-JOB-000270,data-engineering,ETL,AU-SA-Small,13.12,197,2026-09-08T19:00:00,2026-09-08T22:17:00,50.0,0.656,0.49856,0.0,0.0,0.76752,0.76752,0.0,0.0,1.18,1.18,0.0,0.84,True,ToD,batch_contention_aware_ml,84.3,0.2516,True,True
GS-JOB-000271,ml-platform,ANALYTICS,IN-TG,0.75,30,2026-09-08T18:09:20.000345,2026-09-08T18:39:20.000345,533.0,0.39975,0.39975,0.0,0.0,0.06435,0.06435,0.0,0.0,5.36,5.36,0.0,0.0,True,ToD,batch_contention_aware_ml,100.0,0.9977,True,True
GS-JOB-000272,operations,BACKUP,IN-GJ,3.936,49,2026-09-08T18:09:20.000345,2026-09-08T18:58:20.000345,651.0,2.562336,2.562336,0.0,0.0,0.188928,0.188928,0.0,0.0,15.74,15.74,0.0,0.0,True,ToD,batch_contention_aware_ml,100.0,0.9977,True,True
GS-JOB-000273,operations,BACKUP,IN-WB,16.77,155,2026-09-09T14:00:00,2026-09-09T16:35:00,742.0,12.44334,12.5775,0.13416,1.07,2.203578,0.895518,-1.30806,-146.07,183.63,74.63,-109.0,19.84,True,ToD,batch_contention_aware_ml,55.7,0.9977,False,True
GS-JOB-000274,finance,REPORT_GENERATION,IN-PB,3.562,82,2026-09-09T04:00:00,2026-09-09T05:22:00,351.0,1.250262,1.756066,0.505804,28.8,0.299208,0.256464,-0.042744,-16.67,24.93,21.37,-3.56,9.84,True,ToD,batch_contention_aware_ml,18.6,0.2516,False,True
GS-JOB-000275,ml-platform,ML_TRAINING,US-CA,119.36,192,2026-09-08T18:09:20.000345,2026-09-08T21:21:20.000345,134.0,15.99424,15.99424,0.0,0.0,13.704915,13.704915,0.0,0.0,13.7,13.7,0.0,0.0,True,ToD,batch_contention_aware_ml,68.6,0.9977,False,True
GS-JOB-000276,data-engineering,ETL,US-NY,5.175,69,2026-09-08T18:09:20.000345,2026-09-08T19:18:20.000345,346.0,1.79055,1.79055,0.0,0.0,1.0764,1.0764,0.0,0.0,1.08,1.08,0.0,0.0,True,Demand,batch_contention_aware_ml,38.6,0.9977,False,True
GS-JOB-000277,analytics,IMAGE_PROCESSING,US-TX,73.944,281,2026-09-08T22:00:00,2026-09-09T02:41:00,351.0,25.954344,25.14096,0.0,0.0,4.525077,4.525077,0.0,0.0,4.53,4.53,0.0,3.84,True,Flat,batch_contention_aware_ml,77.1,0.2516,True,True
GS-JOB-000278,analytics,ETL,SE,16.066,166,2026-09-09T01:00:00,2026-09-09T03:46:00,15.0,0.24099,0.305254,0.064264,21.05,0.051893,0.051893,0.0,0.0,0.55,0.55,0.0,6.84,True,Demand,batch_contention_aware_ml,28.6,0.2516,True,True
GS-JOB-000279,ml-platform,ANALYTICS,AU-SA-Large,1.8,30,2026-09-08T18:09:20.000345,2026-09-08T18:39:20.000345,38.0,0.0684,0.0684,0.0,0.0,0.0,0.0,0.0,0.0,0.0,0.0,0.0,0.0,True,Demand,batch_contention_aware_ml,62.9,0.9977,False,True
GS-JOB-000280,operations,BACKUP,AU-SA-Small,3.956,55,2026-09-08T23:00:00,2026-09-08T23:55:00,44.0,0.174064,0.150328,0.0,0.0,0.231426,0.231426,0.0,0.0,0.36,0.36,0.0,4.84,True,ToD,batch_contention_aware_ml,88.6,0.2516,True,True
GS-JOB-000281,finance,REPORT_GENERATION,IN-TG,4.4,48,2026-09-08T18:09:20.000345,2026-09-08T18:57:20.000345,533.0,2.3452,2.3452,0.0,0.0,0.37752,0.37752,0.0,0.0,31.46,31.46,0.0,0.0,True,ToD,batch_contention_aware_ml,57.1,0.9977,False,True
GS-JOB-000282,operations,DATA_PROCESSING,IN-GJ,1.444,23,2026-09-08T18:09:20.000345,2026-09-08T18:32:20.000345,651.0,0.940044,0.940044,0.0,0.0,0.069312,0.069312,0.0,0.0,5.78,5.78,0.0,0.0,True,ToD,batch_contention_aware_ml,44.3,0.9977,False,True
GS-JOB-000283,ml-platform,ANALYTICS,IN-WB,2.256,29,2026-09-08T18:09:20.000345,2026-09-08T18:38:20.000345,750.0,1.692,1.692,0.0,0.0,0.12047,0.12047,0.0,0.0,10.04,10.04,0.0,0.0,True,ToD,batch_contention_aware_ml,98.6,0.9977,True,True
GS-JOB-000284,operations,DATA_PROCESSING,IN-PB,1.218,25,2026-09-09T02:00:00,2026-09-09T02:25:00,436.0,0.531048,0.600474,0.069426,11.56,0.102312,0.087696,-0.014616,-16.67,8.53,7.31,-1.22,7.84,True,ToD,batch_contention_aware_ml,12.9,0.2516,False,True
GS-JOB-000285,operations,DATA_PROCESSING,US-CA,1.17,18,2026-09-08T18:09:20.000345,2026-09-08T18:27:20.000345,134.0,0.15678,0.15678,0.0,0.0,0.134339,0.134339,0.0,0.0,0.13,0.13,0.0,0.0,True,ToD,batch_contention_aware_ml,50.0,0.9977,False,True
GS-JOB-000286,data-engineering,ETL,US-NY,21.8,131,2026-09-09T07:00:00,2026-09-09T09:11:00,316.0,6.8888,7.5428,0.654,8.67,4.5344,4.5344,0.0,0.0,4.53,4.53,0.0,12.84,True,Demand,batch_contention_aware_ml,20.0,0.2516,False,True
GS-JOB-000287,data-engineering,BACKUP,US-TX,3.944,41,2026-09-08T18:09:20.000345,2026-09-08T18:50:20.000345,340.0,1.34096,1.34096,0.0,0.0,0.241357,0.241357,0.0,0.0,0.24,0.24,0.0,0.0,True,Flat,batch_contention_aware_ml,72.9,0.9977,True,True
GS-JOB-000288,ml-platform,ANALYTICS,SE,2.926,46,2026-09-08T18:09:20.000345,2026-09-08T18:55:20.000345,19.0,0.055594,0.055594,0.0,0.0,0.009451,0.009451,0.0,0.0,0.1,0.1,0.0,0.0,True,Demand,batch_contention_aware_ml,30.0,0.9977,False,True
GS-JOB-000289,finance,ML_TRAINING,AU-SA-Large,95.22,414,2026-09-08T23:00:00,2026-09-09T05:54:00,44.0,4.18968,3.61836,0.0,0.0,0.0,0.0,0.0,0.0,0.0,0.0,0.0,4.84,True,Demand,batch_contention_aware_ml,62.9,0.2516,True,True
GS-JOB-000290,operations,BACKUP,AU-SA-Small,3.655,51,2026-09-08T18:09:20.000345,2026-09-08T19:00:20.000345,38.0,0.13889,0.13889,0.0,0.0,0.213817,0.213817,0.0,0.0,0.33,0.33,0.0,0.0,True,ToD,batch_contention_aware_ml,37.1,0.9977,False,True
GS-JOB-000291,finance,REPORT_GENERATION,IN-TG,9.424,149,2026-09-09T08:00:00,2026-09-09T10:29:00,382.0,3.599968,5.022992,1.423024,28.33,0.808579,0.808579,0.0,0.0,67.38,67.38,0.0,13.84,True,ToD,batch_contention_aware_ml,25.7,0.2516,False,True
GS-JOB-000292,operations,DATA_PROCESSING,IN-GJ,2.66,84,2026-09-08T18:09:20.000345,2026-09-08T19:33:20.000345,651.0,1.73166,1.73166,0.0,0.0,0.12768,0.12768,0.0,0.0,10.64,10.64,0.0,0.0,True,ToD,batch_contention_aware_ml,78.6,0.9977,False,True
GS-JOB-000293,operations,DATA_PROCESSING,IN-WB,3.783,58,2026-09-08T19:00:00,2026-09-08T19:58:00,755.0,2.856165,2.83725,0.0,0.0,0.202012,0.202012,0.0,0.0,16.83,16.83,0.0,0.84,True,ToD,batch_contention_aware_ml,90.0,0.2516,True,True
GS-JOB-000294,operations,ETL,IN-PB,15.555,110,2026-09-09T03:00:00,2026-09-09T04:50:00,389.0,6.050895,7.668615,1.61772,21.1,1.30662,1.11996,-0.18666,-16.67,108.89,93.33,-15.56,8.84,True,ToD,batch_contention_aware_ml,22.9,0.2516,False,True
GS-JOB-000295,ml-platform,ML_TRAINING,US-CA,181.435,393,2026-09-08T22:00:00,2026-09-09T04:33:00,209.0,37.919915,24.31229,0.0,0.0,25.812757,20.832367,-4.980391,-23.91,25.81,20.83,-4.98,3.84,True,ToD,batch_contention_aware_ml,70.0,0.2516,True,True
GS-JOB-000296,ml-platform,ANALYTICS,US-NY,1.533,44,2026-09-08T18:09:20.000345,2026-09-08T18:53:20.000345,346.0,0.530418,0.530418,0.0,0.0,0.318864,0.318864,0.0,0.0,0.32,0.32,0.0,0.0,True,Demand,batch_contention_aware_ml,51.4,0.9977,False,True
GS-JOB-000297,data-engineering,ETL,US-TX,3.045,52,2026-09-08T18:09:20.000345,2026-09-08T19:01:20.000345,340.0,1.0353,1.0353,0.0,0.0,0.186342,0.186342,0.0,0.0,0.19,0.19,0.0,0.0,True,Flat,batch_contention_aware_ml,54.3,0.9977,True,True
GS-JOB-000298,analytics,IMAGE_PROCESSING,SE,87.86,276,2026-09-08T20:00:00,2026-09-09T00:36:00,16.0,1.40576,1.66934,0.26358,15.79,0.283788,0.283788,0.0,0.0,2.99,2.99,0.0,1.84,True,Demand,batch_contention_aware_ml,61.4,0.2516,False,True
GS-JOB-000299,finance,ML_TRAINING,AU-SA-Large,171.938,265,2026-09-08T18:09:20.000345,2026-09-08T22:34:20.000345,38.0,6.533644,6.533644,0.0,0.0,0.0,0.0,0.0,0.0,0.0,0.0,0.0,0.0,True,Demand,batch_contention_aware_ml,75.7,0.9977,False,True
GS-JOB-000300,finance,REPORT_GENERATION,AU-SA-Small,2.28,72,2026-09-08T18:09:20.000345,2026-09-08T19:21:20.000345,38.0,0.08664,0.08664,0.0,0.0,0.13338,0.13338,0.0,0.0,0.21,0.21,0.0,0.0,True,ToD,batch_contention_aware_ml,62.9,0.9977,False,True
GS-JOB-000301,data-engineering,ETL,IN-TG,4.968,65,2026-09-09T04:00:00,2026-09-09T05:05:00,410.0,2.03688,2.647944,0.611064,23.08,0.456062,0.426254,-0.029808,-6.99,38.01,35.52,-2.48,9.84,True,ToD,batch_contention_aware_ml,5.7,0.2516,False,True
GS-JOB-000302,data-engineering,ETL,IN-GJ,23.571,146,2026-09-09T02:00:00,2026-09-09T04:26:00,631.0,14.873301,15.344721,0.47142,3.07,1.258691,1.131408,-0.127283,-11.25,104.89,94.28,-10.61,7.84,True,ToD,batch_contention_aware_ml,17.1,0.2516,False,True
GS-JOB-000303,data-engineering,ETL,IN-WB,7.395,52,2026-09-08T18:09:20.000345,2026-09-08T19:01:20.000345,750.0,5.54625,5.54625,0.0,0.0,0.394893,0.394893,0.0,0.0,32.91,32.91,0.0,0.0,True,ToD,batch_contention_aware_ml,74.3,0.9977,False,True
GS-JOB-000304,ml-platform,ANALYTICS,IN-PB,3.28,48,2026-09-08T18:09:20.000345,2026-09-08T18:57:20.000345,493.0,1.61704,1.61704,0.0,0.0,0.23616,0.23616,0.0,0.0,19.68,19.68,0.0,0.0,True,ToD,batch_contention_aware_ml,98.6,0.9977,False,True
GS-JOB-000305,operations,BACKUP,US-CA,2.354,64,2026-09-08T22:00:00,2026-09-08T23:04:00,209.0,0.491986,0.315436,0.0,0.0,0.334904,0.270286,-0.064617,-23.91,0.33,0.27,-0.06,3.84,True,ToD,batch_contention_aware_ml,77.1,0.2516,True,True
GS-JOB-000306,ml-platform,ANALYTICS,US-NY,1.32,24,2026-09-08T18:09:20.000345,2026-09-08T18:33:20.000345,346.0,0.45672,0.45672,0.0,0.0,0.27456,0.27456,0.0,0.0,0.27,0.27,0.0,0.0,True,Demand,batch_contention_aware_ml,54.3,0.9977,False,True
GS-JOB-000307,analytics,REPORT_GENERATION,US-TX,14.1,169,2026-09-08T19:00:00,2026-09-08T21:49:00,327.0,4.6107,4.794,0.1833,3.82,0.862864,0.862864,0.0,0.0,0.86,0.86,0.0,0.84,True,Flat,batch_contention_aware_ml,48.6,0.2516,False,True
GS-JOB-000308,analytics,IMAGE_PROCESSING,SE,49.88,258,2026-09-08T22:00:00,2026-09-09T02:18:00,15.0,0.7482,0.94772,0.19952,21.05,0.161112,0.161112,0.0,0.0,1.7,1.7,0.0,3.84,True,Demand,batch_contention_aware_ml,71.4,0.2516,False,True
GS-JOB-000309,ml-platform,ANALYTICS,AU-SA-Large,2.052,65,2026-09-08T18:09:20.000345,2026-09-08T19:14:20.000345,38.0,0.077976,0.077976,0.0,0.0,0.0,0.0,0.0,0.0,0.0,0.0,0.0,0.0,True,Demand,batch_contention_aware_ml,55.7,0.9977,False,True
GS-JOB-000310,finance,REPORT_GENERATION,AU-SA-Small,10.406,145,2026-09-08T18:09:20.000345,2026-09-08T20:34:20.000345,38.0,0.395428,0.395428,0.0,0.0,0.608751,0.608751,0.0,0.0,0.94,0.94,0.0,0.0,True,ToD,batch_contention_aware_ml,31.4,0.9977,False,True
GS-JOB-000311,analytics,BACKUP,IN-TG,19.602,178,2026-09-08T18:09:20.000345,2026-09-08T21:07:20.000345,533.0,10.447866,10.447866,0.0,0.0,1.681852,1.681852,0.0,0.0,140.15,140.15,0.0,0.0,True,ToD,batch_contention_aware_ml,47.1,0.9977,False,True
GS-JOB-000312,finance,ETL,IN-GJ,4.599,44,2026-09-08T18:09:20.000345,2026-09-08T18:53:20.000345,651.0,2.993949,2.993949,0.0,0.0,0.220752,0.220752,0.0,0.0,18.4,18.4,0.0,0.0,True,ToD,batch_contention_aware_ml,37.1,0.9977,False,True
GS-JOB-000313,finance,REPORT_GENERATION,IN-WB,6.107,118,2026-09-09T05:00:00,2026-09-09T06:58:00,744.0,4.543608,4.58025,0.036642,0.8,0.546699,0.326114,-0.220585,-67.64,45.56,27.18,-18.38,10.84,True,ToD,batch_contention_aware_ml,20.0,0.2516,False,True
GS-JOB-000314,data-engineering,ETL,IN-PB,17.284,179,2026-09-08T20:00:00,2026-09-08T22:59:00,518.0,8.953112,8.521012,0.0,0.0,1.244448,1.244448,0.0,0.0,103.7,103.7,0.0,1.84,True,ToD,batch_contention_aware_ml,92.9,0.2516,True,True
GS-JOB-000315,data-engineering,ETL,US-CA,22.387,220,2026-09-08T18:09:20.000345,2026-09-08T21:49:20.000345,134.0,2.999858,2.999858,0.0,0.0,2.570475,2.570475,0.0,0.0,2.57,2.57,0.0,0.0,True,ToD,batch_contention_aware_ml,98.6,0.9977,False,True
GS-JOB-000316,ml-platform,DATA_PROCESSING,US-NY,2.739,50,2026-09-08T23:00:00,2026-09-08T23:50:00,347.0,0.950433,0.947694,0.0,0.0,0.569712,0.569712,0.0,0.0,0.57,0.57,0.0,4.84,True,Demand,batch_contention_aware_ml,14.3,0.2516,True,True
GS-JOB-000317,data-engineering,ETL,US-TX,10.302,121,2026-09-08T21:00:00,2026-09-08T23:01:00,342.0,3.523284,3.50268,0.0,0.0,0.630441,0.630441,0.0,0.0,0.63,0.63,0.0,2.84,True,Flat,batch_contention_aware_ml,97.1,0.2516,True,True
GS-JOB-000318,finance,REPORT_GENERATION,SE,5.684,59,2026-09-09T01:00:00,2026-09-09T01:59:00,15.0,0.08526,0.107996,0.022736,21.05,0.018359,0.018359,0.0,0.0,0.19,0.19,0.0,6.84,True,Demand,batch_contention_aware_ml,35.7,0.2516,True,True
GS-JOB-000319,operations,BACKUP,AU-SA-Large,13.124,116,2026-09-08T23:00:00,2026-09-09T00:56:00,44.0,0.577456,0.498712,0.0,0.0,0.0,0.0,0.0,0.0,0.0,0.0,0.0,4.84,True,Demand,batch_contention_aware_ml,80.0,0.2516,True,True
GS-JOB-000320,finance,ETL,AU-SA-Small,25.364,224,2026-09-08T18:09:20.000345,2026-09-08T21:53:20.000345,38.0,0.963832,0.963832,0.0,0.0,1.483794,1.483794,0.0,0.0,2.28,2.28,0.0,0.0,True,ToD,batch_contention_aware_ml,52.9,0.9977,False,True
GS-JOB-000321,data-engineering,ETL,IN-TG,5.733,164,2026-09-08T18:09:20.000345,2026-09-08T20:53:20.000345,533.0,3.055689,3.055689,0.0,0.0,0.491891,0.491891,0.0,0.0,40.99,40.99,0.0,0.0,True,ToD,batch_contention_aware_ml,28.6,0.9977,False,True
GS-JOB-000322,data-engineering,ETL,IN-GJ,3.75,45,2026-09-08T18:09:20.000345,2026-09-08T18:54:20.000345,651.0,2.44125,2.44125,0.0,0.0,0.18,0.18,0.0,0.0,15.0,15.0,0.0,0.0,True,ToD,batch_contention_aware_ml,75.7,0.9977,False,True
GS-JOB-000323,ml-platform,DATA_PROCESSING,IN-WB,3.51,70,2026-09-09T14:00:00,2026-09-09T15:10:00,742.0,2.60442,2.6325,0.02808,1.07,0.461214,0.187434,-0.27378,-146.07,38.43,15.62,-22.81,19.84,True,ToD,batch_contention_aware_ml,8.6,0.9977,False,True
GS-JOB-000324,operations,BACKUP,IN-PB,6.608,67,2026-09-08T18:09:20.000345,2026-09-08T19:16:20.000345,493.0,3.257744,3.257744,0.0,0.0,0.475776,0.475776,0.0,0.0,39.65,39.65,0.0,0.0,True,ToD,batch_contention_aware_ml,17.1,0.9977,False,True
GS-JOB-000325,data-engineering,DATA_PROCESSING,US-CA,3.78,84,2026-09-08T18:09:20.000345,2026-09-08T19:33:20.000345,134.0,0.50652,0.50652,0.0,0.0,0.43402,0.43402,0.0,0.0,0.43,0.43,0.0,0.0,True,ToD,batch_contention_aware_ml,100.0,0.9977,True,True
GS-JOB-000326,data-engineering,BACKUP,US-NY,11.34,126,2026-09-08T18:09:20.000345,2026-09-08T20:15:20.000345,346.0,3.92364,3.92364,0.0,0.0,2.35872,2.35872,0.0,0.0,2.36,2.36,0.0,0.0,True,Demand,batch_contention_aware_ml,100.0,0.9977,True,True
GS-JOB-000327,operations,DATA_PROCESSING,US-TX,0.512,19,2026-09-08T18:09:20.000345,2026-09-08T18:28:20.000345,340.0,0.17408,0.17408,0.0,0.0,0.031332,0.031332,0.0,0.0,0.03,0.03,0.0,0.0,True,Flat,batch_contention_aware_ml,64.3,0.9977,True,True
GS-JOB-000328,finance,DATA_PROCESSING,SE,2.66,80,2026-09-08T18:09:20.000345,2026-09-08T19:29:20.000345,19.0,0.05054,0.05054,0.0,0.0,0.008592,0.008592,0.0,0.0,0.09,0.09,0.0,0.0,True,Demand,batch_contention_aware_ml,24.3,0.9977,False,True
GS-JOB-000329,operations,BACKUP,AU-SA-Large,5.159,40,2026-09-08T18:09:20.000345,2026-09-08T18:49:20.000345,38.0,0.196042,0.196042,0.0,0.0,0.0,0.0,0.0,0.0,0.0,0.0,0.0,0.0,True,Demand,batch_contention_aware_ml,22.9,0.9977,False,True
GS-JOB-000330,data-engineering,ETL,AU-SA-Small,19.1,229,2026-09-08T18:09:20.000345,2026-09-08T21:58:20.000345,38.0,0.7258,0.7258,0.0,0.0,1.11735,1.11735,0.0,0.0,1.72,1.72,0.0,0.0,True,ToD,batch_contention_aware_ml,72.9,0.9977,False,True
GS-JOB-000331,operations,DATA_PROCESSING,IN-TG,1.44,48,2026-09-08T19:00:00,2026-09-08T19:48:00,549.0,0.79056,0.76752,0.0,0.0,0.123552,0.123552,0.0,0.0,10.3,10.3,0.0,0.84,True,ToD,batch_contention_aware_ml,98.6,0.2516,True,True
GS-JOB-000332,data-engineering,ETL,IN-GJ,11.28,72,2026-09-08T18:09:20.000345,2026-09-08T19:21:20.000345,651.0,7.34328,7.34328,0.0,0.0,0.54144,0.54144,0.0,0.0,45.12,45.12,0.0,0.0,True,ToD,batch_contention_aware_ml,31.4,0.9977,False,True
GS-JOB-000333,finance,ETL,IN-WB,9.398,76,2026-09-08T18:09:20.000345,2026-09-08T19:25:20.000345,750.0,7.0485,7.0485,0.0,0.0,0.501853,0.501853,0.0,0.0,41.82,41.82,0.0,0.0,True,ToD,batch_contention_aware_ml,62.9,0.9977,False,True
GS-JOB-000334,finance,REPORT_GENERATION,IN-PB,6.996,79,2026-09-08T18:09:20.000345,2026-09-08T19:28:20.000345,493.0,3.449028,3.449028,0.0,0.0,0.503712,0.503712,0.0,0.0,41.98,41.98,0.0,0.0,True,ToD,batch_contention_aware_ml,14.3,0.9977,False,True
GS-JOB-000335,data-engineering,ETL,US-CA,28.236,217,2026-09-08T18:09:20.000345,2026-09-08T21:46:20.000345,134.0,3.783624,3.783624,0.0,0.0,3.242058,3.242058,0.0,0.0,3.24,3.24,0.0,0.0,True,ToD,batch_contention_aware_ml,92.9,0.9977,False,True
GS-JOB-000336,operations,DATA_PROCESSING,US-NY,3.162,56,2026-09-09T07:00:00,2026-09-09T07:56:00,316.0,0.999192,1.094052,0.09486,8.67,0.657696,0.657696,0.0,0.0,0.66,0.66,0.0,12.84,True,Demand,batch_contention_aware_ml,31.4,0.2516,False,True
GS-JOB-000337,operations,REPORT_GENERATION,US-TX,10.92,126,2026-09-08T18:09:20.000345,2026-09-08T20:15:20.000345,340.0,3.7128,3.7128,0.0,0.0,0.66826,0.66826,0.0,0.0,0.67,0.67,0.0,0.0,True,Flat,batch_contention_aware_ml,28.6,0.9977,False,True
GS-JOB-000338,ml-platform,DATA_PROCESSING,SE,4.224,77,2026-09-08T22:00:00,2026-09-08T23:17:00,15.0,0.06336,0.080256,0.016896,21.05,0.013644,0.013644,0.0,0.0,0.14,0.14,0.0,3.84,True,Demand,batch_contention_aware_ml,82.9,0.2516,False,True
GS-JOB-000339,data-engineering,ETL,AU-SA-Large,20.658,188,2026-09-09T18:00:00,2026-09-09T21:08:00,43.0,0.888294,0.785004,0.0,0.0,0.0,0.0,0.0,0.0,0.0,0.0,0.0,23.84,True,Demand,batch_contention_aware_ml,21.4,0.9977,True,True
GS-JOB-000340,finance,REPORT_GENERATION,AU-SA-Small,3.078,97,2026-09-08T18:09:20.000345,2026-09-08T19:46:20.000345,38.0,0.116964,0.116964,0.0,0.0,0.180063,0.180063,0.0,0.0,0.28,0.28,0.0,0.0,True,ToD,batch_contention_aware_ml,100.0,0.9977,False,True
GS-JOB-000341,data-engineering,ETL,IN-TG,10.71,92,2026-09-09T06:00:00,2026-09-09T07:32:00,388.0,4.15548,5.70843,1.55295,27.2,0.918918,0.918918,0.0,0.0,76.58,76.58,0.0,11.84,True,ToD,batch_contention_aware_ml,22.9,0.2516,False,True
GS-JOB-000342,finance,ETL,IN-GJ,3.503,68,2026-09-08T18:09:20.000345,2026-09-08T19:17:20.000345,651.0,2.280453,2.280453,0.0,0.0,0.168144,0.168144,0.0,0.0,14.01,14.01,0.0,0.0,True,ToD,batch_contention_aware_ml,11.4,0.9977,False,True
GS-JOB-000343,operations,DATA_PROCESSING,IN-WB,1.215,27,2026-09-08T18:09:20.000345,2026-09-08T18:36:20.000345,750.0,0.91125,0.91125,0.0,0.0,0.064881,0.064881,0.0,0.0,5.41,5.41,0.0,0.0,True,ToD,batch_contention_aware_ml,100.0,0.9977,False,True
GS-JOB-000344,data-engineering,ETL,IN-PB,24.64,211,2026-09-08T18:09:20.000345,2026-09-08T21:40:20.000345,493.0,12.14752,12.14752,0.0,0.0,1.77408,1.77408,0.0,0.0,147.84,147.84,0.0,0.0,True,ToD,batch_contention_aware_ml,41.4,0.9977,False,True
GS-JOB-000345,operations,BACKUP,US-CA,3.955,68,2026-09-08T21:00:00,2026-09-08T22:08:00,187.0,0.739585,0.52997,0.0,0.0,0.562678,0.454113,-0.108565,-23.91,0.56,0.45,-0.11,2.84,True,ToD,batch_contention_aware_ml,92.9,0.2516,True,True
GS-JOB-000346,analytics,DATA_PROCESSING,US-NY,1.675,40,2026-09-08T18:09:20.000345,2026-09-08T18:49:20.000345,346.0,0.57955,0.57955,0.0,0.0,0.3484,0.3484,0.0,0.0,0.35,0.35,0.0,0.0,True,Demand,batch_contention_aware_ml,22.9,0.9977,False,True
GS-JOB-000347,operations,BACKUP,US-TX,3.655,51,2026-09-08T18:09:20.000345,2026-09-08T19:00:20.000345,340.0,1.2427,1.2427,0.0,0.0,0.223671,0.223671,0.0,0.0,0.22,0.22,0.0,0.0,True,Flat,batch_contention_aware_ml,61.4,0.9977,True,True
GS-JOB-000348,analytics,DATA_PROCESSING,SE,0.798,23,2026-09-08T22:00:00,2026-09-08T22:23:00,15.0,0.01197,0.015162,0.003192,21.05,0.002578,0.002578,0.0,0.0,0.03,0.03,0.0,3.84,True,Demand,batch_contention_aware_ml,85.7,0.2516,False,True
GS-JOB-000349,data-engineering,ETL,AU-SA-Large,7.83,81,2026-09-09T18:00:00,2026-09-09T19:21:00,43.0,0.33669,0.29754,0.0,0.0,0.0,0.0,0.0,0.0,0.0,0.0,0.0,23.84,True,Demand,batch_contention_aware_ml,15.7,0.9977,True,True
GS-JOB-000350,data-engineering,ETL,AU-SA-Small,8.155,140,2026-09-08T23:00:00,2026-09-09T01:20:00,44.0,0.35882,0.30989,0.0,0.0,0.477067,0.477067,0.0,0.0,0.73,0.73,0.0,4.84,True,ToD,batch_contention_aware_ml,91.4,0.2516,True,True
GS-JOB-000351,data-engineering,ETL,IN-TG,25.976,229,2026-09-08T19:00:00,2026-09-08T22:49:00,549.0,14.260824,13.845208,0.0,0.0,2.228741,2.228741,0.0,0.0,185.73,185.73,0.0,0.84,True,ToD,batch_contention_aware_ml,90.0,0.2516,True,True
GS-JOB-000352,finance,BACKUP,IN-GJ,2.482,44,2026-09-08T18:09:20.000345,2026-09-08T18:53:20.000345,651.0,1.615782,1.615782,0.0,0.0,0.119136,0.119136,0.0,0.0,9.93,9.93,0.0,0.0,True,ToD,batch_contention_aware_ml,40.0,0.9977,False,True
GS-JOB-000353,ml-platform,ML_TRAINING,IN-WB,164.004,415,2026-09-08T18:09:20.000345,2026-09-09T01:04:20.000345,750.0,123.003,123.003,0.0,0.0,8.757814,8.757814,0.0,0.0,729.82,729.82,0.0,0.0,True,ToD,batch_contention_aware_ml,14.3,0.9977,False,True
GS-JOB-000354,data-engineering,ETL,IN-PB,7.665,63,2026-09-08T19:00:00,2026-09-08T20:03:00,508.0,3.89382,3.778845,0.0,0.0,0.55188,0.55188,0.0,0.0,45.99,45.99,0.0,0.84,True,ToD,batch_contention_aware_ml,97.1,0.2516,True,True
GS-JOB-000355,operations,BACKUP,US-CA,6.425,154,2026-09-08T20:00:00,2026-09-08T22:34:00,174.0,1.11795,0.86095,0.0,0.0,0.737719,0.737719,0.0,0.0,0.74,0.74,0.0,1.84,True,ToD,batch_contention_aware_ml,100.0,0.2516,True,True
GS-JOB-000356,data-engineering,ETL,US-NY,9.15,110,2026-09-09T04:00:00,2026-09-09T05:50:00,331.0,3.02865,3.1659,0.13725,4.34,1.9032,1.9032,0.0,0.0,1.9,1.9,0.0,9.84,True,Demand,batch_contention_aware_ml,4.3,0.2516,False,True
GS-JOB-000357,analytics,IMAGE_PROCESSING,US-TX,22.746,134,2026-09-08T19:00:00,2026-09-08T21:14:00,327.0,7.437942,7.73364,0.295698,3.82,1.391964,1.391964,0.0,0.0,1.39,1.39,0.0,0.84,True,Flat,batch_contention_aware_ml,65.7,0.2516,False,True
GS-JOB-000358,operations,BACKUP,SE,12.628,172,2026-09-09T01:00:00,2026-09-09T03:52:00,15.0,0.18942,0.239932,0.050512,21.05,0.040788,0.040788,0.0,0.0,0.43,0.43,0.0,6.84,True,Demand,batch_contention_aware_ml,32.9,0.2516,True,True
GS-JOB-000359,ml-platform,ANALYTICS,AU-SA-Large,3.872,53,2026-09-08T18:09:20.000345,2026-09-08T19:02:20.000345,38.0,0.147136,0.147136,0.0,0.0,0.0,0.0,0.0,0.0,0.0,0.0,0.0,0.0,True,Demand,batch_contention_aware_ml,17.1,0.9977,False,True
GS-JOB-000360,operations,DATA_PROCESSING,AU-SA-Small,3.395,58,2026-09-08T23:00:00,2026-09-08T23:58:00,44.0,0.14938,0.12901,0.0,0.0,0.198608,0.198608,0.0,0.0,0.31,0.31,0.0,4.84,True,ToD,batch_contention_aware_ml,85.7,0.2516,True,True
GS-JOB-000361,data-engineering,ANALYTICS,IN-TG,3.283,40,2026-09-08T18:09:20.000345,2026-09-08T18:49:20.000345,533.0,1.749839,1.749839,0.0,0.0,0.281681,0.281681,0.0,0.0,23.47,23.47,0.0,0.0,True,ToD,batch_contention_aware_ml,100.0,0.9977,True,True
GS-JOB-000362,finance,REPORT_GENERATION,IN-GJ,1.38,36,2026-09-08T18:09:20.000345,2026-09-08T18:45:20.000345,651.0,0.89838,0.89838,0.0,0.0,0.06624,0.06624,0.0,0.0,5.52,5.52,0.0,0.0,True,ToD,batch_contention_aware_ml,41.4,0.9977,False,True
GS-JOB-000363,ml-platform,IMAGE_PROCESSING,IN-WB,68.705,273,2026-09-08T18:09:20.000345,2026-09-08T22:42:20.000345,750.0,51.52875,51.52875,0.0,0.0,3.668847,3.668847,0.0,0.0,305.74,305.74,0.0,0.0,True,ToD,batch_contention_aware_ml,95.7,0.9977,False,True
GS-JOB-000364,data-engineering,BACKUP,IN-PB,8.316,119,2026-09-08T19:00:00,2026-09-08T20:59:00,508.0,4.224528,4.099788,0.0,0.0,0.598752,0.598752,0.0,0.0,49.9,49.9,0.0,0.84,True,ToD,batch_contention_aware_ml,85.7,0.2516,True,True
GS-JOB-000365,operations,BACKUP,US-CA,4.884,79,2026-09-09T16:00:00,2026-09-09T17:19:00,195.0,0.95238,0.654456,0.0,0.0,0.560781,0.560781,0.0,0.0,0.56,0.56,0.0,21.84,True,ToD,batch_contention_aware_ml,2.9,0.9977,True,True
GS-JOB-000366,ml-platform,ANALYTICS,US-NY,1.312,19,2026-09-08T18:09:20.000345,2026-09-08T18:28:20.000345,346.0,0.453952,0.453952,0.0,0.0,0.272896,0.272896,0.0,0.0,0.27,0.27,0.0,0.0,True,Demand,batch_contention_aware_ml,57.1,0.9977,False,True
GS-JOB-000367,data-engineering,ETL,US-TX,3.159,70,2026-09-08T18:09:20.000345,2026-09-08T19:19:20.000345,340.0,1.07406,1.07406,0.0,0.0,0.193318,0.193318,0.0,0.0,0.19,0.19,0.0,0.0,True,Flat,batch_contention_aware_ml,48.6,0.9977,True,True
GS-JOB-000368,data-engineering,ETL,SE,6.5,75,2026-09-08T19:00:00,2026-09-08T20:15:00,17.0,0.1105,0.1235,0.013,10.53,0.020995,0.020995,0.0,0.0,0.22,0.22,0.0,0.84,True,Demand,batch_contention_aware_ml,58.6,0.2516,False,True
GS-JOB-000369,operations,DATA_PROCESSING,AU-SA-Large,3.96,79,2026-09-08T18:09:20.000345,2026-09-08T19:28:20.000345,38.0,0.15048,0.15048,0.0,0.0,0.0,0.0,0.0,0.0,0.0,0.0,0.0,0.0,True,Demand,batch_contention_aware_ml,14.3,0.9977,False,True
GS-JOB-000370,operations,BACKUP,AU-SA-Small,6.105,99,2026-09-08T18:09:20.000345,2026-09-08T19:48:20.000345,38.0,0.23199,0.23199,0.0,0.0,0.357143,0.357143,0.0,0.0,0.55,0.55,0.0,0.0,True,ToD,batch_contention_aware_ml,34.3,0.9977,False,True
GS-JOB-000371,operations,DATA_PROCESSING,IN-TG,0.99,33,2026-09-08T19:00:00,2026-09-08T19:33:00,549.0,0.54351,0.52767,0.0,0.0,0.084942,0.084942,0.0,0.0,7.08,7.08,0.0,0.84,True,ToD,batch_contention_aware_ml,84.3,0.2516,True,True
GS-JOB-000372,ml-platform,ETL,IN-GJ,12.312,97,2026-09-09T07:00:00,2026-09-09T08:37:00,504.0,6.205248,8.015112,1.809864,22.58,0.50233,0.590976,0.088646,15.0,41.86,49.25,7.39,12.84,True,ToD,batch_contention_aware_ml,5.7,0.2516,False,True
GS-JOB-000373,operations,BACKUP,IN-WB,10.199,130,2026-09-08T18:09:20.000345,2026-09-08T20:19:20.000345,750.0,7.64925,7.64925,0.0,0.0,0.544627,0.544627,0.0,0.0,45.39,45.39,0.0,0.0,True,ToD,batch_contention_aware_ml,22.9,0.9977,False,True
GS-JOB-000374,data-engineering,IMAGE_PROCESSING,IN-PB,82.39,321,2026-09-08T18:09:20.000345,2026-09-08T23:30:20.000345,493.0,40.61827,40.61827,0.0,0.0,5.93208,5.93208,0.0,0.0,494.34,494.34,0.0,0.0,True,ToD,batch_contention_aware_ml,70.0,0.9977,False,True
GS-JOB-000375,operations,BACKUP,US-CA,4.048,55,2026-09-08T20:00:00,2026-09-08T20:55:00,174.0,0.704352,0.542432,0.0,0.0,0.464791,0.464791,0.0,0.0,0.46,0.46,0.0,1.84,True,ToD,batch_contention_aware_ml,98.6,0.2516,True,True
GS-JOB-000376,operations,REPORT_GENERATION,US-NY,4.34,93,2026-09-09T00:00:00,2026-09-09T01:33:00,344.0,1.49296,1.50164,0.00868,0.58,0.90272,0.90272,0.0,0.0,0.9,0.9,0.0,5.84,True,Demand,batch_contention_aware_ml,7.1,0.2516,False,True
GS-JOB-000377,data-engineering,ETL,US-TX,27.86,239,2026-09-08T20:00:00,2026-09-08T23:59:00,329.0,9.16594,9.4724,0.30646,3.24,1.704921,1.704921,0.0,0.0,1.7,1.7,0.0,1.84,True,Flat,batch_contention_aware_ml,92.9,0.2516,True,True
GS-JOB-000378,ml-platform,ANALYTICS,SE,2.394,34,2026-09-08T18:09:20.000345,2026-09-08T18:43:20.000345,19.0,0.045486,0.045486,0.0,0.0,0.007733,0.007733,0.0,0.0,0.08,0.08,0.0,0.0,True,Demand,batch_contention_aware_ml,51.4,0.9977,False,True
GS-JOB-000379,ml-platform,ANALYTICS,AU-SA-Large,3.68,48,2026-09-08T18:09:20.000345,2026-09-08T18:57:20.000345,38.0,0.13984,0.13984,0.0,0.0,0.0,0.0,0.0,0.0,0.0,0.0,0.0,0.0,True,Demand,batch_contention_aware_ml,58.6,0.9977,False,True
GS-JOB-000380,finance,ETL,AU-SA-Small,38.115,231,2026-09-08T23:00:00,2026-09-09T02:51:00,44.0,1.67706,1.44837,0.0,0.0,2.229728,2.229728,0.0,0.0,3.43,3.43,0.0,4.84,True,ToD,batch_contention_aware_ml,65.7,0.2516,True,True
GS-JOB-000381,finance,ANALYTICS,IN-TG,2.95,71,2026-09-08T18:09:20.000345,2026-09-08T19:20:20.000345,533.0,1.57235,1.57235,0.0,0.0,0.25311,0.25311,0.0,0.0,21.09,21.09,0.0,0.0,True,ToD,batch_contention_aware_ml,91.4,0.9977,False,True
GS-JOB-000382,ml-platform,REPORT_GENERATION,IN-GJ,2.771,98,2026-09-08T18:09:20.000345,2026-09-08T19:47:20.000345,651.0,1.803921,1.803921,0.0,0.0,0.133008,0.133008,0.0,0.0,11.08,11.08,0.0,0.0,True,ToD,batch_contention_aware_ml,77.1,0.9977,False,True
GS-JOB-000383,finance,ANALYTICS,IN-WB,2.55,45,2026-09-08T18:09:20.000345,2026-09-08T18:54:20.000345,750.0,1.9125,1.9125,0.0,0.0,0.13617,0.13617,0.0,0.0,11.35,11.35,0.0,0.0,True,ToD,batch_contention_aware_ml,100.0,0.9977,True,True
GS-JOB-000384,ml-platform,DATA_PROCESSING,IN-PB,2.1,36,2026-09-09T08:00:00,2026-09-09T08:36:00,329.0,0.6909,1.0353,0.3444,33.27,0.1764,0.1512,-0.0252,-16.67,14.7,12.6,-2.1,13.84,True,ToD,batch_contention_aware_ml,15.7,0.2516,False,True
GS-JOB-000385,analytics,IMAGE_PROCESSING,US-CA,35.476,217,2026-09-08T21:00:00,2026-09-09T00:37:00,187.0,6.634012,4.753784,0.0,0.0,5.047171,4.073354,-0.973816,-23.91,5.05,4.07,-0.97,2.84,True,ToD,batch_contention_aware_ml,98.6,0.2516,True,True
GS-JOB-000386,ml-platform,ANALYTICS,US-NY,1.68,42,2026-09-08T18:09:20.000345,2026-09-08T18:51:20.000345,346.0,0.58128,0.58128,0.0,0.0,0.34944,0.34944,0.0,0.0,0.35,0.35,0.0,0.0,True,Demand,batch_contention_aware_ml,21.4,0.9977,False,True
GS-JOB-000387,ml-platform,ANALYTICS,US-TX,1.68,24,2026-09-08T18:09:20.000345,2026-09-08T18:33:20.000345,340.0,0.5712,0.5712,0.0,0.0,0.102809,0.102809,0.0,0.0,0.1,0.1,0.0,0.0,True,Flat,batch_contention_aware_ml,47.1,0.9977,False,True
GS-JOB-000388,operations,BACKUP,SE,11.656,149,2026-09-08T23:00:00,2026-09-09T01:29:00,15.0,0.17484,0.221464,0.046624,21.05,0.037649,0.037649,0.0,0.0,0.4,0.4,0.0,4.84,True,Demand,batch_contention_aware_ml,84.3,0.2516,True,True
GS-JOB-000389,data-engineering,ETL,AU-SA-Large,1.197,34,2026-09-08T18:09:20.000345,2026-09-08T18:43:20.000345,38.0,0.045486,0.045486,0.0,0.0,0.0,0.0,0.0,0.0,0.0,0.0,0.0,0.0,True,Demand,batch_contention_aware_ml,60.0,0.9977,False,True
GS-JOB-000390,analytics,IMAGE_PROCESSING,AU-SA-Small,24.282,205,2026-09-08T23:00:00,2026-09-09T02:25:00,44.0,1.068408,0.922716,0.0,0.0,1.420497,1.420497,0.0,0.0,2.19,2.19,0.0,4.84,True,ToD,batch_contention_aware_ml,48.6,0.2516,True,True
GS-JOB-000391,operations,BACKUP,IN-TG,5.508,65,2026-09-08T18:09:20.000345,2026-09-08T19:14:20.000345,533.0,2.935764,2.935764,0.0,0.0,0.472586,0.472586,0.0,0.0,39.38,39.38,0.0,0.0,True,ToD,batch_contention_aware_ml,20.0,0.9977,False,True
GS-JOB-000392,operations,REPORT_GENERATION,IN-GJ,4.505,159,2026-09-09T07:00:00,2026-09-09T09:39:00,504.0,2.27052,2.932755,0.662235,22.58,0.183804,0.21624,0.032436,15.0,15.32,18.02,2.7,12.84,True,ToD,batch_contention_aware_ml,10.0,0.2516,False,True
GS-JOB-000393,data-engineering,ETL,IN-WB,13.44,126,2026-09-09T05:00:00,2026-09-09T07:06:00,744.0,9.99936,10.08,0.08064,0.8,1.203149,0.717696,-0.485453,-67.64,100.26,59.81,-40.45,10.84,True,ToD,batch_contention_aware_ml,14.3,0.2516,False,True
GS-JOB-000394,data-engineering,ETL,IN-PB,1.664,31,2026-09-08T18:09:20.000345,2026-09-08T18:40:20.000345,493.0,0.820352,0.820352,0.0,0.0,0.119808,0.119808,0.0,0.0,9.98,9.98,0.0,0.0,True,ToD,batch_contention_aware_ml,30.0,0.9977,False,True
GS-JOB-000395,finance,REPORT_GENERATION,US-CA,5.246,73,2026-09-08T22:00:00,2026-09-08T23:13:00,209.0,1.096414,0.702964,0.0,0.0,0.746348,0.602346,-0.144003,-23.91,0.75,0.6,-0.14,3.84,True,ToD,batch_contention_aware_ml,80.0,0.2516,True,True
GS-JOB-000396,analytics,ETL,US-NY,21.2,159,2026-09-09T07:00:00,2026-09-09T09:39:00,316.0,6.6992,7.3352,0.636,8.67,4.4096,4.4096,0.0,0.0,4.41,4.41,0.0,12.84,True,Demand,batch_contention_aware_ml,70.0,0.2516,False,True
GS-JOB-000397,operations,DATA_PROCESSING,US-TX,2.208,55,2026-09-08T18:09:20.000345,2026-09-08T19:04:20.000345,340.0,0.75072,0.75072,0.0,0.0,0.135121,0.135121,0.0,0.0,0.14,0.14,0.0,0.0,True,Flat,batch_contention_aware_ml,44.3,0.9977,False,True
GS-JOB-000398,finance,REPORT_GENERATION,SE,6.831,124,2026-09-08T22:00:00,2026-09-09T00:04:00,15.0,0.102465,0.129789,0.027324,21.05,0.022064,0.022064,0.0,0.0,0.23,0.23,0.0,3.84,True,Demand,batch_contention_aware_ml,58.6,0.2516,False,True
GS-JOB-000399,analytics,ETL,AU-SA-Large,1.612,37,2026-09-09T18:00:00,2026-09-09T18:37:00,43.0,0.069316,0.061256,0.0,0.0,0.0,0.0,0.0,0.0,0.0,0.0,0.0,23.84,True,Demand,batch_contention_aware_ml,30.0,0.9977,True,True
GS-JOB-000400,finance,ETL,AU-SA-Small,12.408,169,2026-09-08T18:09:20.000345,2026-09-08T20:58:20.000345,38.0,0.471504,0.471504,0.0,0.0,0.725868,0.725868,0.0,0.0,1.12,1.12,0.0,0.0,True,ToD,batch_contention_aware_ml,84.3,0.9977,False,True
GS-JOB-000401,ml-platform,ETL,IN-TG,12.74,109,2026-09-08T18:09:20.000345,2026-09-08T19:58:20.000345,533.0,6.79042,6.79042,0.0,0.0,1.093092,1.093092,0.0,0.0,91.09,91.09,0.0,0.0,True,ToD,batch_contention_aware_ml,84.3,0.9977,False,True
GS-JOB-000402,operations,DATA_PROCESSING,IN-GJ,5.112,85,2026-09-09T07:00:00,2026-09-09T08:25:00,504.0,2.576448,3.327912,0.751464,22.58,0.20857,0.245376,0.036806,15.0,17.38,20.45,3.07,12.84,True,ToD,batch_contention_aware_ml,27.1,0.2516,False,True
GS-JOB-000403,finance,DATA_PROCESSING,IN-WB,1.15,30,2026-09-09T04:00:00,2026-09-09T04:30:00,747.0,0.85905,0.8625,0.00345,0.4,0.102948,0.06141,-0.041538,-67.64,8.58,5.12,-3.46,9.84,True,ToD,batch_contention_aware_ml,4.3,0.2516,False,True
GS-JOB-000404,finance,REPORT_GENERATION,IN-PB,4.278,83,2026-09-08T18:09:20.000345,2026-09-08T19:32:20.000345,493.0,2.109054,2.109054,0.0,0.0,0.308016,0.308016,0.0,0.0,25.67,25.67,0.0,0.0,True,ToD,batch_contention_aware_ml,32.9,0.9977,False,True
GS-JOB-000405,operations,ANALYTICS,US-CA,3.666,47,2026-09-08T18:09:20.000345,2026-09-08T18:56:20.000345,134.0,0.491244,0.491244,0.0,0.0,0.42093,0.42093,0.0,0.0,0.42,0.42,0.0,0.0,True,ToD,batch_contention_aware_ml,100.0,0.9977,True,True
GS-JOB-000406,finance,IMAGE_PROCESSING,US-NY,89.59,316,2026-09-08T18:09:20.000345,2026-09-08T23:25:20.000345,346.0,30.99814,30.99814,0.0,0.0,18.63472,18.63472,0.0,0.0,18.63,18.63,0.0,0.0,True,Demand,batch_contention_aware_ml,14.3,0.9977,False,True
GS-JOB-000407,finance,ANALYTICS,US-TX,2.79,56,2026-09-08T18:09:20.000345,2026-09-08T19:05:20.000345,340.0,0.9486,0.9486,0.0,0.0,0.170737,0.170737,0.0,0.0,0.17,0.17,0.0,0.0,True,Flat,batch_contention_aware_ml,42.9,0.9977,False,True
GS-JOB-000408,data-engineering,ETL,SE,10.943,212,2026-09-08T18:09:20.000345,2026-09-08T21:41:20.000345,19.0,0.207917,0.207917,0.0,0.0,0.035346,0.035346,0.0,0.0,0.37,0.37,0.0,0.0,False,Demand,batch_contention_aware_ml,64.3,0.9977,False,True
GS-JOB-000409,analytics,IMAGE_PROCESSING,AU-SA-Large,30.55,195,2026-09-08T19:00:00,2026-09-08T22:15:00,50.0,1.5275,1.1609,0.0,0.0,0.0,0.0,0.0,0.0,0.0,0.0,0.0,0.84,True,Demand,batch_contention_aware_ml,82.9,0.2516,True,True
GS-JOB-000410,ml-platform,BACKUP,AU-SA-Small,7.203,88,2026-09-08T18:09:20.000345,2026-09-08T19:37:20.000345,38.0,0.273714,0.273714,0.0,0.0,0.421376,0.421376,0.0,0.0,0.65,0.65,0.0,0.0,True,ToD,batch_contention_aware_ml,61.4,0.9977,False,True
GS-JOB-000411,finance,DATA_PROCESSING,IN-TG,1.8,60,2026-09-08T19:00:00,2026-09-08T20:00:00,549.0,0.9882,0.9594,0.0,0.0,0.15444,0.15444,0.0,0.0,12.87,12.87,0.0,0.84,True,ToD,batch_contention_aware_ml,100.0,0.2516,True,True
GS-JOB-000412,finance,REPORT_GENERATION,IN-GJ,6.7,161,2026-09-09T07:00:00,2026-09-09T09:41:00,504.0,3.3768,4.3617,0.9849,22.58,0.27336,0.3216,0.04824,15.0,22.78,26.8,4.02,12.84,True,ToD,batch_contention_aware_ml,28.6,0.2516,False,True
GS-JOB-000413,ml-platform,DATA_PROCESSING,IN-WB,2.64,48,2026-09-09T14:00:00,2026-09-09T14:48:00,742.0,1.95888,1.98,0.02112,1.07,0.346896,0.140976,-0.20592,-146.07,28.91,11.75,-17.16,19.84,True,ToD,batch_contention_aware_ml,22.9,0.9977,False,True
GS-JOB-000414,finance,BACKUP,IN-PB,5.2,39,2026-09-08T18:09:20.000345,2026-09-08T18:48:20.000345,493.0,2.5636,2.5636,0.0,0.0,0.3744,0.3744,0.0,0.0,31.2,31.2,0.0,0.0,True,ToD,batch_contention_aware_ml,27.1,0.9977,False,True
GS-JOB-000415,analytics,IMAGE_PROCESSING,US-CA,46.948,233,2026-09-08T20:00:00,2026-09-08T23:53:00,174.0,8.168952,6.291032,0.0,0.0,5.390569,5.390569,0.0,0.0,5.39,5.39,0.0,1.84,True,ToD,batch_contention_aware_ml,90.0,0.2516,True,True
GS-JOB-000416,analytics,ANALYTICS,US-NY,3.255,63,2026-09-08T18:09:20.000345,2026-09-08T19:12:20.000345,346.0,1.12623,1.12623,0.0,0.0,0.67704,0.67704,0.0,0.0,0.68,0.68,0.0,0.0,True,Demand,batch_contention_aware_ml,100.0,0.9977,True,True
GS-JOB-000417,analytics,IMAGE_PROCESSING,US-TX,32.319,308,2026-09-08T21:00:00,2026-09-09T02:08:00,342.0,11.053098,10.98846,0.0,0.0,1.977794,1.977794,0.0,0.0,1.98,1.98,0.0,2.84,True,Flat,batch_contention_aware_ml,77.1,0.2516,True,True
GS-JOB-000418,ml-platform,ETL,SE,11.68,96,2026-09-08T22:00:00,2026-09-08T23:36:00,15.0,0.1752,0.22192,0.04672,21.05,0.037726,0.037726,0.0,0.0,0.4,0.4,0.0,3.84,True,Demand,batch_contention_aware_ml,20.0,0.2516,False,True
GS-JOB-000419,operations,BACKUP,AU-SA-Large,17.739,146,2026-09-09T18:00:00,2026-09-09T20:26:00,43.0,0.762777,0.674082,0.0,0.0,0.0,0.0,0.0,0.0,0.0,0.0,0.0,23.84,True,Demand,batch_contention_aware_ml,12.9,0.9977,True,True
GS-JOB-000420,finance,REPORT_GENERATION,AU-SA-Small,8.004,83,2026-09-08T23:00:00,2026-09-09T00:23:00,44.0,0.352176,0.304152,0.0,0.0,0.468234,0.468234,0.0,0.0,0.72,0.72,0.0,4.84,True,ToD,batch_contention_aware_ml,80.0,0.2516,True,True
GS-JOB-000421,finance,ANALYTICS,IN-TG,1.632,29,2026-09-08T18:09:20.000345,2026-09-08T18:38:20.000345,533.0,0.869856,0.869856,0.0,0.0,0.140026,0.140026,0.0,0.0,11.67,11.67,0.0,0.0,True,ToD,batch_contention_aware_ml,94.3,0.9977,False,True
GS-JOB-000422,operations,DATA_PROCESSING,IN-GJ,1.6,30,2026-09-08T20:00:00,2026-09-08T20:30:00,681.0,1.0896,1.0416,0.0,0.0,0.0768,0.0768,0.0,0.0,6.4,6.4,0.0,1.84,True,ToD,batch_contention_aware_ml,70.0,0.2516,True,True
GS-JOB-000423,finance,ML_TRAINING,IN-WB,58.692,175,2026-09-08T18:09:20.000345,2026-09-08T21:04:20.000345,750.0,44.019,44.019,0.0,0.0,3.134153,3.134153,0.0,0.0,261.18,261.18,0.0,0.0,True,ToD,batch_contention_aware_ml,51.4,0.9977,False,True
GS-JOB-000424,data-engineering,ETL,IN-PB,2.278,40,2026-09-09T08:00:00,2026-09-09T08:40:00,329.0,0.749462,1.123054,0.373592,33.27,0.191352,0.164016,-0.027336,-16.67,15.95,13.67,-2.28,13.84,True,ToD,batch_contention_aware_ml,2.9,0.2516,False,True
GS-JOB-000425,operations,DATA_PROCESSING,US-CA,3.22,84,2026-09-08T18:09:20.000345,2026-09-08T19:33:20.000345,134.0,0.43148,0.43148,0.0,0.0,0.36972,0.36972,0.0,0.0,0.37,0.37,0.0,0.0,True,ToD,batch_contention_aware_ml,100.0,0.9977,False,True
GS-JOB-000426,finance,REPORT_GENERATION,US-NY,14.025,165,2026-09-08T18:09:20.000345,2026-09-08T20:54:20.000345,346.0,4.85265,4.85265,0.0,0.0,2.9172,2.9172,0.0,0.0,2.92,2.92,0.0,0.0,True,Demand,batch_contention_aware_ml,2.9,0.9977,False,True
GS-JOB-000427,ml-platform,ML_TRAINING,US-TX,49.8,180,2026-09-08T18:09:20.000345,2026-09-08T21:09:20.000345,340.0,16.932,16.932,0.0,0.0,3.047561,3.047561,0.0,0.0,3.05,3.05,0.0,0.0,True,Flat,batch_contention_aware_ml,40.0,0.9977,False,True
GS-JOB-000428,analytics,DATA_PROCESSING,SE,2.037,58,2026-09-08T22:00:00,2026-09-08T22:58:00,15.0,0.030555,0.038703,0.008148,21.05,0.00658,0.00658,0.0,0.0,0.07,0.07,0.0,3.84,True,Demand,batch_contention_aware_ml,38.6,0.2516,False,True
GS-JOB-000429,operations,DATA_PROCESSING,AU-SA-Large,1.344,29,2026-09-08T23:00:00,2026-09-08T23:29:00,44.0,0.059136,0.051072,0.0,0.0,0.0,0.0,0.0,0.0,0.0,0.0,0.0,4.84,True,Demand,batch_contention_aware_ml,17.1,0.2516,True,True
GS-JOB-000430,operations,BACKUP,AU-SA-Small,6.12,92,2026-09-08T23:00:00,2026-09-09T00:32:00,44.0,0.26928,0.23256,0.0,0.0,0.35802,0.35802,0.0,0.0,0.55,0.55,0.0,4.84,True,ToD,batch_contention_aware_ml,82.9,0.2516,True,True
GS-JOB-000431,operations,BACKUP,IN-TG,19.866,155,2026-09-08T18:09:20.000345,2026-09-08T20:44:20.000345,533.0,10.588578,10.588578,0.0,0.0,1.704503,1.704503,0.0,0.0,142.04,142.04,0.0,0.0,False,ToD,batch_contention_aware_ml,5.7,0.9977,False,True
GS-JOB-000432,operations,ETL,IN-GJ,27.972,200,2026-09-08T18:09:20.000345,2026-09-08T21:29:20.000345,651.0,18.209772,18.209772,0.0,0.0,1.342656,1.342656,0.0,0.0,111.89,111.89,0.0,0.0,True,ToD,batch_contention_aware_ml,95.7,0.9977,False,True
GS-JOB-000433,data-engineering,ETL,IN-WB,18.48,168,2026-09-08T19:00:00,2026-09-08T21:48:00,755.0,13.9524,13.86,0.0,0.0,0.986832,0.986832,0.0,0.0,82.24,82.24,0.0,0.84,True,ToD,batch_contention_aware_ml,95.7,0.2516,True,True
GS-JOB-000434,data-engineering,BACKUP,IN-PB,8.639,98,2026-09-08T18:09:20.000345,2026-09-08T19:47:20.000345,493.0,4.259027,4.259027,0.0,0.0,0.622008,0.622008,0.0,0.0,51.83,51.83,0.0,0.0,True,ToD,batch_contention_aware_ml,11.4,0.9977,False,True
GS-JOB-000435,operations,DATA_PROCESSING,US-CA,4.64,87,2026-09-08T21:00:00,2026-09-08T22:27:00,187.0,0.86768,0.62176,0.0,0.0,0.660133,0.532765,-0.127368,-23.91,0.66,0.53,-0.13,2.84,True,ToD,batch_contention_aware_ml,90.0,0.2516,True,True
GS-JOB-000436,analytics,ETL,US-NY,17.983,220,2026-09-08T18:09:20.000345,2026-09-08T21:49:20.000345,346.0,6.222118,6.222118,0.0,0.0,3.740464,3.740464,0.0,0.0,3.74,3.74,0.0,0.0,True,Demand,batch_contention_aware_ml,82.9,0.9977,False,True
GS-JOB-000437,finance,ETL,US-TX,8.71,78,2026-09-08T20:00:00,2026-09-08T21:18:00,329.0,2.86559,2.9614,0.09581,3.24,0.533017,0.533017,0.0,0.0,0.53,0.53,0.0,1.84,True,Flat,batch_contention_aware_ml,98.6,0.2516,True,True
GS-JOB-000438,data-engineering,BACKUP,SE,17.884,158,2026-09-08T20:00:00,2026-09-08T22:38:00,16.0,0.286144,0.339796,0.053652,15.79,0.057765,0.057765,0.0,0.0,0.61,0.61,0.0,1.84,True,Demand,batch_contention_aware_ml,75.7,0.2516,False,True
GS-JOB-000439,operations,DATA_PROCESSING,AU-SA-Large,0.825,20,2026-09-08T23:00:00,2026-09-08T23:20:00,44.0,0.0363,0.03135,0.0,0.0,0.0,0.0,0.0,0.0,0.0,0.0,0.0,4.84,True,Demand,batch_contention_aware_ml,45.7,0.2516,True,True
GS-JOB-000440,finance,REPORT_GENERATION,AU-SA-Small,4.312,46,2026-09-08T18:09:20.000345,2026-09-08T18:55:20.000345,38.0,0.163856,0.163856,0.0,0.0,0.252252,0.252252,0.0,0.0,0.39,0.39,0.0,0.0,True,ToD,batch_contention_aware_ml,78.6,0.9977,False,True
GS-JOB-000441,operations,DATA_PROCESSING,IN-TG,1.596,34,2026-09-08T18:09:20.000345,2026-09-08T18:43:20.000345,533.0,0.850668,0.850668,0.0,0.0,0.136937,0.136937,0.0,0.0,11.41,11.41,0.0,0.0,True,ToD,batch_contention_aware_ml,24.3,0.9977,False,True
GS-JOB-000442,data-engineering,ETL,IN-GJ,8.25,75,2026-09-09T02:00:00,2026-09-09T03:15:00,631.0,5.20575,5.37075,0.165,3.07,0.44055,0.396,-0.04455,-11.25,36.71,33.0,-3.71,7.84,True,ToD,batch_contention_aware_ml,22.9,0.2516,False,True
GS-JOB-000443,operations,BACKUP,IN-WB,11.88,99,2026-09-08T18:09:20.000345,2026-09-08T19:48:20.000345,750.0,8.91,8.91,0.0,0.0,0.634392,0.634392,0.0,0.0,52.87,52.87,0.0,0.0,True,ToD,batch_contention_aware_ml,57.1,0.9977,False,True
GS-JOB-000444,finance,REPORT_GENERATION,IN-PB,8.077,118,2026-09-08T18:09:20.000345,2026-09-08T20:07:20.000345,493.0,3.981961,3.981961,0.0,0.0,0.581544,0.581544,0.0,0.0,48.46,48.46,0.0,0.0,True,ToD,batch_contention_aware_ml,95.7,0.9977,False,True
GS-JOB-000445,ml-platform,ANALYTICS,US-CA,1.935,27,2026-09-08T18:09:20.000345,2026-09-08T18:36:20.000345,134.0,0.25929,0.25929,0.0,0.0,0.222177,0.222177,0.0,0.0,0.22,0.22,0.0,0.0,True,ToD,batch_contention_aware_ml,100.0,0.9977,True,True
GS-JOB-000446,data-engineering,ETL,US-NY,5.822,49,2026-09-08T18:09:20.000345,2026-09-08T18:58:20.000345,346.0,2.014412,2.014412,0.0,0.0,1.210976,1.210976,0.0,0.0,1.21,1.21,0.0,0.0,True,Demand,batch_contention_aware_ml,34.3,0.9977,False,True
GS-JOB-000447,operations,REPORT_GENERATION,US-TX,6.38,66,2026-09-08T18:09:20.000345,2026-09-08T19:15:20.000345,340.0,2.1692,2.1692,0.0,0.0,0.39043,0.39043,0.0,0.0,0.39,0.39,0.0,0.0,True,Flat,batch_contention_aware_ml,25.7,0.9977,False,True
GS-JOB-000448,finance,REPORT_GENERATION,SE,11.289,128,2026-09-08T18:09:20.000345,2026-09-08T20:17:20.000345,19.0,0.214491,0.214491,0.0,0.0,0.036463,0.036463,0.0,0.0,0.38,0.38,0.0,0.0,False,Demand,batch_contention_aware_ml,22.9,0.9977,False,True
GS-JOB-000449,analytics,BACKUP,AU-SA-Large,3.432,86,2026-09-08T18:09:20.000345,2026-09-08T19:35:20.000345,38.0,0.130416,0.130416,0.0,0.0,0.0,0.0,0.0,0.0,0.0,0.0,0.0,0.0,True,Demand,batch_contention_aware_ml,25.7,0.9977,False,True
GS-JOB-000450,data-engineering,ETL,AU-SA-Small,3.335,69,2026-09-08T18:09:20.000345,2026-09-08T19:18:20.000345,38.0,0.12673,0.12673,0.0,0.0,0.195098,0.195098,0.0,0.0,0.3,0.3,0.0,0.0,True,ToD,batch_contention_aware_ml,70.0,0.9977,False,True
GS-JOB-000451,operations,BACKUP,IN-TG,8.7,87,2026-09-08T18:09:20.000345,2026-09-08T19:36:20.000345,533.0,4.6371,4.6371,0.0,0.0,0.74646,0.74646,0.0,0.0,62.2,62.2,0.0,0.0,True,ToD,batch_contention_aware_ml,17.1,0.9977,False,True
GS-JOB-000452,analytics,ANALYTICS,IN-GJ,3.08,42,2026-09-08T18:09:20.000345,2026-09-08T18:51:20.000345,651.0,2.00508,2.00508,0.0,0.0,0.14784,0.14784,0.0,0.0,12.32,12.32,0.0,0.0,True,ToD,batch_contention_aware_ml,57.1,0.9977,False,True
GS-JOB-000453,operations,BACKUP,IN-WB,9.453,82,2026-09-08T18:09:20.000345,2026-09-08T19:31:20.000345,750.0,7.08975,7.08975,0.0,0.0,0.50479,0.50479,0.0,0.0,42.07,42.07,0.0,0.0,True,ToD,batch_contention_aware_ml,31.4,0.9977,False,True
GS-JOB-000454,operations,DATA_PROCESSING,IN-PB,3.103,64,2026-09-09T08:00:00,2026-09-09T09:04:00,329.0,1.020887,1.529779,0.508892,33.27,0.260652,0.223416,-0.037236,-16.67,21.72,18.62,-3.1,13.84,True,ToD,batch_contention_aware_ml,31.4,0.2516,False,True
GS-JOB-000455,data-engineering,ETL,US-CA,15.111,124,2026-09-08T21:00:00,2026-09-08T23:04:00,187.0,2.825757,2.024874,0.0,0.0,2.149842,1.735045,-0.414797,-23.91,2.15,1.74,-0.41,2.84,True,ToD,batch_contention_aware_ml,84.3,0.2516,True,True
GS-JOB-000456,data-engineering,IMAGE_PROCESSING,US-NY,66.744,247,2026-09-08T18:09:20.000345,2026-09-08T22:16:20.000345,346.0,23.093424,23.093424,0.0,0.0,13.882752,13.882752,0.0,0.0,13.88,13.88,0.0,0.0,True,Demand,batch_contention_aware_ml,97.1,0.9977,False,True
GS-JOB-000457,ml-platform,REPORT_GENERATION,US-TX,4.96,93,2026-09-08T18:09:20.000345,2026-09-08T19:42:20.000345,340.0,1.6864,1.6864,0.0,0.0,0.303532,0.303532,0.0,0.0,0.3,0.3,0.0,0.0,True,Flat,batch_contention_aware_ml,22.9,0.9977,False,True
GS-JOB-000458,finance,ETL,SE,9.9,79,2026-09-08T23:00:00,2026-09-09T00:19:00,15.0,0.1485,0.1881,0.0396,21.05,0.031977,0.031977,0.0,0.0,0.34,0.34,0.0,4.84,True,Demand,batch_contention_aware_ml,94.3,0.2516,True,True
GS-JOB-000459,operations,DATA_PROCESSING,AU-SA-Large,0.962,22,2026-09-08T18:09:20.000345,2026-09-08T18:31:20.000345,38.0,0.036556,0.036556,0.0,0.0,0.0,0.0,0.0,0.0,0.0,0.0,0.0,0.0,True,Demand,batch_contention_aware_ml,64.3,0.9977,False,True
GS-JOB-000460,data-engineering,ETL,AU-SA-Small,17.088,107,2026-09-08T23:00:00,2026-09-09T00:47:00,44.0,0.751872,0.649344,0.0,0.0,0.999648,0.999648,0.0,0.0,1.54,1.54,0.0,4.84,True,ToD,batch_contention_aware_ml,77.1,0.2516,True,True
GS-JOB-000461,ml-platform,ANALYTICS,IN-TG,1.33,23,2026-09-08T18:09:20.000345,2026-09-08T18:32:20.000345,533.0,0.70889,0.70889,0.0,0.0,0.114114,0.114114,0.0,0.0,9.51,9.51,0.0,0.0,True,ToD,batch_contention_aware_ml,27.1,0.9977,False,True
GS-JOB-000462,ml-platform,ML_TRAINING,IN-GJ,179.904,562,2026-09-08T18:09:20.000345,2026-09-09T03:31:20.000345,651.0,117.117504,117.117504,0.0,0.0,8.635392,8.635392,0.0,0.0,719.62,719.62,0.0,0.0,True,ToD,batch_contention_aware_ml,90.0,0.9977,False,True
GS-JOB-000463,data-engineering,ETL,IN-WB,10.778,190,2026-09-08T18:09:20.000345,2026-09-08T21:19:20.000345,750.0,8.0835,8.0835,0.0,0.0,0.575545,0.575545,0.0,0.0,47.96,47.96,0.0,0.0,True,ToD,batch_contention_aware_ml,65.7,0.9977,False,True
GS-JOB-000464,operations,BACKUP,IN-PB,3.835,39,2026-09-09T08:00:00,2026-09-09T08:39:00,329.0,1.261715,1.890655,0.62894,33.27,0.32214,0.27612,-0.04602,-16.67,26.84,23.01,-3.83,13.84,True,ToD,batch_contention_aware_ml,30.0,0.2516,False,True
GS-JOB-000465,ml-platform,ML_TRAINING,US-CA,208.128,461,2026-09-08T18:09:20.000345,2026-09-09T01:50:20.000345,134.0,27.889152,27.889152,0.0,0.0,23.897257,23.897257,0.0,0.0,23.9,23.9,0.0,0.0,True,ToD,batch_contention_aware_ml,80.0,0.9977,False,True
GS-JOB-000466,operations,DATA_PROCESSING,US-NY,2.96,48,2026-09-09T07:00:00,2026-09-09T07:48:00,316.0,0.93536,1.02416,0.0888,8.67,0.61568,0.61568,0.0,0.0,0.62,0.62,0.0,12.84,True,Demand,batch_contention_aware_ml,75.7,0.2516,False,True
GS-JOB-000467,operations,DATA_PROCESSING,US-TX,4.94,78,2026-09-08T21:00:00,2026-09-08T22:18:00,342.0,1.68948,1.6796,0.0,0.0,0.302308,0.302308,0.0,0.0,0.3,0.3,0.0,2.84,True,Flat,batch_contention_aware_ml,82.9,0.2516,True,True
GS-JOB-000468,data-engineering,ETL,SE,10.033,76,2026-09-08T18:09:20.000345,2026-09-08T19:25:20.000345,19.0,0.190627,0.190627,0.0,0.0,0.032407,0.032407,0.0,0.0,0.34,0.34,0.0,0.0,True,Demand,batch_contention_aware_ml,61.4,0.9977,False,True
GS-JOB-000469,data-engineering,ETL,AU-SA-Large,8.769,142,2026-09-08T18:09:20.000345,2026-09-08T20:31:20.000345,38.0,0.333222,0.333222,0.0,0.0,0.0,0.0,0.0,0.0,0.0,0.0,0.0,0.0,True,Demand,batch_contention_aware_ml,28.6,0.9977,False,True
GS-JOB-000470,data-engineering,ETL,AU-SA-Small,9.261,206,2026-09-09T00:00:00,2026-09-09T03:26:00,45.0,0.416745,0.351918,0.0,0.0,0.541768,0.541768,0.0,0.0,0.83,0.83,0.0,5.84,True,ToD,batch_contention_aware_ml,98.6,0.2516,True,True
GS-JOB-000471,operations,BACKUP,IN-TG,13.16,113,2026-09-09T08:00:00,2026-09-09T09:53:00,382.0,5.02712,7.01428,1.98716,28.33,1.129128,1.129128,0.0,0.0,94.09,94.09,0.0,13.84,True,ToD,batch_contention_aware_ml,17.1,0.2516,False,True
GS-JOB-000472,operations,DATA_PROCESSING,IN-GJ,4.8,90,2026-09-08T18:09:20.000345,2026-09-08T19:39:20.000345,651.0,3.1248,3.1248,0.0,0.0,0.2304,0.2304,0.0,0.0,19.2,19.2,0.0,0.0,True,ToD,batch_contention_aware_ml,100.0,0.9977,True,True
GS-JOB-000473,operations,DATA_PROCESSING,IN-WB,1.926,64,2026-09-08T19:00:00,2026-09-08T20:04:00,755.0,1.45413,1.4445,0.0,0.0,0.102848,0.102848,0.0,0.0,8.57,8.57,0.0,0.84,True,ToD,batch_contention_aware_ml,97.1,0.2516,True,True
GS-JOB-000474,operations,BACKUP,IN-PB,12.802,104,2026-09-08T18:09:20.000345,2026-09-08T19:53:20.000345,493.0,6.311386,6.311386,0.0,0.0,0.921744,0.921744,0.0,0.0,76.81,76.81,0.0,0.0,True,ToD,batch_contention_aware_ml,100.0,0.9977,True,True
GS-JOB-000475,finance,DATA_PROCESSING,US-CA,1.26,21,2026-09-08T19:00:00,2026-09-08T19:21:00,168.0,0.21168,0.16884,0.0,0.0,0.144673,0.144673,0.0,0.0,0.14,0.14,0.0,0.84,True,ToD,batch_contention_aware_ml,100.0,0.2516,True,True
GS-JOB-000476,data-engineering,ML_TRAINING,US-NY,110.986,253,2026-09-08T18:09:20.000345,2026-09-08T22:22:20.000345,346.0,38.401156,38.401156,0.0,0.0,23.085088,23.085088,0.0,0.0,23.09,23.09,0.0,0.0,True,Demand,batch_contention_aware_ml,71.4,0.9977,False,True
GS-JOB-000477,data-engineering,ETL,US-TX,28.032,175,2026-09-08T20:00:00,2026-09-08T22:55:00,329.0,9.222528,9.53088,0.308352,3.24,1.715446,1.715446,0.0,0.0,1.72,1.72,0.0,1.84,True,Flat,batch_contention_aware_ml,87.1,0.2516,True,True
GS-JOB-000478,operations,REPORT_GENERATION,SE,8.874,92,2026-09-08T22:00:00,2026-09-08T23:32:00,15.0,0.13311,0.168606,0.035496,21.05,0.028663,0.028663,0.0,0.0,0.3,0.3,0.0,3.84,True,Demand,batch_contention_aware_ml,61.4,0.2516,False,True
GS-JOB-000479,operations,DATA_PROCESSING,AU-SA-Large,1.296,43,2026-09-08T23:00:00,2026-09-08T23:43:00,44.0,0.057024,0.049248,0.0,0.0,0.0,0.0,0.0,0.0,0.0,0.0,0.0,4.84,True,Demand,batch_contention_aware_ml,32.9,0.2516,True,True
GS-JOB-000480,ml-platform,ETL,AU-SA-Small,8.52,128,2026-09-08T23:00:00,2026-09-09T01:08:00,44.0,0.37488,0.32376,0.0,0.0,0.49842,0.49842,0.0,0.0,0.77,0.77,0.0,4.84,True,ToD,batch_contention_aware_ml,42.9,0.2516,True,True
GS-JOB-000481,data-engineering,ETL,IN-TG,17.484,113,2026-09-09T08:00:00,2026-09-09T09:53:00,382.0,6.678888,9.318972,2.640084,28.33,1.500127,1.500127,0.0,0.0,125.01,125.01,0.0,13.84,True,ToD,batch_contention_aware_ml,22.9,0.2516,False,True
GS-JOB-000482,ml-platform,ML_TRAINING,IN-GJ,76.83,234,2026-09-08T19:00:00,2026-09-08T22:54:00,678.0,52.09074,50.01633,0.0,0.0,3.68784,3.68784,0.0,0.0,307.32,307.32,0.0,0.84,True,ToD,batch_contention_aware_ml,100.0,0.2516,True,True
GS-JOB-000483,ml-platform,ML_TRAINING,IN-WB,87.48,216,2026-09-08T19:00:00,2026-09-08T22:36:00,755.0,66.0474,65.61,0.0,0.0,4.671432,4.671432,0.0,0.0,389.29,389.29,0.0,0.84,True,ToD,batch_contention_aware_ml,97.1,0.2516,True,True
GS-JOB-000484,operations,ANALYTICS,IN-PB,0.48,18,2026-09-08T18:09:20.000345,2026-09-08T18:27:20.000345,493.0,0.23664,0.23664,0.0,0.0,0.03456,0.03456,0.0,0.0,2.88,2.88,0.0,0.0,True,ToD,batch_contention_aware_ml,21.4,0.9977,False,True
GS-JOB-000485,finance,BACKUP,US-CA,6.54,131,2026-09-08T22:00:00,2026-09-09T00:11:00,209.0,1.36686,0.87636,0.0,0.0,0.930446,0.750923,-0.179523,-23.91,0.93,0.75,-0.18,3.84,True,ToD,batch_contention_aware_ml,57.1,0.2516,True,True
GS-JOB-000486,data-engineering,ETL,US-NY,12.76,139,2026-09-08T18:09:20.000345,2026-09-08T20:28:20.000345,346.0,4.41496,4.41496,0.0,0.0,2.65408,2.65408,0.0,0.0,2.65,2.65,0.0,0.0,True,Demand,batch_contention_aware_ml,60.0,0.9977,False,True
GS-JOB-000487,ml-platform,ML_TRAINING,US-TX,54.54,182,2026-09-08T18:09:20.000345,2026-09-08T21:11:20.000345,340.0,18.5436,18.5436,0.0,0.0,3.33763,3.33763,0.0,0.0,3.34,3.34,0.0,0.0,False,Flat,batch_contention_aware_ml,11.4,0.9977,False,True
GS-JOB-000488,finance,REPORT_GENERATION,SE,14.82,156,2026-09-08T18:09:20.000345,2026-09-08T20:45:20.000345,19.0,0.28158,0.28158,0.0,0.0,0.047869,0.047869,0.0,0.0,0.5,0.5,0.0,0.0,True,Demand,batch_contention_aware_ml,2.9,0.9977,False,True
GS-JOB-000489,data-engineering,ETL,AU-SA-Large,9.45,105,2026-09-08T18:09:20.000345,2026-09-08T19:54:20.000345,38.0,0.3591,0.3591,0.0,0.0,0.0,0.0,0.0,0.0,0.0,0.0,0.0,0.0,True,Demand,batch_contention_aware_ml,100.0,0.9977,False,True
GS-JOB-000490,data-engineering,ETL,AU-SA-Small,2.645,69,2026-09-09T00:00:00,2026-09-09T01:09:00,45.0,0.119025,0.10051,0.0,0.0,0.154733,0.154733,0.0,0.0,0.24,0.24,0.0,5.84,True,ToD,batch_contention_aware_ml,100.0,0.2516,True,True
GS-JOB-000491,ml-platform,ANALYTICS,IN-TG,1.786,28,2026-09-08T18:09:20.000345,2026-09-08T18:37:20.000345,533.0,0.951938,0.951938,0.0,0.0,0.153239,0.153239,0.0,0.0,12.77,12.77,0.0,0.0,True,ToD,batch_contention_aware_ml,100.0,0.9977,True,True
GS-JOB-000492,operations,DATA_PROCESSING,IN-GJ,1.612,31,2026-09-08T19:00:00,2026-09-08T19:31:00,678.0,1.092936,1.049412,0.0,0.0,0.077376,0.077376,0.0,0.0,6.45,6.45,0.0,0.84,True,ToD,batch_contention_aware_ml,85.7,0.2516,True,True
GS-JOB-000493,data-engineering,ETL,IN-WB,2.236,31,2026-09-08T18:09:20.000345,2026-09-08T18:40:20.000345,750.0,1.677,1.677,0.0,0.0,0.119402,0.119402,0.0,0.0,9.95,9.95,0.0,0.0,True,ToD,batch_contention_aware_ml,68.6,0.9977,False,True
GS-JOB-000494,data-engineering,ETL,IN-PB,7.672,82,2026-09-09T05:00:00,2026-09-09T06:22:00,334.0,2.562448,3.782296,1.219848,32.25,0.644448,0.552384,-0.092064,-16.67,53.7,46.03,-7.67,10.84,True,ToD,batch_contention_aware_ml,17.1,0.2516,False,True
GS-JOB-000495,ml-platform,ETL,US-CA,17.595,153,2026-09-08T18:09:20.000345,2026-09-08T20:42:20.000345,134.0,2.35773,2.35773,0.0,0.0,2.020258,2.020258,0.0,0.0,2.02,2.02,0.0,0.0,True,ToD,batch_contention_aware_ml,25.7,0.9977,False,True
GS-JOB-000496,ml-platform,ML_TRAINING,US-NY,28.975,183,2026-09-08T18:09:20.000345,2026-09-08T21:12:20.000345,346.0,10.02535,10.02535,0.0,0.0,6.0268,6.0268,0.0,0.0,6.03,6.03,0.0,0.0,True,Demand,batch_contention_aware_ml,28.6,0.9977,False,True
GS-JOB-000497,data-engineering,ETL,US-TX,6.125,147,2026-09-08T21:00:00,2026-09-08T23:27:00,342.0,2.09475,2.0825,0.0,0.0,0.374825,0.374825,0.0,0.0,0.37,0.37,0.0,2.84,True,Flat,batch_contention_aware_ml,84.3,0.2516,True,True
GS-JOB-000498,analytics,ETL,SE,14.28,101,2026-09-08T22:00:00,2026-09-08T23:41:00,15.0,0.2142,0.27132,0.05712,21.05,0.046124,0.046124,0.0,0.0,0.49,0.49,0.0,3.84,True,Demand,batch_contention_aware_ml,44.3,0.2516,False,True
GS-JOB-000499,operations,BACKUP,AU-SA-Large,13.872,163,2026-09-08T23:00:00,2026-09-09T01:43:00,44.0,0.610368,0.527136,0.0,0.0,0.0,0.0,0.0,0.0,0.0,0.0,0.0,4.84,True,Demand,batch_contention_aware_ml,31.4,0.2516,True,True
GS-JOB-000500,ml-platform,ANALYTICS,AU-SA-Small,1.435,21,2026-09-08T18:09:20.000345,2026-09-08T18:30:20.000345,38.0,0.05453,0.05453,0.0,0.0,0.083948,0.083948,0.0,0.0,0.13,0.13,0.0,0.0,True,ToD,batch_contention_aware_ml,45.7,0.9977,False,True
GS-JOB-000501,analytics,REPORT_GENERATION,IN-TG,9.765,130,2026-09-09T03:00:00,2026-09-09T05:10:00,444.0,4.33566,5.204745,0.869085,16.7,0.896427,0.837837,-0.05859,-6.99,74.7,69.82,-4.88,8.84,True,ToD,batch_contention_aware_ml,8.6,0.2516,False,True
GS-JOB-000502,operations,DATA_PROCESSING,IN-GJ,1.591,26,2026-09-09T07:00:00,2026-09-09T07:26:00,504.0,0.801864,1.035741,0.233877,22.58,0.064913,0.076368,0.011455,15.0,5.41,6.36,0.95,12.84,True,ToD,batch_contention_aware_ml,38.6,0.2516,False,True
GS-JOB-000503,data-engineering,ETL,IN-WB,8.624,235,2026-09-08T18:09:20.000345,2026-09-08T22:04:20.000345,750.0,6.468,6.468,0.0,0.0,0.460522,0.460522,0.0,0.0,38.38,38.38,0.0,0.0,True,ToD,batch_contention_aware_ml,81.4,0.9977,False,True
GS-JOB-000504,ml-platform,ANALYTICS,IN-PB,2.088,35,2026-09-08T18:09:20.000345,2026-09-08T18:44:20.000345,493.0,1.029384,1.029384,0.0,0.0,0.150336,0.150336,0.0,0.0,12.53,12.53,0.0,0.0,True,ToD,batch_contention_aware_ml,20.0,0.9977,False,True
GS-JOB-000505,analytics,ETL,US-CA,24.24,182,2026-09-08T22:00:00,2026-09-09T01:02:00,209.0,5.06616,3.24816,0.0,0.0,3.448625,2.783237,-0.665388,-23.91,3.45,2.78,-0.67,3.84,True,ToD,batch_contention_aware_ml,75.7,0.2516,True,True
GS-JOB-000506,operations,DATA_PROCESSING,US-NY,3.051,68,2026-09-09T06:00:00,2026-09-09T07:08:00,317.0,0.967167,1.055646,0.088479,8.38,0.634608,0.634608,0.0,0.0,0.63,0.63,0.0,11.84,True,Demand,batch_contention_aware_ml,10.0,0.2516,False,True
GS-JOB-000507,operations,REPORT_GENERATION,US-TX,4.15,50,2026-09-08T18:09:20.000345,2026-09-08T18:59:20.000345,340.0,1.411,1.411,0.0,0.0,0.253963,0.253963,0.0,0.0,0.25,0.25,0.0,0.0,True,Flat,batch_contention_aware_ml,57.1,0.9977,True,True
GS-JOB-000508,operations,ETL,SE,13.4,161,2026-09-08T22:00:00,2026-09-09T00:41:00,15.0,0.201,0.2546,0.0536,21.05,0.043282,0.043282,0.0,0.0,0.46,0.46,0.0,3.84,True,Demand,batch_contention_aware_ml,74.3,0.2516,False,True
GS-JOB-000509,ml-platform,ETL,AU-SA-Large,5.005,86,2026-09-08T23:00:00,2026-09-09T00:26:00,44.0,0.22022,0.19019,0.0,0.0,0.0,0.0,0.0,0.0,0.0,0.0,0.0,4.84,True,Demand,batch_contention_aware_ml,25.7,0.2516,True,True
GS-JOB-000510,operations,DATA_PROCESSING,AU-SA-Small,2.825,68,2026-09-09T19:00:00,2026-09-09T20:08:00,43.0,0.121475,0.10735,0.0,0.0,0.165263,0.165263,0.0,0.0,0.25,0.25,0.0,24.84,True,ToD,batch_contention_aware_ml,1.4,0.2516,True,True
GS-JOB-000511,data-engineering,ETL,IN-TG,17.325,135,2026-09-08T20:00:00,2026-09-08T22:15:00,563.0,9.753975,9.234225,0.0,0.0,1.486485,1.486485,0.0,0.0,123.87,123.87,0.0,1.84,True,ToD,batch_contention_aware_ml,72.9,0.2516,True,True
GS-JOB-000512,operations,BACKUP,IN-GJ,10.441,118,2026-09-08T18:09:20.000345,2026-09-08T20:07:20.000345,651.0,6.797091,6.797091,0.0,0.0,0.501168,0.501168,0.0,0.0,41.76,41.76,0.0,0.0,True,ToD,batch_contention_aware_ml,60.0,0.9977,False,True
GS-JOB-000513,operations,BACKUP,IN-WB,7.45,179,2026-09-08T18:09:20.000345,2026-09-08T21:08:20.000345,750.0,5.5875,5.5875,0.0,0.0,0.39783,0.39783,0.0,0.0,33.15,33.15,0.0,0.0,True,ToD,batch_contention_aware_ml,84.3,0.9977,False,True
GS-JOB-000514,data-engineering,ETL,IN-PB,17.82,162,2026-09-08T20:00:00,2026-09-08T22:42:00,518.0,9.23076,8.78526,0.0,0.0,1.28304,1.28304,0.0,0.0,106.92,106.92,0.0,1.84,True,ToD,batch_contention_aware_ml,84.3,0.2516,True,True
GS-JOB-000515,finance,REPORT_GENERATION,US-CA,1.482,34,2026-09-08T18:09:20.000345,2026-09-08T18:43:20.000345,134.0,0.198588,0.198588,0.0,0.0,0.170163,0.170163,0.0,0.0,0.17,0.17,0.0,0.0,True,ToD,batch_contention_aware_ml,45.7,0.9977,False,True
GS-JOB-000516,analytics,ETL,US-NY,14.85,178,2026-09-09T07:00:00,2026-09-09T09:58:00,316.0,4.6926,5.1381,0.4455,8.67,3.0888,3.0888,0.0,0.0,3.09,3.09,0.0,12.84,True,Demand,batch_contention_aware_ml,24.3,0.2516,False,True
GS-JOB-000517,finance,REPORT_GENERATION,US-TX,9.962,176,2026-09-08T21:00:00,2026-09-08T23:56:00,342.0,3.407004,3.38708,0.0,0.0,0.609635,0.609635,0.0,0.0,0.61,0.61,0.0,2.84,True,Flat,batch_contention_aware_ml,80.0,0.2516,True,True
GS-JOB-000518,ml-platform,ML_TRAINING,SE,77.745,128,2026-09-08T18:09:20.000345,2026-09-08T20:17:20.000345,19.0,1.477155,1.477155,0.0,0.0,0.251116,0.251116,0.0,0.0,2.64,2.64,0.0,0.0,False,Demand,batch_contention_aware_ml,41.4,0.9977,False,True
GS-JOB-000519,analytics,REPORT_GENERATION,AU-SA-Large,6.39,85,2026-09-08T23:00:00,2026-09-09T00:25:00,44.0,0.28116,0.24282,0.0,0.0,0.0,0.0,0.0,0.0,0.0,0.0,0.0,4.84,True,Demand,batch_contention_aware_ml,14.3,0.2516,True,True
GS-JOB-000520,analytics,IMAGE_PROCESSING,AU-SA-Small,68.6,206,2026-09-08T23:00:00,2026-09-09T02:26:00,44.0,3.0184,2.6068,0.0,0.0,4.0131,4.0131,0.0,0.0,6.17,6.17,0.0,4.84,True,ToD,batch_contention_aware_ml,37.1,0.2516,True,True
GS-JOB-000521,finance,REPORT_GENERATION,IN-TG,2.603,82,2026-09-09T08:00:00,2026-09-09T09:22:00,382.0,0.994346,1.387399,0.393053,28.33,0.223337,0.223337,0.0,0.0,18.61,18.61,0.0,13.84,True,ToD,batch_contention_aware_ml,45.7,0.2516,False,True
GS-JOB-000522,data-engineering,ETL,IN-GJ,36.0,240,2026-09-08T18:09:20.000345,2026-09-08T22:09:20.000345,651.0,23.436,23.436,0.0,0.0,1.728,1.728,0.0,0.0,144.0,144.0,0.0,0.0,True,ToD,batch_contention_aware_ml,8.6,0.9977,False,True
GS-JOB-000523,finance,REPORT_GENERATION,IN-WB,3.652,50,2026-09-09T14:00:00,2026-09-09T14:50:00,742.0,2.709784,2.739,0.029216,1.07,0.479873,0.195017,-0.284856,-146.07,39.99,16.25,-23.74,19.84,True,ToD,batch_contention_aware_ml,2.9,0.9977,False,True
GS-JOB-000524,ml-platform,ML_TRAINING,IN-PB,335.35,570,2026-09-08T20:00:00,2026-09-09T05:30:00,518.0,173.7113,165.32755,0.0,0.0,24.1452,24.1452,0.0,0.0,2012.1,2012.1,0.0,1.84,True,ToD,batch_contention_aware_ml,78.6,0.2516,True,True
GS-JOB-000525,data-engineering,REPORT_GENERATION,US-CA,13.662,152,2026-09-08T18:09:20.000345,2026-09-08T20:41:20.000345,134.0,1.830708,1.830708,0.0,0.0,1.568671,1.568671,0.0,0.0,1.57,1.57,0.0,0.0,False,ToD,batch_contention_aware_ml,8.6,0.9977,False,True
GS-JOB-000526,data-engineering,ETL,US-NY,27.846,214,2026-09-08T18:09:20.000345,2026-09-08T21:43:20.000345,346.0,9.634716,9.634716,0.0,0.0,5.791968,5.791968,0.0,0.0,5.79,5.79,0.0,0.0,True,Demand,batch_contention_aware_ml,100.0,0.9977,True,True
GS-JOB-000527,operations,ETL,US-TX,6.596,41,2026-09-08T19:00:00,2026-09-08T19:41:00,327.0,2.156892,2.24264,0.085748,3.82,0.403649,0.403649,0.0,0.0,0.4,0.4,0.0,0.84,True,Flat,batch_contention_aware_ml,40.0,0.2516,False,True
GS-JOB-000528,analytics,ETL,SE,7.182,80,2026-09-08T20:00:00,2026-09-08T21:20:00,16.0,0.114912,0.136458,0.021546,15.79,0.023198,0.023198,0.0,0.0,0.24,0.24,0.0,1.84,True,Demand,batch_contention_aware_ml,34.3,0.2516,False,True
GS-JOB-000529,operations,BACKUP,AU-SA-Large,9.72,97,2026-09-08T23:00:00,2026-09-09T00:37:00,44.0,0.42768,0.36936,0.0,0.0,0.0,0.0,0.0,0.0,0.0,0.0,0.0,4.84,True,Demand,batch_contention_aware_ml,22.9,0.2516,True,True
GS-JOB-000530,operations,DATA_PROCESSING,AU-SA-Small,2.352,67,2026-09-08T18:09:20.000345,2026-09-08T19:16:20.000345,38.0,0.089376,0.089376,0.0,0.0,0.137592,0.137592,0.0,0.0,0.21,0.21,0.0,0.0,True,ToD,batch_contention_aware_ml,47.1,0.9977,False,True
GS-JOB-000531,data-engineering,ETL,IN-TG,29.068,203,2026-09-09T08:00:00,2026-09-09T11:23:00,382.0,11.103976,15.493244,4.389268,28.33,2.494034,2.494034,0.0,0.0,207.84,207.84,0.0,13.84,True,ToD,batch_contention_aware_ml,32.9,0.2516,False,True
GS-JOB-000532,ml-platform,ML_TRAINING,IN-GJ,313.775,489,2026-09-09T07:00:00,2026-09-09T15:09:00,504.0,158.1426,204.267525,46.124925,22.58,12.80202,15.0612,2.25918,15.0,1066.84,1255.1,188.26,12.84,True,ToD,batch_contention_aware_ml,24.3,0.2516,False,True
GS-JOB-000533,operations,ETL,IN-WB,21.08,204,2026-09-08T18:09:20.000345,2026-09-08T21:33:20.000345,750.0,15.81,15.81,0.0,0.0,1.125672,1.125672,0.0,0.0,93.81,93.81,0.0,0.0,True,ToD,batch_contention_aware_ml,40.0,0.9977,False,True
GS-JOB-000534,data-engineering,ETL,IN-PB,2.4,60,2026-09-09T05:00:00,2026-09-09T06:00:00,334.0,0.8016,1.1832,0.3816,32.25,0.2016,0.1728,-0.0288,-16.67,16.8,14.4,-2.4,10.84,True,ToD,batch_contention_aware_ml,24.3,0.2516,False,True
GS-JOB-000535,data-engineering,ETL,US-CA,11.529,110,2026-09-08T18:09:20.000345,2026-09-08T19:59:20.000345,134.0,1.544886,1.544886,0.0,0.0,1.32376,1.32376,0.0,0.0,1.32,1.32,0.0,0.0,True,ToD,batch_contention_aware_ml,37.1,0.9977,False,True
GS-JOB-000536,ml-platform,ETL,US-NY,27.048,193,2026-09-08T20:00:00,2026-09-08T23:13:00,351.0,9.493848,9.358608,0.0,0.0,5.625984,5.625984,0.0,0.0,5.63,5.63,0.0,1.84,True,Demand,batch_contention_aware_ml,77.1,0.2516,True,True
GS-JOB-000537,data-engineering,ETL,US-TX,16.75,201,2026-09-08T21:00:00,2026-09-09T00:21:00,342.0,5.7285,5.695,0.0,0.0,1.025033,1.025033,0.0,0.0,1.02,1.02,0.0,2.84,True,Flat,batch_contention_aware_ml,68.6,0.2516,True,True
GS-JOB-000538,finance,REPORT_GENERATION,SE,5.221,136,2026-09-08T22:00:00,2026-09-09T00:16:00,15.0,0.078315,0.099199,0.020884,21.05,0.016864,0.016864,0.0,0.0,0.18,0.18,0.0,3.84,True,Demand,batch_contention_aware_ml,84.3,0.2516,False,True
GS-JOB-000539,finance,REPORT_GENERATION,AU-SA-Large,15.39,171,2026-09-08T23:00:00,2026-09-09T01:51:00,44.0,0.67716,0.58482,0.0,0.0,0.0,0.0,0.0,0.0,0.0,0.0,0.0,4.84,True,Demand,batch_contention_aware_ml,82.9,0.2516,True,True
GS-JOB-000540,data-engineering,REPORT_GENERATION,AU-SA-Small,6.92,104,2026-09-08T19:00:00,2026-09-08T20:44:00,50.0,0.346,0.26296,0.0,0.0,0.40482,0.40482,0.0,0.0,0.62,0.62,0.0,0.84,True,ToD,batch_contention_aware_ml,91.4,0.2516,True,True
GS-JOB-000541,ml-platform,ETL,IN-TG,10.08,101,2026-09-09T06:00:00,2026-09-09T07:41:00,388.0,3.91104,5.37264,1.4616,27.2,0.864864,0.864864,0.0,0.0,72.07,72.07,0.0,11.84,True,ToD,batch_contention_aware_ml,5.7,0.2516,False,True
GS-JOB-000542,analytics,IMAGE_PROCESSING,IN-GJ,80.475,333,2026-09-08T19:00:00,2026-09-09T00:33:00,678.0,54.56205,52.389225,0.0,0.0,3.8628,3.8628,0.0,0.0,321.9,321.9,0.0,0.84,True,ToD,batch_contention_aware_ml,78.6,0.2516,True,True
GS-JOB-000543,operations,DATA_PROCESSING,IN-WB,4.25,75,2026-09-09T05:00:00,2026-09-09T06:15:00,744.0,3.162,3.1875,0.0255,0.8,0.38046,0.22695,-0.15351,-67.64,31.7,18.91,-12.79,10.84,True,ToD,batch_contention_aware_ml,17.1,0.2516,False,True
GS-JOB-000544,data-engineering,ETL,IN-PB,11.476,181,2026-09-08T18:09:20.000345,2026-09-08T21:10:20.000345,493.0,5.657668,5.657668,0.0,0.0,0.826272,0.826272,0.0,0.0,68.86,68.86,0.0,0.0,True,ToD,batch_contention_aware_ml,92.9,0.9977,False,True
GS-JOB-000545,operations,REPORT_GENERATION,US-CA,2.66,80,2026-09-08T18:09:20.000345,2026-09-08T19:29:20.000345,134.0,0.35644,0.35644,0.0,0.0,0.305421,0.305421,0.0,0.0,0.31,0.31,0.0,0.0,True,ToD,batch_contention_aware_ml,44.3,0.9977,False,True
GS-JOB-000546,ml-platform,DATA_PROCESSING,US-NY,2.24,84,2026-09-09T07:00:00,2026-09-09T08:24:00,316.0,0.70784,0.77504,0.0672,8.67,0.46592,0.46592,0.0,0.0,0.47,0.47,0.0,12.84,True,Demand,batch_contention_aware_ml,21.4,0.2516,False,True
GS-JOB-000547,operations,DATA_PROCESSING,US-TX,3.432,53,2026-09-08T18:09:20.000345,2026-09-08T19:02:20.000345,340.0,1.16688,1.16688,0.0,0.0,0.210025,0.210025,0.0,0.0,0.21,0.21,0.0,0.0,True,Flat,batch_contention_aware_ml,51.4,0.9977,True,True
GS-JOB-000548,analytics,ETL,SE,15.54,133,2026-09-08T18:09:20.000345,2026-09-08T20:22:20.000345,19.0,0.29526,0.29526,0.0,0.0,0.050194,0.050194,0.0,0.0,0.53,0.53,0.0,0.0,True,Demand,batch_contention_aware_ml,20.0,0.9977,False,True
GS-JOB-000549,operations,ETL,AU-SA-Large,28.801,208,2026-09-08T18:09:20.000345,2026-09-08T21:37:20.000345,38.0,1.094438,1.094438,0.0,0.0,0.0,0.0,0.0,0.0,0.0,0.0,0.0,0.0,True,Demand,batch_contention_aware_ml,94.3,0.9977,False,True
GS-JOB-000550,finance,REPORT_GENERATION,AU-SA-Small,6.845,111,2026-09-08T22:00:00,2026-09-08T23:51:00,45.0,0.308025,0.26011,0.0,0.0,0.400433,0.400433,0.0,0.0,0.62,0.62,0.0,3.84,True,ToD,batch_contention_aware_ml,28.6,0.2516,True,True
GS-JOB-000551,data-engineering,ETL,IN-TG,17.119,194,2026-09-08T19:00:00,2026-09-08T22:14:00,549.0,9.398331,9.124427,0.0,0.0,1.46881,1.46881,0.0,0.0,122.4,122.4,0.0,0.84,True,ToD,batch_contention_aware_ml,94.3,0.2516,True,True
GS-JOB-000552,data-engineering,DATA_PROCESSING,IN-GJ,2.457,38,2026-09-08T18:09:20.000345,2026-09-08T18:47:20.000345,651.0,1.599507,1.599507,0.0,0.0,0.117936,0.117936,0.0,0.0,9.83,9.83,0.0,0.0,True,ToD,batch_contention_aware_ml,20.0,0.9977,False,True
GS-JOB-000553,data-engineering,ETL,IN-WB,5.85,117,2026-09-08T18:09:20.000345,2026-09-08T20:06:20.000345,750.0,4.3875,4.3875,0.0,0.0,0.31239,0.31239,0.0,0.0,26.03,26.03,0.0,0.0,True,ToD,batch_contention_aware_ml,25.7,0.9977,False,True
GS-JOB-000554,operations,DATA_PROCESSING,IN-PB,2.52,63,2026-09-09T08:00:00,2026-09-09T09:03:00,329.0,0.82908,1.24236,0.41328,33.27,0.21168,0.18144,-0.03024,-16.67,17.64,15.12,-2.52,13.84,True,ToD,batch_contention_aware_ml,4.3,0.2516,False,True
GS-JOB-000555,analytics,BACKUP,US-CA,11.072,104,2026-09-08T18:09:20.000345,2026-09-08T19:53:20.000345,134.0,1.483648,1.483648,0.0,0.0,1.271287,1.271287,0.0,0.0,1.27,1.27,0.0,0.0,True,ToD,batch_contention_aware_ml,55.7,0.9977,False,True
GS-JOB-000556,finance,REPORT_GENERATION,US-NY,15.96,168,2026-09-09T07:00:00,2026-09-09T09:48:00,316.0,5.04336,5.52216,0.4788,8.67,3.31968,3.31968,0.0,0.0,3.32,3.32,0.0,12.84,True,Demand,batch_contention_aware_ml,45.7,0.2516,False,True
GS-JOB-000557,finance,DATA_PROCESSING,US-TX,1.296,43,2026-09-08T18:09:20.000345,2026-09-08T18:52:20.000345,340.0,0.44064,0.44064,0.0,0.0,0.07931,0.07931,0.0,0.0,0.08,0.08,0.0,0.0,True,Flat,batch_contention_aware_ml,48.6,0.9977,True,True
GS-JOB-000558,data-engineering,ETL,SE,3.66,73,2026-09-08T23:00:00,2026-09-09T00:13:00,15.0,0.0549,0.06954,0.01464,21.05,0.011822,0.011822,0.0,0.0,0.12,0.12,0.0,4.84,True,Demand,batch_contention_aware_ml,88.6,0.2516,True,True
GS-JOB-000559,analytics,BACKUP,AU-SA-Large,6.758,131,2026-09-08T23:00:00,2026-09-09T01:11:00,44.0,0.297352,0.256804,0.0,0.0,0.0,0.0,0.0,0.0,0.0,0.0,0.0,4.84,True,Demand,batch_contention_aware_ml,41.4,0.2516,True,True
GS-JOB-000560,data-engineering,ETL,AU-SA-Small,8.968,71,2026-09-08T18:09:20.000345,2026-09-08T19:20:20.000345,38.0,0.340784,0.340784,0.0,0.0,0.524628,0.524628,0.0,0.0,0.81,0.81,0.0,0.0,True,ToD,batch_contention_aware_ml,90.0,0.9977,False,True
